country,city,operator,quality
"Argentina","Almirante Brown","AUTOBUSES BS AS SRL- TTE LARRAZABAL SRL- UT","Realtime routing"
"Argentina","Almirante Brown","EMPRESA DE TRANSPORTE DEL SUR SRL","Realtime routing"
"Argentina","Almirante Brown","EXPRESO VILLA GALICIA SAN JOSE S.A.","Realtime routing"
"Argentina","Almirante Brown","GENERAL TOMAS GUIDO S.A.C.I.F.","Realtime routing"
"Argentina","Almirante Brown","MICRO OMNIBUS MITRE S.A.","Realtime routing"
"Argentina","Almirante Brown","MICRO OMNIBUS SUR S.A.C.","Realtime routing"
"Argentina","Almirante Brown","SAN VICENTE S.A. DE TRANSPORTES","Realtime routing"
"Argentina","Almirante Brown","TRANSPORTE AUTOMOTORES LA PLATA SA","Realtime routing"
"Argentina","Almirante Brown","Unidad de Gestión Operativa Ferroviária de Emergencia","Estimated routing"
"Argentina","Avellaneda","COMPAÑIA MICROOMNIBUS LA COLORADA SACI","Realtime routing"
"Argentina","Avellaneda","COMPAÑÍA DE OMNIBUS 25 DE MAYO LINEA 278","Realtime routing"
"Argentina","Avellaneda","EL NUEVO HALCON S.A.","Realtime routing"
"Argentina","Avellaneda","EMP.TRANSP.AUTOM.DE PASAJEROS S.A.C.I.F.","Realtime routing"
"Argentina","Avellaneda","EMPRESA ANTARTIDA ARGENTINA S.A.T.","Realtime routing"
"Argentina","Avellaneda","EXPRESO NUEVE DE JULIO S.A.","Realtime routing"
"Argentina","Avellaneda","EXPRESO QUILMES S.A.","Realtime routing"
"Argentina","Avellaneda","EXPRESO VILLA GALICIA SAN JOSE S.A.","Realtime routing"
"Argentina","Avellaneda","GENERAL TOMAS GUIDO S.A.C.I.F.","Realtime routing"
"Argentina","Avellaneda","LA CENTRAL DE VICENTE LOPEZ S.A.","Realtime routing"
"Argentina","Avellaneda","LINEA 10 S.A.","Realtime routing"
"Argentina","Avellaneda","LINEA 17 S.A.","Realtime routing"
"Argentina","Avellaneda","LINEA 22 S.A.","Realtime routing"
"Argentina","Avellaneda","MICRO OMNIBUS O´HIGGINS S.A.T.","Realtime routing"
"Argentina","Avellaneda","MICROOMNIBUS CUARENTA Y CINCO S.A.C.I.F.","Realtime routing"
"Argentina","Avellaneda","SAN VICENTE S.A. DE TRANSPORTES","Realtime routing"
"Argentina","Avellaneda","TRANSPORTE LARRAZABAL C.I.S.A.","Realtime routing"
"Argentina","Avellaneda","TRANSPORTES 1º SEPTIEMBRE S.A.","Realtime routing"
"Argentina","Avellaneda","TRANSPORTES ALMIRANTE BROWN S.A.","Realtime routing"
"Argentina","Avellaneda","TRANSPORTES AUTOMOTORES RIACHUELO S.A.","Realtime routing"
"Argentina","Avellaneda","Unidad de Gestión Operativa Ferroviária de Emergencia","Estimated routing"
"Argentina","Berazategui","EXPRESO QUILMES S.A.","Realtime routing"
"Argentina","Berazategui","MICRO OMNIBUS QUILMES S.A.C.I. Y F.","Realtime routing"
"Argentina","Berazategui","UNION PLATENSE SRL","Realtime routing"
"Argentina","Berazategui","Unidad de Gestión Operativa Ferroviária de Emergencia","Estimated routing"
"Argentina","Buenos Aires City","17 DE AGOSTO S.A.","Realtime routing"
"Argentina","Buenos Aires City","4 DE SEPTIEMBRE S.A.T.C.P.","Realtime routing"
"Argentina","Buenos Aires City","ALMAFUERTE EMPRESA DE TRANSPORTE S.A.C.I. E I","Realtime routing"
"Argentina","Buenos Aires City","ALMAFUERTE S.A.T.A.C.I.","Realtime routing"
"Argentina","Buenos Aires City","AZUL S.A. DE TRANSPORTE AUTOMOTOR","Realtime routing"
"Argentina","Buenos Aires City","BERNARDINO RIVADAVIA S.A.T.A.","Realtime routing"
"Argentina","Buenos Aires City","BUENOS AIRES BUS SOCIEDAD ANONIMA","Realtime routing"
"Argentina","Buenos Aires City","BUS DEL OESTE S.A.","Realtime routing"
"Argentina","Buenos Aires City","CARDENAS S.A. EMPRESA DE TRANSPORTES","Realtime routing"
"Argentina","Buenos Aires City","COLECTIVEROS UNIDOS S.A.","Realtime routing"
"Argentina","Buenos Aires City","COMPAÑIA MICROOMNIBUS LA COLORADA SACI","Realtime routing"
"Argentina","Buenos Aires City","D.O.T.A. S.A. DE TRANSPORTE AUTOMOTOR","Realtime routing"
"Argentina","Buenos Aires City","D.U.V.I. SOCIEDAD ANONIMA","Realtime routing"
"Argentina","Buenos Aires City","EL NUEVO HALCON S.A.","Realtime routing"
"Argentina","Buenos Aires City","EL PUENTE S.A.T.","Realtime routing"
"Argentina","Buenos Aires City","EMP.DE TRANSP. PEDRO DE MENDOZA C.I.S.A.","Realtime routing"
"Argentina","Buenos Aires City","EMP.DE TRANSP.MICROOMN.SAENZ PEÑA S.R.L.","Realtime routing"
"Argentina","Buenos Aires City","EMP.TRANSP.AUTOM.DE PASAJEROS S.A.C.I.F.","Realtime routing"
"Argentina","Buenos Aires City","EMPRESA ANTARTIDA ARGENTINA S.A.T.","Realtime routing"
"Argentina","Buenos Aires City","EMPRESA DE TRANSP. TTE. GRAL. ROCA S.A","Realtime routing"
"Argentina","Buenos Aires City","EMPRESA DE TRANSPORTE DEL SUR SRL","Realtime routing"
"Argentina","Buenos Aires City","EMPRESA DE TRANSPORTES AMERICA S.A.C.I.","Realtime routing"
"Argentina","Buenos Aires City","EMPRESA LINEA 216 S.A.T.","Realtime routing"
"Argentina","Buenos Aires City","EMPRESA TANDILENSE S.A.C.I.F.I.Y DE S.","Realtime routing"
"Argentina","Buenos Aires City","ERSA URBANO","Realtime routing"
"Argentina","Buenos Aires City","EXPRESO GENERAL SARMIENTO S.A.","Realtime routing"
"Argentina","Buenos Aires City","EXPRESO QUILMES S.A.","Realtime routing"
"Argentina","Buenos Aires City","EXPRESO SAN ISIDRO S.A.T.C.I.F.I.","Realtime routing"
"Argentina","Buenos Aires City","Ferrovías","Estimated routing"
"Argentina","Buenos Aires City","GENERAL PUEYRREDON S.A.T.C.I.","Realtime routing"
"Argentina","Buenos Aires City","GENERAL TOMAS GUIDO S.A.C.I.F.","Realtime routing"
"Argentina","Buenos Aires City","GRUPO LINEA 179 S.A.","Realtime routing"
"Argentina","Buenos Aires City","JUAN B. JUSTO S.A.T.C.I.","Realtime routing"
"Argentina","Buenos Aires City","LA CABAÑA S.A.","Realtime routing"
"Argentina","Buenos Aires City","LA CENTRAL DE ESCOBAR SA","Realtime routing"
"Argentina","Buenos Aires City","LA CENTRAL DE VICENTE LOPEZ S.A.","Realtime routing"
"Argentina","Buenos Aires City","LA NUEVA METROPOL S.A.","Realtime routing"
"Argentina","Buenos Aires City","LA VECINAL DE MATANZA SACI. DE MICROOMNIBUS","Realtime routing"
"Argentina","Buenos Aires City","LINEA 10 S.A.","Realtime routing"
"Argentina","Buenos Aires City","LINEA 17 S.A.","Realtime routing"
"Argentina","Buenos Aires City","LINEA 213 S.A. DE TRANSPORTE","Realtime routing"
"Argentina","Buenos Aires City","LINEA 22 S.A.","Realtime routing"
"Argentina","Buenos Aires City","LINEA 71 S.A.","Realtime routing"
"Argentina","Buenos Aires City","LINEA DE MICROOMNIBUS 47 S.A.T.C.F.I.","Realtime routing"
"Argentina","Buenos Aires City","LINEA EXPRESO LINIERS S.A.I.Y C.","Realtime routing"
"Argentina","Buenos Aires City","LINEA SESENTA SA","Realtime routing"
"Argentina","Buenos Aires City","LOS CONSTITUYENTES S.A.T.","Realtime routing"
"Argentina","Buenos Aires City","M.O.D.O. S.A. DE TRANSPORTE AUTOMOTOR","Realtime routing"
"Argentina","Buenos Aires City","MICRO OMNIBUS NORTE S.A.","Realtime routing"
"Argentina","Buenos Aires City","MICRO OMNIBUS QUILMES S.A.C.I. Y F.","Realtime routing"
"Argentina","Buenos Aires City","MICRO OMNIBUS SUR S.A.C.","Realtime routing"
"Argentina","Buenos Aires City","MICRO OMNIBUS TIGRE S.A.","Realtime routing"
"Argentina","Buenos Aires City","MICROOMNIBUS BARRANCAS DE BELGRANO S.A.","Realtime routing"
"Argentina","Buenos Aires City","MICROOMNIBUS CIUDAD DE BS.AS. S.A.T.C.I","Realtime routing"
"Argentina","Buenos Aires City","MICROOMNIBUS CUARENTA Y CINCO S.A.C.I.F.","Realtime routing"
"Argentina","Buenos Aires City","MICROOMNIBUS SAAVEDRA S.A.T.A.C.I.","Realtime routing"
"Argentina","Buenos Aires City","Manuel Tienda León","Estimated routing"
"Argentina","Buenos Aires City","Metrovías","Estimated routing"
"Argentina","Buenos Aires City","NUDO S.A.","Realtime routing"
"Argentina","Buenos Aires City","NUESTRA SEÑORA DEL ROSARIO S.A. UNION TRANSITORIA","Realtime routing"
"Argentina","Buenos Aires City","NUEVO IDEAL S.A.","Realtime routing"
"Argentina","Buenos Aires City","NUEVOS RUMBOS S.A.T.A.C.I.F.I.","Realtime routing"
"Argentina","Buenos Aires City","ROCARAZA S.A.","Realtime routing"
"Argentina","Buenos Aires City","SAN VICENTE S.A. DE TRANSPORTES","Realtime routing"
"Argentina","Buenos Aires City","SARGENTO CABRAL S.A.DE TRANSPORTE","Realtime routing"
"Argentina","Buenos Aires City","SOCIEDAD ANONIMA EXPRESO SUDOESTE","Realtime routing"
"Argentina","Buenos Aires City","Subte de Buenos Aires","Timetable routing"
"Argentina","Buenos Aires City","TRANPORTES VEINTIDOS DE SETIEMBRE S.A.C.","Realtime routing"
"Argentina","Buenos Aires City","TRANSP. AUTOMOTORES 12 DE OCTUBRE S.A.C.","Realtime routing"
"Argentina","Buenos Aires City","TRANSP. SGTO. CABRAL","Realtime routing"
"Argentina","Buenos Aires City","TRANSPORTE ESCALADA S.A.T.","Realtime routing"
"Argentina","Buenos Aires City","TRANSPORTE IDEAL SAN JUSTO S.A.","Realtime routing"
"Argentina","Buenos Aires City","TRANSPORTE LARRAZABAL C.I.S.A.","Realtime routing"
"Argentina","Buenos Aires City","TRANSPORTE NUEVE DE JULIO SAC.","Realtime routing"
"Argentina","Buenos Aires City","TRANSPORTES 1º SEPTIEMBRE S.A.","Realtime routing"
"Argentina","Buenos Aires City","TRANSPORTES 270 S.A.","Realtime routing"
"Argentina","Buenos Aires City","TRANSPORTES ALMIRANTE BROWN S.A.","Realtime routing"
"Argentina","Buenos Aires City","TRANSPORTES ATLANTIDA S.A.C.","Realtime routing"
"Argentina","Buenos Aires City","TRANSPORTES AUTOMOTORES CALLAO S.A.","Realtime routing"
"Argentina","Buenos Aires City","TRANSPORTES AUTOMOTORES RIACHUELO S.A.","Realtime routing"
"Argentina","Buenos Aires City","TRANSPORTES AVENIDA BERNARDO ADER S.A.","Realtime routing"
"Argentina","Buenos Aires City","TRANSPORTES COLEGIALES S.A.C.I.","Realtime routing"
"Argentina","Buenos Aires City","TRANSPORTES DEL TEJAR S.A.","Realtime routing"
"Argentina","Buenos Aires City","TRANSPORTES LINEA 123 S.A.C.I.","Realtime routing"
"Argentina","Buenos Aires City","TRANSPORTES LOPE DE VEGA S.A.C.I.","Realtime routing"
"Argentina","Buenos Aires City","TRANSPORTES NUEVA CHICAGO C.I.S.A.","Realtime routing"
"Argentina","Buenos Aires City","TRANSPORTES QUIRNO COSTA S.A.C.I.","Realtime routing"
"Argentina","Buenos Aires City","TRANSPORTES RIO GRANDE S.A.C.I.F.","Realtime routing"
"Argentina","Buenos Aires City","TRANSPORTES SAN CAYETANO S.A.C.","Realtime routing"
"Argentina","Buenos Aires City","TRANSPORTES SANTA FE S.A.C.I.","Realtime routing"
"Argentina","Buenos Aires City","TRANSPORTES SESENTA Y OCHO S.R.L.","Realtime routing"
"Argentina","Buenos Aires City","TRANSPORTES SOL DE MAYO C.I.S.A.","Realtime routing"
"Argentina","Buenos Aires City","TRANSPORTES SUR-NOR C.I.S.A.","Realtime routing"
"Argentina","Buenos Aires City","TTES.AUTOMOTORES DE PASAJEROS SIGLO XXI SA","Realtime routing"
"Argentina","Buenos Aires City","Trenes de Buenos Aires","Estimated routing"
"Argentina","Buenos Aires City","UNION TRANSPORTISTAS DE EMPRESAS SA","Realtime routing"
"Argentina","Buenos Aires City","Unidad de Gestión Operativa Ferroviária de Emergencia","Estimated routing"
"Argentina","Buenos Aires City","VUELTA DE ROCHA S.A.T.C.I.","Realtime routing"
"Argentina","General San Martín","COMPAÑIA ISLEÑA S.R.L.","Realtime routing"
"Argentina","General San Martín","COMPAÑIA NOROESTE S.A.T.","Realtime routing"
"Argentina","General San Martín","EXPRESO GENERAL SARMIENTO S.A.","Realtime routing"
"Argentina","General San Martín","LINEA SESENTA SA","Realtime routing"
"Argentina","General San Martín","LOS CONSTITUYENTES S.A.T.","Realtime routing"
"Argentina","General San Martín","TRANSPORTE ESCALADA S.A.T.","Realtime routing"
"Argentina","General San Martín","TRANSPORTE JOSE HERNANDEZ S.A.C.I.","Realtime routing"
"Argentina","General San Martín","TRANSPORTE LARRAZABAL C.I.S.A.","Realtime routing"
"Argentina","General San Martín","TRANSPORTES ATLANTIDA S.A.C.","Realtime routing"
"Argentina","General San Martín","TRANSPORTES VILLA BOSCH SAC el","Realtime routing"
"Argentina","General San Martín","Trenes de Buenos Aires","Estimated routing"
"Argentina","Hurlingham","COMPAÑIA ISLEÑA S.R.L.","Realtime routing"
"Argentina","Hurlingham","EMPRESA DEL OESTE SAT","Realtime routing"
"Argentina","Hurlingham","LINEA 213 S.A. DE TRANSPORTE","Realtime routing"
"Argentina","Hurlingham","Metrovías","Estimated routing"
"Argentina","Hurlingham","SARGENTO CABRAL S.A.DE TRANSPORTE","Realtime routing"
"Argentina","Hurlingham","TRANSPORTE AUTOMOTORES LA PLATA SA","Realtime routing"
"Argentina","Hurlingham","Unidad de Gestión Operativa Ferroviária de Emergencia","Estimated routing"
"Argentina","Ituzaingó","EMPRESA DEL OESTE SAT","Realtime routing"
"Argentina","Ituzaingó","EMPRESA LINEA 216 S.A.T.","Realtime routing"
"Argentina","Ituzaingó","TRANSPORTES LA PERLITA S.A.","Realtime routing"
"Argentina","Ituzaingó","Trenes de Buenos Aires","Estimated routing"
"Argentina","José C. Paz","EMPRESA DEL OESTE SAT","Realtime routing"
"Argentina","José C. Paz","EXPRESO GENERAL SARMIENTO S.A.","Realtime routing"
"Argentina","José C. Paz","EXPRESO PARQUE EL LUCERO S.A. DE TRANSPORTES","Realtime routing"
"Argentina","José C. Paz","LA NUEVA METROPOL S.A.","Realtime routing"
"Argentina","José C. Paz","LA PRIMERA DE GRAND BOURG S.A.","Realtime routing"
"Argentina","José C. Paz","LINEA 213 S.A. DE TRANSPORTE","Realtime routing"
"Argentina","José C. Paz","SARGENTO CABRAL S.A.DE TRANSPORTE","Realtime routing"
"Argentina","José C. Paz","TRANSPORTES ATLANTIDA S.A.C.","Realtime routing"
"Argentina","José C. Paz","Unidad de Gestión Operativa Ferroviária de Emergencia","Estimated routing"
"Argentina","La Plata","EMPRESA LINEA SIETE SAT","Realtime routing"
"Argentina","La Plata","EMPRESA NUEVE DE JULIO S.A.T.","Realtime routing"
"Argentina","La Plata","EXPRESO LA PLATA BUENOS AIRES S.A.","Realtime routing"
"Argentina","La Plata","FUERTE BARRAGAN S.A.T.I.C.I.","Realtime routing"
"Argentina","La Plata","LA NUEVA METROPOL S.A.","Realtime routing"
"Argentina","La Plata","TRANSPORTE LA UNION SA","Realtime routing"
"Argentina","La Plata","UNION PLATENSE SRL","Realtime routing"
"Argentina","La Plata","Unidad de Gestión Operativa Ferroviária de Emergencia","Estimated routing"
"Argentina","Lanús","4 DE SEPTIEMBRE S.A.T.C.P.","Realtime routing"
"Argentina","Lanús","CIA ANDRADE EMPRESA DE TRANSPORTE DE PASAJEROS SRL","Realtime routing"
"Argentina","Lanús","CIA LA PAZ AMADOR MOURE SACIFIYA","Realtime routing"
"Argentina","Lanús","COMPAÑIA MICROOMNIBUS LA COLORADA SACI","Realtime routing"
"Argentina","Lanús","COMPAÑÍA DE OMNIBUS 25 DE MAYO LINEA 278","Realtime routing"
"Argentina","Lanús","D.O.T.A. S.A. DE TRANSPORTE AUTOMOTOR","Realtime routing"
"Argentina","Lanús","EL PUENTE S.A.T.","Realtime routing"
"Argentina","Lanús","EL URBANO SRL","Realtime routing"
"Argentina","Lanús","EMPRESA CINCO DE AGOSTO S.R.L.","Realtime routing"
"Argentina","Lanús","EMPRESA DE TRANSPORTE DEL SUR SRL","Realtime routing"
"Argentina","Lanús","EXPRESO NUEVE DE JULIO S.A.","Realtime routing"
"Argentina","Lanús","GENERAL TOMAS GUIDO S.A.C.I.F.","Realtime routing"
"Argentina","Lanús","GRUPO LINEA 179 S.A.","Realtime routing"
"Argentina","Lanús","LINEA 10 S.A.","Realtime routing"
"Argentina","Lanús","MICRO OMNIBUS AVENIDA S.A.","Realtime routing"
"Argentina","Lanús","MICRO OMNIBUS ESTE S.A","Realtime routing"
"Argentina","Lanús","MICRO OMNIBUS MITRE S.A.","Realtime routing"
"Argentina","Lanús","MICRO OMNIBUS O´HIGGINS S.A.T.","Realtime routing"
"Argentina","Lanús","MICRO OMNIBUS SUR S.A.C.","Realtime routing"
"Argentina","Lanús","MICROOMNIBUS CUARENTA Y CINCO S.A.C.I.F.","Realtime routing"
"Argentina","Lanús","ROCARAZA S.A.","Realtime routing"
"Argentina","Lanús","SAN VICENTE S.A. DE TRANSPORTES","Realtime routing"
"Argentina","Lanús","SOCIEDAD ANONIMA EXPRESO SUDOESTE","Realtime routing"
"Argentina","Lanús","TRANSPORTE LARRAZABAL C.I.S.A.","Realtime routing"
"Argentina","Lanús","TRANSPORTES 270 S.A.","Realtime routing"
"Argentina","Lanús","TRANSPORTES ALMIRANTE BROWN S.A.","Realtime routing"
"Argentina","Lanús","TRANSPORTES AUTOMOTORES LANUS ESTE S.A.","Realtime routing"
"Argentina","Lanús","TRANSPORTES AUTOMOTORES RIACHUELO S.A.","Realtime routing"
"Argentina","Lanús","Unidad de Gestión Operativa Ferroviária de Emergencia","Estimated routing"
"Argentina","Lomas de Zamora","AUTOBUSES BUENOS AIRES SRL","Realtime routing"
"Argentina","Lomas de Zamora","CIA LA PAZ AMADOR MOURE SACIFIYA","Realtime routing"
"Argentina","Lomas de Zamora","COMPAÑÍA DE OMNIBUS 25 DE MAYO LINEA 278","Realtime routing"
"Argentina","Lomas de Zamora","EXPRESO ESTEBAN ECHEVERRIA S.R.L.","Realtime routing"
"Argentina","Lomas de Zamora","EXPRESO VILLA GALICIA SAN JOSE S.A.","Realtime routing"
"Argentina","Lomas de Zamora","GENERAL TOMAS GUIDO S.A.C.I.F.","Realtime routing"
"Argentina","Lomas de Zamora","MICRO OMNIBUS MITRE S.A.","Realtime routing"
"Argentina","Lomas de Zamora","MICRO OMNIBUS SUR S.A.C.","Realtime routing"
"Argentina","Lomas de Zamora","SAN VICENTE S.A. DE TRANSPORTES","Realtime routing"
"Argentina","Lomas de Zamora","TRANSPORTE AUTOMOTORES LA PLATA SA","Realtime routing"
"Argentina","Lomas de Zamora","TRANSPORTE LARRAZABAL C.I.S.A.","Realtime routing"
"Argentina","Lomas de Zamora","Unidad de Gestión Operativa Ferroviária de Emergencia","Estimated routing"
"Argentina","Lomas de Zamora","YITOS S.A.","Realtime routing"
"Argentina","Luján de Cuyo","Autotransportes El Trapiche SRL","Estimated routing"
"Argentina","Luján de Cuyo","Empresa Maipu S.r.l.","Estimated routing"
"Argentina","Maipú","Autotransportes El Trapiche SRL","Estimated routing"
"Argentina","Maipú","El Cacique S.A.","Estimated routing"
"Argentina","Maipú","Empresa Maipu S.r.l.","Estimated routing"
"Argentina","Malvinas Argentinas","EMPRESA DEL OESTE SAT","Realtime routing"
"Argentina","Malvinas Argentinas","EXPRESO PARQUE EL LUCERO S.A. DE TRANSPORTES","Realtime routing"
"Argentina","Malvinas Argentinas","LA NUEVA METROPOL S.A.","Realtime routing"
"Argentina","Malvinas Argentinas","LA PRIMERA DE GRAND BOURG S.A.","Realtime routing"
"Argentina","Mendoza","Autotransportes El Trapiche SRL","Estimated routing"
"Argentina","Mendoza","Autotransportes Los Andes S.A.","Estimated routing"
"Argentina","Mendoza","Autotransportes Presidente Alvear Sa Y Otras Ute","Estimated routing"
"Argentina","Mendoza","El Cacique S.A.","Estimated routing"
"Argentina","Mendoza","Empresa Maipu S.r.l.","Estimated routing"
"Argentina","Mendoza","Empresa Provincial de Transporte de Mendoza","Estimated routing"
"Argentina","Mendoza","Transporte De Pasajeros General Roca S.r.l.","Estimated routing"
"Argentina","Mendoza","Transportes El Plumerillo S.A.","Estimated routing"
"Argentina","Merlo","EMPRESA LINEA 216 S.A.T.","Realtime routing"
"Argentina","Merlo","LIBERTADOR SAN MARTIN SAT","Realtime routing"
"Argentina","Merlo","SARGENTO CABRAL S.A.DE TRANSPORTE","Realtime routing"
"Argentina","Merlo","TRANSPORTES LA PERLITA S.A.","Realtime routing"
"Argentina","Merlo","TRANSPORTES UNIDOS DE MERLO S.A.C.I.I.","Realtime routing"
"Argentina","Merlo","Trenes de Buenos Aires","Estimated routing"
"Argentina","Morón","BUS DEL OESTE S.A.","Realtime routing"
"Argentina","Morón","COMPAÑIA DE TRANSPORTE VECINAL S.A.","Realtime routing"
"Argentina","Morón","EMPRESA DEL OESTE SAT","Realtime routing"
"Argentina","Morón","EMPRESA LINEA 216 S.A.T.","Realtime routing"
"Argentina","Morón","LA CABAÑA S.A.","Realtime routing"
"Argentina","Morón","LIBERTADOR SAN MARTIN SAT","Realtime routing"
"Argentina","Morón","MICROOMNIBUS SAAVEDRA S.A.T.A.C.I.","Realtime routing"
"Argentina","Morón","SARGENTO CABRAL S.A.DE TRANSPORTE","Realtime routing"
"Argentina","Morón","TRANSPORTE AUTOMOTORES LA PLATA SA","Realtime routing"
"Argentina","Morón","TRANSPORTES SAN CAYETANO S.A.C.","Realtime routing"
"Argentina","Morón","TRANSPORTES UNIDOS DE MERLO S.A.C.I.I.","Realtime routing"
"Argentina","Morón","Trenes de Buenos Aires","Estimated routing"
"Argentina","Pilar","COMPAÑIA ISLEÑA S.R.L.","Realtime routing"
"Argentina","Pilar","EXPRESO GENERAL SARMIENTO S.A.","Realtime routing"
"Argentina","Pilar","TRANSPORTES ATLANTIDA S.A.C.","Realtime routing"
"Argentina","Pilar","Unidad de Gestión Operativa Ferroviária de Emergencia","Estimated routing"
"Argentina","Quilmes","COMPAÑÍA DE OMNIBUS 25 DE MAYO LINEA 278","Realtime routing"
"Argentina","Quilmes","EL NUEVO HALCON S.A.","Realtime routing"
"Argentina","Quilmes","EXPRESO QUILMES S.A.","Realtime routing"
"Argentina","Quilmes","EXPRESO VILLA GALICIA SAN JOSE S.A.","Realtime routing"
"Argentina","Quilmes","EXPRESO VILLA NUEVA S.A.","Realtime routing"
"Argentina","Quilmes","LINEA 22 S.A.","Realtime routing"
"Argentina","Quilmes","MICRO OMNIBUS PRIMERA JUNTA S.A","Realtime routing"
"Argentina","Quilmes","MICRO OMNIBUS QUILMES S.A.C.I. Y F.","Realtime routing"
"Argentina","Quilmes","SAN VICENTE S.A. DE TRANSPORTES","Realtime routing"
"Argentina","Quilmes","SOCIEDAD ANONIMA EXPRESO SUDOESTE","Realtime routing"
"Argentina","Quilmes","Unidad de Gestión Operativa Ferroviária de Emergencia","Estimated routing"
"Argentina","San Fernando","AZUL S.A. DE TRANSPORTE AUTOMOTOR","Realtime routing"
"Argentina","San Fernando","COMPAÑIA NOROESTE S.A.T.","Realtime routing"
"Argentina","San Fernando","EMPRESA DE TRANSP. TTE. GRAL. ROCA S.A","Realtime routing"
"Argentina","San Fernando","LA NUEVA METROPOL S.A.","Realtime routing"
"Argentina","San Fernando","LINEA SESENTA SA","Realtime routing"
"Argentina","San Fernando","MICRO OMNIBUS GRAL PACHECO SRL","Realtime routing"
"Argentina","San Fernando","MICRO OMNIBUS NORTE S.A.","Realtime routing"
"Argentina","San Fernando","MICRO OMNIBUS TIGRE S.A.","Realtime routing"
"Argentina","San Fernando","Tren de la Costa","Estimated routing"
"Argentina","San Fernando","Trenes de Buenos Aires","Estimated routing"
"Argentina","San Isidro","AZUL S.A. DE TRANSPORTE AUTOMOTOR","Realtime routing"
"Argentina","San Isidro","COMPAÑIA NOROESTE S.A.T.","Realtime routing"
"Argentina","San Isidro","EMPRESA CIUDAD DE SAN FERNANDO SA","Realtime routing"
"Argentina","San Isidro","EXPRESO SAN ISIDRO S.A.T.C.I.F.I.","Realtime routing"
"Argentina","San Isidro","LA NUEVA METROPOL S.A.","Realtime routing"
"Argentina","San Isidro","MICRO OMNIBUS GENERAL SAN MARTIN SAC","Realtime routing"
"Argentina","San Isidro","MICRO OMNIBUS NORTE S.A.","Realtime routing"
"Argentina","San Isidro","TRANSPORTE AUTOMOTORES LA PLATA SA","Realtime routing"
"Argentina","San Isidro","Tren de la Costa","Estimated routing"
"Argentina","San Isidro","Trenes de Buenos Aires","Estimated routing"
"Argentina","San Miguel","AZUL S.A. DE TRANSPORTE AUTOMOTOR","Realtime routing"
"Argentina","San Miguel","EMPRESA DEL OESTE SAT","Realtime routing"
"Argentina","San Miguel","EMPRESA LINEA 216 S.A.T.","Realtime routing"
"Argentina","San Miguel","EXPRESO GENERAL SARMIENTO S.A.","Realtime routing"
"Argentina","San Miguel","EXPRESO PARQUE EL LUCERO S.A. DE TRANSPORTES","Realtime routing"
"Argentina","San Miguel","LA NUEVA METROPOL S.A.","Realtime routing"
"Argentina","San Miguel","LA PRIMERA DE GRAND BOURG S.A.","Realtime routing"
"Argentina","San Miguel","LINEA 213 S.A. DE TRANSPORTE","Realtime routing"
"Argentina","San Miguel","SARGENTO CABRAL S.A.DE TRANSPORTE","Realtime routing"
"Argentina","San Miguel","TRANSPORTES ATLANTIDA S.A.C.","Realtime routing"
"Argentina","San Miguel","Unidad de Gestión Operativa Ferroviária de Emergencia","Estimated routing"
"Argentina","Tigre","AZUL S.A. DE TRANSPORTE AUTOMOTOR","Realtime routing"
"Argentina","Tigre","COMPAÑIA NOROESTE S.A.T.","Realtime routing"
"Argentina","Tigre","EMPRESA DE TRANSP. TTE. GRAL. ROCA S.A","Realtime routing"
"Argentina","Tigre","LA NUEVA METROPOL S.A.","Realtime routing"
"Argentina","Tigre","LINEA SESENTA SA","Realtime routing"
"Argentina","Tigre","MICRO OMNIBUS GRAL PACHECO SRL","Realtime routing"
"Argentina","Tigre","MICRO OMNIBUS NORTE S.A.","Realtime routing"
"Argentina","Tigre","MICRO OMNIBUS TIGRE S.A.","Realtime routing"
"Argentina","Tigre","Tren de la Costa","Estimated routing"
"Argentina","Tigre","Trenes de Buenos Aires","Estimated routing"
"Argentina","Tigre","UTENOR SA L 722","Realtime routing"
"Argentina","Vicente López","AZUL S.A. DE TRANSPORTE AUTOMOTOR","Realtime routing"
"Argentina","Vicente López","EMP.DE TRANSP. PEDRO DE MENDOZA C.I.S.A.","Realtime routing"
"Argentina","Vicente López","EMPRESA DE TRANSP. TTE. GRAL. ROCA S.A","Realtime routing"
"Argentina","Vicente López","EMPRESA TANDILENSE S.A.C.I.F.I.Y DE S.","Realtime routing"
"Argentina","Vicente López","EXPRESO SAN ISIDRO S.A.T.C.I.F.I.","Realtime routing"
"Argentina","Vicente López","LA NUEVA METROPOL S.A.","Realtime routing"
"Argentina","Vicente López","LA PRIMERA DE MARTINEZ S.A","Realtime routing"
"Argentina","Vicente López","LINEA 71 S.A.","Realtime routing"
"Argentina","Vicente López","LINEA SESENTA SA","Realtime routing"
"Argentina","Vicente López","M.O.D.O. S.A. DE TRANSPORTE AUTOMOTOR","Realtime routing"
"Argentina","Vicente López","MICRO OMNIBUS NORTE S.A.","Realtime routing"
"Argentina","Vicente López","MICROOMNIBUS CIUDAD DE BS.AS. S.A.T.C.I","Realtime routing"
"Argentina","Vicente López","MICROOMNIBUS SAAVEDRA S.A.T.A.C.I.","Realtime routing"
"Argentina","Vicente López","TRANSPORTE LARRAZABAL C.I.S.A.","Realtime routing"
"Argentina","Vicente López","TRANSPORTES SESENTA Y OCHO S.R.L.","Realtime routing"
"Argentina","Vicente López","Trenes de Buenos Aires","Estimated routing"
"Australia","Adelaide","Adelaide Metro (Busways)","Realtime routing"
"Australia","Adelaide","Adelaide Metro (Rail Commissioner Tram)","Realtime routing"
"Australia","Adelaide","Adelaide Metro (Rail Commissioner)","Realtime routing"
"Australia","Adelaide","Adelaide Metro (SouthLink)","Realtime routing"
"Australia","Adelaide","Adelaide Metro (Torrens Transit)","Realtime routing"
"Australia","Adelaide","Firefly buses","Estimated routing"
"Australia","Adelaide","Great Southern Rail","Estimated routing"
"Australia","Adelaide","Greyhound Australia","Estimated routing"
"Australia","Adelaide","NSW TrainLink","Realtime routing"
"Australia","Adelaide","Transport Victoria","Timetable routing"
"Australia","Canberra","Canberra Metro Operations","Realtime routing"
"Australia","Canberra","Comfort DelGro Corporation.","Realtime routing"
"Australia","Canberra","Greyhound Australia","Estimated routing"
"Australia","Canberra","Murrays Coaches","Realtime routing"
"Australia","Canberra","NSW TrainLink","Realtime routing"
"Australia","Canberra","NSW Trains","Realtime routing"
"Australia","Canberra","Qcity Transit","Realtime routing"
"Australia","Canberra","Transport Canberra","Timetable routing"
"Australia","Canberra","Transport Victoria","Timetable routing"
"Australia","Melbourne","Firefly buses","Estimated routing"
"Australia","Melbourne","Greyhound Australia","Estimated routing"
"Australia","Melbourne","NSW TrainLink","Realtime routing"
"Australia","Melbourne","NSW Trains","Realtime routing"
"Australia","Melbourne","Transport Victoria","Realtime routing"
"Australia","Newcastle","Busways","Realtime routing"
"Australia","Newcastle","Busways OMR6","Realtime routing"
"Australia","Newcastle","Greyhound Australia","Estimated routing"
"Australia","Newcastle","Hunter Valley Buses","Realtime routing"
"Australia","Newcastle","NSW TrainLink","Realtime routing"
"Australia","Newcastle","NSW Trains","Realtime routing"
"Australia","Newcastle","Newcastle Transport","Realtime routing"
"Australia","Newcastle","Port Stephens Coaches","Realtime routing"
"Australia","Newcastle","Rover Coaches","Realtime routing"
"Australia","Newcastle","train replacement bus operators","Realtime routing"
"Australia","Sydney","Blue Mountains Transit","Realtime routing"
"Australia","Sydney","Busways North West","Realtime routing"
"Australia","Sydney","Busways OMR6","Realtime routing"
"Australia","Sydney","Busways R1","Realtime routing"
"Australia","Sydney","CDC NSW R14","Realtime routing"
"Australia","Sydney","CDC NSW R4","Realtime routing"
"Australia","Sydney","Captain Cook Cruises","Realtime routing"
"Australia","Sydney","Cronulla Ferries","Realtime routing"
"Australia","Sydney","Firefly buses","Estimated routing"
"Australia","Sydney","Great Southern Rail","Estimated routing"
"Australia","Sydney","Greyhound Australia","Estimated routing"
"Australia","Sydney","Keolis Downer Northern Beaches","Realtime routing"
"Australia","Sydney","Manly Fast Ferries","Realtime routing"
"Australia","Sydney","NSW TrainLink","Realtime routing"
"Australia","Sydney","NSW Trains","Realtime routing"
"Australia","Sydney","Palm Beach Ferry Service","Realtime routing"
"Australia","Sydney","Parramatta Light Rail","Realtime routing"
"Australia","Sydney","Picton Buslines","Realtime routing"
"Australia","Sydney","Premier Charters","Realtime routing"
"Australia","Sydney","Sydney Ferries","Realtime routing"
"Australia","Sydney","Sydney Light Rail","Realtime routing"
"Australia","Sydney","Sydney Metro","Realtime routing"
"Australia","Sydney","Sydney Trains","Realtime routing"
"Australia","Sydney","Transdev John Holland Buses","Realtime routing"
"Australia","Sydney","Transit Systems","Realtime routing"
"Australia","Sydney","Transit Systems NSW","Realtime routing"
"Australia","Sydney","Transit Systems NSW SW","Realtime routing"
"Australia","Sydney","U-Go Mobility","Realtime routing"
"Australia","Sydney","train replacement bus operators","Realtime routing"
"Australia","Toowoomba","Bus Qld Toowoomba","Timetable routing"
"Australia","Toowoomba","Greyhound Australia","Estimated routing"
"Australia","Wollongong","Dions Bus Service","Realtime routing"
"Australia","Wollongong","Murrays Coaches","Realtime routing"
"Australia","Wollongong","NSW TrainLink","Realtime routing"
"Australia","Wollongong","NSW Trains","Realtime routing"
"Australia","Wollongong","Premier Charters","Realtime routing"
"Australia","Wollongong","Premier Illawarra","Realtime routing"
"Australia","Wollongong","Transit Systems NSW SW","Realtime routing"
"Australia","Wollongong","train replacement bus operators","Realtime routing"
"Austria","Graz","Dr. Richard Linien GmbH & Co KG","Timetable routing"
"Austria","Graz","Eurolines SA","Estimated routing"
"Austria","Graz","FlixBus","Timetable routing"
"Austria","Graz","Graz Linien","Timetable routing"
"Austria","Graz","Graz-Köflacher Bahn und Busbetrieb GmbH","Timetable routing"
"Austria","Graz","OEBB Personenverkehr AG Kundenservice","Timetable routing"
"Austria","Graz","RegioBus Steiermark","Timetable routing"
"Austria","Graz","Sonstige Verkehrsunternehmen","Timetable routing"
"Austria","Graz","Steiermarkbahn und Bus GmbH","Timetable routing"
"Austria","Graz","Verkehrsbetriebe Burgenland GmbH","Timetable routing"
"Austria","Graz","Westbahn","Timetable routing"
"Austria","Graz","ÖBB","Realtime routing"
"Austria","Graz","Österreichische Postbus AG","Timetable routing"
"Austria","Graz","Železničná spoločnosť Slovensko, a.s.","Timetable routing"
"Austria","Linz","Bietergemeinschaft Baumgartner-Reisen GmbH & Naderer Bustouristik GmbH","Timetable routing"
"Austria","Linz","Deutsche Bahn AG","Timetable routing"
"Austria","Linz","Dr. Richard -Standort Oberösterreich","Timetable routing"
"Austria","Linz","Eurolines SA","Estimated routing"
"Austria","Linz","FlixBus","Timetable routing"
"Austria","Linz","Leitner Adelheid GmbH","Timetable routing"
"Austria","Linz","Linz Linien GmbH","Timetable routing"
"Austria","Linz","MAV","Realtime routing"
"Austria","Linz","NMBS/SNCB","Realtime routing"
"Austria","Linz","OEBB Personenverkehr AG Kundenservice","Timetable routing"
"Austria","Linz","PKP Intercity","Realtime routing"
"Austria","Linz","Stern & Hafferl VerkehrsgesmbH","Timetable routing"
"Austria","Linz","WESTbahn","Realtime routing"
"Austria","Linz","WESTbahn Management GmbH","Timetable routing"
"Austria","Linz","WILIA d. Mgd. Wilhering","Timetable routing"
"Austria","Linz","Westbahn","Timetable routing"
"Austria","Linz","Wilhelm Welser Verkehrsbetriebe GmbH","Timetable routing"
"Austria","Linz","sabtours Busbetrieb GmbH","Timetable routing"
"Austria","Linz","ÖBB","Realtime routing"
"Austria","Linz","Österreichische Postbus AG","Timetable routing"
"Austria","Linz","Železničná spoločnosť Slovensko, a.s.","Timetable routing"
"Austria","Salzburg","Albus","Timetable routing"
"Austria","Salzburg","Albus (SVG beauftragt)","Timetable routing"
"Austria","Salzburg","BlaBlaCar Bus","Timetable routing"
"Austria","Salzburg","Breuss","Timetable routing"
"Austria","Salzburg","DB Fernverkehr AG","Realtime routing"
"Austria","Salzburg","DB RegioNetz Verkehrs GmbH Südostbayernbahn","Realtime routing"
"Austria","Salzburg","Deutsche Bahn AG","Timetable routing"
"Austria","Salzburg","Fischwenger","Timetable routing"
"Austria","Salzburg","FlixBus","Timetable routing"
"Austria","Salzburg","HZZP","Realtime routing"
"Austria","Salzburg","Hogger mobil","Timetable routing"
"Austria","Salzburg","Krautgartner-Bus","Timetable routing"
"Austria","Salzburg","MAV","Realtime routing"
"Austria","Salzburg","Meridian","Realtime routing"
"Austria","Salzburg","NMBS/SNCB","Realtime routing"
"Austria","Salzburg","OEBB Personenverkehr AG Kundenservice","Timetable routing"
"Austria","Salzburg","PKP Intercity","Realtime routing"
"Austria","Salzburg","Regionalverkehr Oberbayern","Realtime routing"
"Austria","Salzburg","SAD Nahverkehr AG","Timetable routing"
"Austria","Salzburg","Salzburg AG (OBus)","Timetable routing"
"Austria","Salzburg","Salzburg AG (Salzburger Lokalbahn)","Timetable routing"
"Austria","Salzburg","Schweizerische Bundesbahnen SBB","Realtime routing"
"Austria","Salzburg","Snälltåget","Realtime routing"
"Austria","Salzburg","TRENITALIA","Timetable routing"
"Austria","Salzburg","WESTbahn","Realtime routing"
"Austria","Salzburg","WESTbahn Management GmbH","Timetable routing"
"Austria","Salzburg","Westbahn","Timetable routing"
"Austria","Salzburg","ÖBB","Realtime routing"
"Austria","Salzburg","Österreichische Postbus AG - N (Salzb)","Timetable routing"
"Austria","Salzburg","Österreichische Postbus AG - W (Tamsw)","Timetable routing"
"Austria","Salzburg","Österreichische Postbus AG - W (ZellS)","Timetable routing"
"Austria","Salzburg","Železničná spoločnosť Slovensko, a.s.","Timetable routing"
"Austria","Vienna","BlaBlaCar Bus","Timetable routing"
"Austria","Vienna","Blaguss Reisen GmbH","Timetable routing"
"Austria","Vienna","City Air Terminal Betriebsgesellschaft m.b.H.","Timetable routing"
"Austria","Vienna","Dr. Richard Linien GmbH & Co KG","Timetable routing"
"Austria","Vienna","Dr. Richard NÖ GmbH & Co KG","Timetable routing"
"Austria","Vienna","Dr. Richard Verkehrsbetrieb GmbH & Co KG","Timetable routing"
"Austria","Vienna","Dr. Richard/ZuklinBus","Timetable routing"
"Austria","Vienna","Eurolines SA","Estimated routing"
"Austria","Vienna","FlixBus","Timetable routing"
"Austria","Vienna","Gschwindl","Timetable routing"
"Austria","Vienna","MAV","Realtime routing"
"Austria","Vienna","Magyar Allamvasutak","Timetable routing"
"Austria","Vienna","N-Bus GmbH","Timetable routing"
"Austria","Vienna","NMBS/SNCB","Realtime routing"
"Austria","Vienna","OEBB Personenverkehr AG Kundenservice","Timetable routing"
"Austria","Vienna","Oberger GmbH","Timetable routing"
"Austria","Vienna","PKP Intercity","Realtime routing"
"Austria","Vienna","Raaberbahn AG GYSEV Zrt.","Timetable routing"
"Austria","Vienna","RegioBus Steiermark","Timetable routing"
"Austria","Vienna","Schweizerische Bundesbahnen SBB","Realtime routing"
"Austria","Vienna","TRENITALIA","Timetable routing"
"Austria","Vienna","Verkehrsbetriebe Burgenland GmbH","Timetable routing"
"Austria","Vienna","WESTbahn","Realtime routing"
"Austria","Vienna","WESTbahn Management GmbH","Timetable routing"
"Austria","Vienna","Westbahn","Timetable routing"
"Austria","Vienna","Wiener Linien GmbH & Co KG","Timetable routing"
"Austria","Vienna","Wiener Lokalbahnen GmbH","Timetable routing"
"Austria","Vienna","ZuklinBus GmbH","Timetable routing"
"Austria","Vienna","ÖBB","Realtime routing"
"Austria","Vienna","Österreichische Postbus AG","Timetable routing"
"Austria","Vienna","Železničná spoločnosť Slovensko, a.s.","Timetable routing"
"Belarus","Babruisk","Transit agency (Babruysk)","Estimated routing"
"Belarus","Babruisk","Беларуская Чыгунка","Estimated routing"
"Belarus","Babruisk","Беларуская чыгунка","Estimated routing"
"Belarus","Babruisk","Бобруйский филиал Автобусный парк № 2 ОАО Могилевоблавтотранс","Estimated routing"
"Belarus","Babruisk","ИП Власов Ю.Е ИП Шариков А.Ф","Estimated routing"
"Belarus","Babruisk","Могилёвоблавтотранс","Estimated routing"
"Belarus","Babruisk","ОАО ''Могилевоблавтотранс Автобусный парк №2 г.Бобруйска","Estimated routing"
"Belarus","Babruisk","ОАО Гомельоблавтотранс филиал Автобусный парк №3 г. Речица","Estimated routing"
"Belarus","Babruisk","ОАО Миноблавтотранс филиал Автобусный парк №1","Estimated routing"
"Belarus","Babruisk","ОАО Миноблавтотранс филиал Автобусный парк №2 г. Бобруйск","Estimated routing"
"Belarus","Babruisk","ОАО Могилевоблавтотранс филиал Автобусный парк №2","Estimated routing"
"Belarus","Babruisk","ОАО Могилевоблавтотранс филиал Автобусный парк №2 г. Бобруйск","Estimated routing"
"Belarus","Babruisk","ОАО Могилевоблавтотранс филиал Автобусный парк №2 г. Бобруйска","Estimated routing"
"Belarus","Babruisk","ОАО Могилёвблавтотранс филиал Автобусный парк №2 г. Бобруйск","Estimated routing"
"Belarus","Babruisk","ОАО Могилёвоблавтотранс (филиал Автобусный парк №2 г. Бобруйск)","Estimated routing"
"Belarus","Babruisk","ОАО Могилёвоблавтотранс (филиал Автобусный парк №2 г. Бобруйска)","Estimated routing"
"Belarus","Babruisk","ОАО Могилёвоблавтотранс производственный участок филиала Автобусный парк №2 г. Бобруйск в г. Кричев","Estimated routing"
"Belarus","Babruisk","ОАО Могилёвоблавтотранс филиал Автобусный парк №2","Estimated routing"
"Belarus","Babruisk","ОАО Могилёвоблавтотранс филиал Автобусный парк №2 г. Бобруйск","Estimated routing"
"Belarus","Babruisk","ОАО Могилёвоблавтотранс филиал Автобусный парк №2 г. Бобруйска","Estimated routing"
"Belarus","Babruisk","ОАО Могилёвоблавтотранс филиал Автобусный парк №2 г.Бобруйск","Estimated routing"
"Belarus","Babruisk","ОАО Могилёвоблавтотранс филиал Автобусный парк №2 г.Бобруйска","Estimated routing"
"Belarus","Babruisk","ОАО Могилёвоблавтотранс филиал Автомобильный парк №14","Estimated routing"
"Belarus","Babruisk","ОАО Могилёвоблавтотранс филиал Троллейбусный парк №2 г. Бобруйск","Estimated routing"
"Belarus","Babruisk","ОДО АвтоЛев2008 ИП Тимошенко В. Н. ИП Зырянов Е. С.","Estimated routing"
"Belarus","Babruisk","РУДБАП Автобусный парк №2","Estimated routing"
"Belarus","Babruisk","УКПП Бобруйское троллейбусное управление","Estimated routing"
"Belarus","Baranavichy","OOO «ЭЛЬБУСГРУПП»","Estimated routing"
"Belarus","Baranavichy","Transit agency (Baranovichy)","Estimated routing"
"Belarus","Baranavichy","АО Федеральная пассажирская компания","Estimated routing"
"Belarus","Baranavichy","Автобусный парк г. Барановичи","Estimated routing"
"Belarus","Baranavichy","Беларуская Чыгунка","Estimated routing"
"Belarus","Baranavichy","Беларуская чыгунка","Estimated routing"
"Belarus","Baranavichy","Белорусская железная дорога","Estimated routing"
"Belarus","Baranavichy","ГП Минсктранс","Estimated routing"
"Belarus","Baranavichy","ОАО Автобусный парк г. Барановичи","Estimated routing"
"Belarus","Baranavichy","ОАО Автобусный парк г. Барановичи ДУП Автомобильный парк г. Несвиж","Estimated routing"
"Belarus","Baranavichy","ОАО Автобусный парк г.Барановичи","Estimated routing"
"Belarus","Baranavichy","ОАО Гроднооблавтотранс ОАО Брестоблавтотранс","Estimated routing"
"Belarus","Baranavichy","ОАО Миноблавтотранс","Estimated routing"
"Belarus","Baranavichy","ООО Питеравтотранс плюс","Estimated routing"
"Belarus","Baranavichy","ООО Питеравтотранс-Плюс","Estimated routing"
"Belarus","Brest","Markus Marian Markowski","Estimated routing"
"Belarus","Brest","Transit agency (Brest)","Estimated routing"
"Belarus","Brest","АО Федеральная пассажирская компания","Estimated routing"
"Belarus","Brest","Беларуская Чыгунка","Estimated routing"
"Belarus","Brest","Беларуская чыгунка","Estimated routing"
"Belarus","Brest","Белорусская железная дорога","Estimated routing"
"Belarus","Brest","Брестоблавтотранс","Estimated routing"
"Belarus","Brest","ГП Минсктранс","Estimated routing"
"Belarus","Brest","ИП Алексеюк Р.В.","Estimated routing"
"Belarus","Brest","ИП Власюк В.В.","Estimated routing"
"Belarus","Brest","ИП Годованая Т.П.","Estimated routing"
"Belarus","Brest","ИП Павловский С.В.","Estimated routing"
"Belarus","Brest","ИП Циолта А.А.","Estimated routing"
"Belarus","Brest","ИП Циолта А.В.","Estimated routing"
"Belarus","Brest","КТУП Брестгортранс","Estimated routing"
"Belarus","Brest","КТУП брестгортранс","Estimated routing"
"Belarus","Brest","КУП Брестский общественный транспорт","Estimated routing"
"Belarus","Brest","ОАО Брестоблавтотранс","Estimated routing"
"Belarus","Brest","ОАО Брестоблавтотранс","Estimated routing"
"Belarus","Brest","ОАО Брестоблавтотранс филиал Автобусный парк №9 г. Каменец","Estimated routing"
"Belarus","Brest","ОАО Брестский автобусный парк","Estimated routing"
"Belarus","Brest","ОАО Гроднооблавтотранс","Estimated routing"
"Belarus","Brest","ОАО Гроднооблавтотранс КУП Брестский общественный транспорт","Estimated routing"
"Belarus","Brest","ОАО Гроднооблавтотранс филиал Автобусный парк №3 г. Слоним","Estimated routing"
"Belarus","Brest","ОАО Пинский автобусный парк","Estimated routing"
"Belarus","Brest","ОДО ЮВКом","Estimated routing"
"Belarus","Brest","ООО БЕЛАДИО","Estimated routing"
"Belarus","Brest","ООО ГодсендТранс","Estimated routing"
"Belarus","Brest","ООО ДрахмаТранс","Estimated routing"
"Belarus","Brest","Ф-л ' АТП-12 г.Щучин'","Estimated routing"
"Belarus","Brest","ЧТУП 'БугТрансЛайн'","Estimated routing"
"Belarus","Brest","ЧТУП БусСветиТранс ООО Такси Сервис-20 ИП Тарасюк Ю.И","Estimated routing"
"Belarus","Brest","ЧТУП Дмитрук ЧМУП АДИС-Дент","Estimated routing"
"Belarus","Brest","ЧТУП КУРЕЛЬ","Estimated routing"
"Belarus","Brest","ЧТУП Метаром","Estimated routing"
"Belarus","Brest","ЧТУП МэрсМалСом ЧТУП Транстриж ИП Тарасюк Ю.И","Estimated routing"
"Belarus","Brest","ЧТУП Сонадор","Estimated routing"
"Belarus","Brest","ЧТУП ЭдЛео","Estimated routing"
"Belarus","Homel","Avtobus-Tur (Ecolines)","Estimated routing"
"Belarus","Homel","Transit agency (Gomel)","Estimated routing"
"Belarus","Homel","Беларуская Чыгунка","Estimated routing"
"Belarus","Homel","Беларуская чыгунка","Estimated routing"
"Belarus","Homel","ИП Тузов г.Гомель","Estimated routing"
"Belarus","Homel","КУП Горэлектротранспорт","Estimated routing"
"Belarus","Homel","ОАО Автобусный парк № 6 г. Гомеля","Estimated routing"
"Belarus","Homel","ОАО Гомельоблавтотранс","Estimated routing"
"Belarus","Homel","ОАО Гомельоблавтотранс / ЧТУП Трасса Е95","Estimated routing"
"Belarus","Homel","ОАО Гомельоблавтотранс филиал Автобусный парк №1 г. Гомель","Estimated routing"
"Belarus","Homel","ОАО Гомельоблавтотранс филиал Автобусный парк №1 г.Гомель","Estimated routing"
"Belarus","Homel","ОАО Гомельоблавтотранс филиал Автобусный парк №3 г.Речица","Estimated routing"
"Belarus","Homel","ОАО Гомельский автобусный парк № 1","Estimated routing"
"Belarus","Homel","ОАО Гомельский автобусный парк № 1 ООО Столица Мира","Estimated routing"
"Belarus","Homel","ОАО Могилёвоблавтотранс филиал Автобусный парк №1","Estimated routing"
"Belarus","Homel","ООО ГомельСлавТранс г.Тереховка Б","Estimated routing"
"Belarus","Homel","ООО Империал","Estimated routing"
"Belarus","Homel","ООО Супер Радуга","Estimated routing"
"Belarus","Homel","ЧТУП ГомельСлавТpанс г.Теpеховка","Estimated routing"
"Belarus","Homel","ЧТУП Перевозчик Кротов","Estimated routing"
"Belarus","Homel","ЧТУП Трасса Е95","Estimated routing"
"Belarus","Homel","ЧУП Марилон ЧТУП Направление-111","Estimated routing"
"Belarus","Mahileu","Avtobus-Tur (Ecolines)","Estimated routing"
"Belarus","Mahileu","Transit agency (Mogilev)","Estimated routing"
"Belarus","Mahileu","Беларуская Чыгунка","Estimated routing"
"Belarus","Mahileu","Беларуская чыгунка","Estimated routing"
"Belarus","Mahileu","ИП Булай Е. А. ИП Воронцов Р. В. ИП Гирко А. М. ИП Гончаренко Г. Г. ИП Климков В. Э. ИП Кощекова Р. Л. ИП Михальченко Т. В. ООО ЛайтАвтоТрэвел ЧТУП Л-транс","Estimated routing"
"Belarus","Mahileu","ИП Власов Ю.Е ИП Шариков А.Ф","Estimated routing"
"Belarus","Mahileu","ИП Хуткин Д.Е.","Estimated routing"
"Belarus","Mahileu","ОАО Автобусный парк №1 город Могилёв","Estimated routing"
"Belarus","Mahileu","ОАО Могилёвоблавтотранс","Estimated routing"
"Belarus","Mahileu","ОАО Могилёвоблавтотранс (Филиал АП №1 г. Могилёв)","Estimated routing"
"Belarus","Mahileu","ОАО Могилёвоблавтотранс (Филиал Автомобильный парк №5)","Estimated routing"
"Belarus","Mahileu","ОАО Могилёвоблавтотранс (участок Мстиславль автопарк №1)","Estimated routing"
"Belarus","Mahileu","ОАО Могилёвоблавтотранс Могилёвский филиал Автобусный парк № 1","Estimated routing"
"Belarus","Mahileu","ОАО Могилёвоблавтотранс филиал Автобусный парк №1","Estimated routing"
"Belarus","Mahileu","ОАО Могилёвоблавтотранс филиал Автобусный парк №1 г. Могилёв","Estimated routing"
"Belarus","Mahileu","ОАО Могилёвоблавтотранс филиал Автобусный парк №1 г.Могилёв","Estimated routing"
"Belarus","Mahileu","ОАО Могилёвоблавтотранс филиал Автомобильный парк №17 г. Горки","Estimated routing"
"Belarus","Mahileu","ОАО Могилёвоблавтотранс филиал Троллейбусный парк №1","Estimated routing"
"Belarus","Mahileu","ОДО ЛЕМИАН ООО Автопассаж ООО Голденбус ООО Люська ООО Стрэк Торг ООО Флагманбус ЧП ТЕА Транс ЧТУП Л-транс ЧУП РаШаЛ гарант ЧУП Солнечный дилижанс","Estimated routing"
"Belarus","Minsk","Avtobus-Tur (Ecolines)","Estimated routing"
"Belarus","Minsk","OOO «ЭЛЬБУСГРУПП»","Estimated routing"
"Belarus","Minsk","Transit agency (Dzerzhinsk)","Estimated routing"
"Belarus","Minsk","Transit agency (Maryina Horka)","Estimated routing"
"Belarus","Minsk","Transit agency (Minsk)","Estimated routing"
"Belarus","Minsk","Transit agency (Pleschenitsy)","Estimated routing"
"Belarus","Minsk","Transit agency (Volozhin)","Estimated routing"
"Belarus","Minsk","ААТ Мінаблаўтатранс","Estimated routing"
"Belarus","Minsk","АО Федеральная пассажирская компания","Estimated routing"
"Belarus","Minsk","АП №15 г.Дзержинска","Estimated routing"
"Belarus","Minsk","Беларуская Чыгунка","Estimated routing"
"Belarus","Minsk","Беларуская чыгунка","Estimated routing"
"Belarus","Minsk","Белорусская железная дорога","Estimated routing"
"Belarus","Minsk","ГП Минский метрополитен","Estimated routing"
"Belarus","Minsk","ГП Минсктранс","Estimated routing"
"Belarus","Minsk","ГП Минсктранс ЗАО ТОКS","Estimated routing"
"Belarus","Minsk","ГП Минсктранс ООО Винтакс","Estimated routing"
"Belarus","Minsk","ИП Жоголь А.Л.","Estimated routing"
"Belarus","Minsk","ИП Жоголь В.Л.","Estimated routing"
"Belarus","Minsk","ИП Крупенькин Ю.А. ЧП «Эсфирана» ООО «Эве Ти»","Estimated routing"
"Belarus","Minsk","ИП Принеслик В.А.","Estimated routing"
"Belarus","Minsk","ОАО Витебскоблавтотранс","Estimated routing"
"Belarus","Minsk","ОАО Витебскоблавтотранс (АТП №16 г. Глубокое) ЧТУП ОдияТранс ООО Винтакс ИП Кобзик Ч.Ч.","Estimated routing"
"Belarus","Minsk","ОАО Витебскоблавтотранс филиал АТП №18 г. Браслав","Estimated routing"
"Belarus","Minsk","ОАО Витебскоблавтотранс филиал Автотранспортное предприятие №16 г. Глубокое","Estimated routing"
"Belarus","Minsk","ОАО Витебскоблавтотранс филиал Автотранспортное предприятие №18 г.Браслав ГП Минсктранс","Estimated routing"
"Belarus","Minsk","ОАО Гомельоблавтотранс филиал Автобусный парк №3 г. Речица","Estimated routing"
"Belarus","Minsk","ОАО Гроднооблавтотранс филиал Автобусный парк №2 г. Лида PKS Gdańsk sp. z o.o.","Estimated routing"
"Belarus","Minsk","ОАО ЗОРГ-Бел (БУНЬКОФФавтотранс) ООО Ирида-Авто","Estimated routing"
"Belarus","Minsk","ОАО ЗОРГ-Бел (БУНЬКОФФавтотранс) ЧП ИрБИНсервис ЧП Трансмайл МТ","Estimated routing"
"Belarus","Minsk","ОАО ЗОРГ-Бел (БУНЬКОФФавтотранс) ЧП Свитязянкасервис","Estimated routing"
"Belarus","Minsk","ОАО Миноблавтотранс","Estimated routing"
"Belarus","Minsk","ОАО Миноблавтотранс филиал Автобусный парк № 2 г. Слуцк","Estimated routing"
"Belarus","Minsk","ОАО Миноблавтотранс филиал Автобусный парк №2 г. Слуцк","Estimated routing"
"Belarus","Minsk","ОАО Миноблавтотранс филиал Автобусный парк №3 г. Борисов","Estimated routing"
"Belarus","Minsk","ОАО Миноблавтотранс филиал Автомобильный парк №12","Estimated routing"
"Belarus","Minsk","ОАО Миноблавтотранс филиал Автомобильный парк №12 ТПК Евровиза","Estimated routing"
"Belarus","Minsk","ОАО Миноблавтотранс филиал Автомобильный парк №12 г. Логойск","Estimated routing"
"Belarus","Minsk","ОАО Миноблавтотранс филиал Автомобильный парк №12 г.п. Плещеницы","Estimated routing"
"Belarus","Minsk","ОАО Миноблавтотранс филиал Автомобильный парк №14","Estimated routing"
"Belarus","Minsk","ОАО Миноблавтотранс филиал Автомобильный парк №14 г. Воложин","Estimated routing"
"Belarus","Minsk","ОАО Миноблавтотранс филиал Автомобильный парк №15 г. Дзержинск","Estimated routing"
"Belarus","Minsk","ОАО Миноблавтотранс филиал Автомобильный парк №18 г. Жодино","Estimated routing"
"Belarus","Minsk","ОАО Миноблавтотранс филиал Автомобильный парк №19 г. Марьина Горка","Estimated routing"
"Belarus","Minsk","ОАО Миноблавтотранс филиал Автомобильный парк №20","Estimated routing"
"Belarus","Minsk","ОАО Миноблавтотранс филиал Автомобильный парк №20 г. Червень","Estimated routing"
"Belarus","Minsk","ОАО Миноблавтотранс филиал Автомобильный парк №22","Estimated routing"
"Belarus","Minsk","ОАО Миноблавтотранс филиал Автомобильный парк №22","Estimated routing"
"Belarus","Minsk","ОАО Миноблавтотранс филиал Автомобильный парк №8 г. Несвиж","Estimated routing"
"Belarus","Minsk","ОДО Актрия","Estimated routing"
"Belarus","Minsk","ОДО Актрия ООО Ирида-Авто","Estimated routing"
"Belarus","Minsk","ОДО Актрия ООО Ирида-Авто ООО Маршрутки Столицы","Estimated routing"
"Belarus","Minsk","ОДО Актрия ООО Ирида-Авто ООО Минивен ООО Маршрутки Столицы","Estimated routing"
"Belarus","Minsk","ОДО БЕЛЭКСПРЕССМАРШРУТ ООО Белэкспрессмаршрут Транс Групп ЧП Новаш С. ЧП САМавто","Estimated routing"
"Belarus","Minsk","ОДО Белэкспрессмаршрут ООО Белэкспрессмаршрут Транс Групп","Estimated routing"
"Belarus","Minsk","ОДО ДАЛ Автосервис ИП Ракицкий Ю.А. ИП Рудович В.М.","Estimated routing"
"Belarus","Minsk","ОДО ДАЛ автосервис","Estimated routing"
"Belarus","Minsk","ОДО Далавтосервис","Estimated routing"
"Belarus","Minsk","ОДО МТ-Вектор ООО МТ-Экспресс ЧП ПВМ","Estimated routing"
"Belarus","Minsk","ОДО Транспассажирсервис","Estimated routing"
"Belarus","Minsk","ОДО Транспассажирсервис ООО К Перевозки","Estimated routing"
"Belarus","Minsk","ОДО ЭкспрессЛинии","Estimated routing"
"Belarus","Minsk","ОДО Экспресслинии","Estimated routing"
"Belarus","Minsk","ООО «Скрибов Град»","Estimated routing"
"Belarus","Minsk","ООО АМБ","Estimated routing"
"Belarus","Minsk","ООО Автобудни ОДО Авто-Четверг ООО Автобудни Плюс","Estimated routing"
"Belarus","Minsk","ООО Автобудни ОДО Авто-четверг ООО Автобудни Плюс","Estimated routing"
"Belarus","Minsk","ООО Актрия","Estimated routing"
"Belarus","Minsk","ООО БМН ОДО АвтоБелКарСтрой ООО Биквэй ООО Софтвэй","Estimated routing"
"Belarus","Minsk","ООО БМН ООО БусПлюсБус ООО Тинальтея","Estimated routing"
"Belarus","Minsk","ООО БМН ООО Сарфис ООО БусПлюсБус ООО Криорис ООО Тинальтея ООО Ялга","Estimated routing"
"Belarus","Minsk","ООО БМН ООО Хутка Драйв","Estimated routing"
"Belarus","Minsk","ООО БасЕвроцентр ООО Ирида-Авто ООО Экомаршрут ООО Экспобус","Estimated routing"
"Belarus","Minsk","ООО БасЕвроцентр ООО ЭкоМаршруты","Estimated routing"
"Belarus","Minsk","ООО Ваджен транс ООО Ваджен плюс ООО Удобный транспорт ООО СевАвтоЛайн","Estimated routing"
"Belarus","Minsk","ООО Делориан","Estimated routing"
"Belarus","Minsk","ООО Евровиза","Estimated routing"
"Belarus","Minsk","ООО ИдеаВел","Estimated routing"
"Belarus","Minsk","ООО К Перевозки","Estimated routing"
"Belarus","Minsk","ООО МАРСУНД ПЛЮС","Estimated routing"
"Belarus","Minsk","ООО Минивэн","Estimated routing"
"Belarus","Minsk","ООО Миноблавтотранс","Estimated routing"
"Belarus","Minsk","ООО Минэкспресс","Estimated routing"
"Belarus","Minsk","ООО Никулич и Ко ИП Гуренчик С.А.","Estimated routing"
"Belarus","Minsk","ООО Новый трансфер","Estimated routing"
"Belarus","Minsk","ООО ОЛЕСТАР","Estimated routing"
"Belarus","Minsk","ООО ПортГрупп","Estimated routing"
"Belarus","Minsk","ООО СуперБус ООО СуперБус Плюс","Estimated routing"
"Belarus","Minsk","ООО Супербус","Estimated routing"
"Belarus","Minsk","ООО ТДК Ирбис ООО Онвилс-Тур","Estimated routing"
"Belarus","Minsk","ООО Тинальтея ООО Сарфис ООО Криорис ООО БусПлюсБус ООО БМН","Estimated routing"
"Belarus","Minsk","ООО Транпас-Ко","Estimated routing"
"Belarus","Minsk","ООО Удобный транспорт","Estimated routing"
"Belarus","Minsk","ООО Хардбас ООО Хутка Драйв","Estimated routing"
"Belarus","Minsk","ООО Хардбас ООО Хутка-Драйв","Estimated routing"
"Belarus","Minsk","ООО ЭкоМаршруты","Estimated routing"
"Belarus","Minsk","ООО Экомаршрут ООО АМБ ООО МиниВэн","Estimated routing"
"Belarus","Minsk","ТПК Евровиза","Estimated routing"
"Belarus","Minsk","Филиал Автобусный парк №4 ОАО Миноблавтотранс ТПЧУП Маркизет Стиль","Estimated routing"
"Belarus","Minsk","ЧП АвтоМинТакси ЧУП МинТакси","Estimated routing"
"Belarus","Minsk","ЧП АлекТантакси","Estimated routing"
"Belarus","Minsk","ЧП Белвиптранс","Estimated routing"
"Belarus","Minsk","ЧП Свитязянкасервис","Estimated routing"
"Belarus","Minsk","ЧП Техпромполис","Estimated routing"
"Belarus","Minsk","ЧП Эсфирана ООО Эве Ти","Estimated routing"
"Belarus","Minsk","ЧПТУП ДаМаксТрейд","Estimated routing"
"Belarus","Minsk","ЧТС УП Синкевич","Estimated routing"
"Belarus","Minsk","ЧТУП ГЛЦ","Estimated routing"
"Belarus","Minsk","ЧТУП Дмитрук ЧМУП АДИС-Дент","Estimated routing"
"Belarus","Minsk","ЧТУП Крэйн-Авто","Estimated routing"
"Belarus","Minsk","ЧТУП Свитязянкасервис","Estimated routing"
"Belarus","Minsk","ЧТУП СеверТрансПлюс","Estimated routing"
"Belarus","Minsk","ЧТУП Шевченко ЧП И. Шевченко ЧП В. Шевченко","Estimated routing"
"Belarus","Minsk","ЧУП АвтоДружба","Estimated routing"
"Belarus","Minsk","ЧУП Леноксавтотранс ООО БМН","Estimated routing"
"Belarus","Minsk","ЧУП Хоттей-Авто","Estimated routing"
"Belarus","Minsk","ЧУП Хоттей-авто","Estimated routing"
"Belarus","Minsk","филиал «Автобусный парк № 2» ОАО Миноблавтотранс","Estimated routing"
"Belarus","Minsk","филиал Автомобильный парк №18 ОАО Миноблавтотранс","Estimated routing"
"Belarus","Minsk","филиалы «Автобусный парк № 2» Автомобильный парк №19 ОАО Миноблавтотранс","Estimated routing"
"Belarus","Orsha","Transit agency (Orsha)","Estimated routing"
"Belarus","Orsha","АО Федеральная пассажирская компания","Estimated routing"
"Belarus","Orsha","Беларуская Чыгунка","Estimated routing"
"Belarus","Orsha","Беларуская чыгунка","Estimated routing"
"Belarus","Orsha","Белорусская железная дорога","Estimated routing"
"Belarus","Orsha","ИП Кожар В.С. ОДО Кракуш ООО Алмазная стрела ООО Светолайн ЧТУП Авто Плац ОДО ЭкоСитиАвто ОДО Авто Влада","Estimated routing"
"Belarus","Orsha","ИП Шарахай О.С.","Estimated routing"
"Belarus","Orsha","ОАО Витебскоблавтотранс","Estimated routing"
"Belarus","Orsha","ОАО Витебскоблавтотранс (Участок АП №3 г. Дубровно)","Estimated routing"
"Belarus","Orsha","ОАО Витебскоблавтотранс (Филиал Автобусный парк №3 г. Орши)","Estimated routing"
"Belarus","Orsha","ОАО Витебскоблавтотранс (филиал Автобусный парк №3 г. Орша)","Estimated routing"
"Belarus","Orsha","ОАО Витебскоблавтотранс ОДО Арменлайн ОДО Авто Влада ЧТУП Авто Плац ИП Мацулевич Р.П. ИП Пырсаков А.А. ИП Зубченок С.Н.","Estimated routing"
"Belarus","Orsha","ОАО Витебскоблавтотранс ЧТУП Петрович и П ОДО Авто Влада ИП Пырсаков А.А.","Estimated routing"
"Belarus","Orsha","ОАО Витебскоблавтотранс филиал Автобусный парк №3 г. Орша","Estimated routing"
"Belarus","Orsha","ОАО Витебскоблавтотранс филиал Автобусный парк №3 г. Орши","Estimated routing"
"Belarus","Orsha","ОАО Могилёвоблавтотранс (Филиал АП №17 г. Горки)","Estimated routing"
"Belarus","Orsha","ОАО Могилёвоблавтотранс (Филиал АП №17 г. Горки)¹ ОАО Витебскоблавтотранс (Филиал АП №3 г. Орша) ²","Estimated routing"
"Belarus","Orsha","ОДО Авто Влада ООО ЛЕГРАНДплюс ИП Павлов С.В. ОДО КРАКУШ ОДО НХЛ ЧТУП Авто Плац ООО Белавтотрэвэл","Estimated routing"
"Belarus","Orsha","ОДО Авто Влада ЧТУП Авто Плац ООО ТаняЛайн ООО Олеся-лайн и К ООО Экосити ИП Клыковский О.А. ОДО Арменлайн","Estimated routing"
"Belarus","Orsha","ОДО Авто Влада ЧТУП Сортрансторг ИП Ильканов А.А. ОДО Арменлайн","Estimated routing"
"Belarus","Orsha","ОДО Арменлайн ОДО Прима-Майн ООО Экосити ИП Тимошков А.А. ИП Посудневская О.А.","Estimated routing"
"Belarus","Orsha","ОДО ИКСИ ООО Солин","Estimated routing"
"Belarus","Orsha","ОДО Таксобус ОДО Прима-майн ЧТУП Авто Плац ООО Летящая стрела ООО Олеся-лайн и К ООО Светолайн ИП Прокопенко В.В. ЧТУП Экспресс-Лайн","Estimated routing"
"Belarus","Orsha","ОДО Таксобус ООО СигнаЛайн ООО Экосити","Estimated routing"
"Belarus","Orsha","ООО Светолайн","Estimated routing"
"Belarus","Orsha","ООО Светолайн ООО Экосити ЧУП Королев и К ЧТУП Экспресс-Лайн ООО ТаняЛайн ООО Летящая стрела","Estimated routing"
"Belarus","Orsha","ООО СигнаЛайн","Estimated routing"
"Belarus","Orsha","ООО СигнаЛайн ОДО Таксобус","Estimated routing"
"Belarus","Orsha","ООО Солин","Estimated routing"
"Belarus","Orsha","ООО Экосити ООО СигнаЛайн","Estimated routing"
"Belarus","Orsha","ЧТУП Экспресс-Лайн ОДО ИКСИ ЧУП Королев и К ИП Рудько М.Н.","Estimated routing"
"Belarus","Orsha","ЧУП Экосити","Estimated routing"
"Belarus","Vitebsk","Transit agency (Minsk)","Estimated routing"
"Belarus","Vitebsk","Transit agency (Vitebsk)","Estimated routing"
"Belarus","Vitebsk","АО Федеральная пассажирская компания","Estimated routing"
"Belarus","Vitebsk","Беларуская Чыгунка","Estimated routing"
"Belarus","Vitebsk","Беларуская чыгунка","Estimated routing"
"Belarus","Vitebsk","ИП Березовский А. А.","Estimated routing"
"Belarus","Vitebsk","ИП Гурчинский П.А. ИП Лопатнев И.А.","Estimated routing"
"Belarus","Vitebsk","ИП Дяденко А.В.","Estimated routing"
"Belarus","Vitebsk","ИП Крижевич К.И.","Estimated routing"
"Belarus","Vitebsk","ИП Павловский И.Р.","Estimated routing"
"Belarus","Vitebsk","ОАО Витебскоблавтотранс","Estimated routing"
"Belarus","Vitebsk","ОАО Витебскоблавтотранс (Колонна автомобильная)","Estimated routing"
"Belarus","Vitebsk","ОАО Витебскоблавтотранс (Колонна городского электрического транспорта г. Витебска)","Estimated routing"
"Belarus","Vitebsk","ОАО Витебскоблавтотранс (Филиал АП №1 г. Витебска)","Estimated routing"
"Belarus","Vitebsk","ОАО Витебскоблавтотранс (Филиал Автобусный парк №1 г. Витебска)","Estimated routing"
"Belarus","Vitebsk","ОАО Витебскоблавтотранс (Филиал Городской электрический транспорт г. Витебска)","Estimated routing"
"Belarus","Vitebsk","ОАО Витебскоблавтотранс (филиал Автобусный парк №1 г. Витебска","Estimated routing"
"Belarus","Vitebsk","ОАО Витебскоблавтотранс (филиал Автобусный парк №1 г. Витебска)","Estimated routing"
"Belarus","Vitebsk","ОАО Витебскоблавтотранс (филиал Автобусный парк №3 г. Орша)","Estimated routing"
"Belarus","Vitebsk","ОАО Витебскоблавтотранс (филиал Городской электрический транспорт г. Витебска)","Estimated routing"
"Belarus","Vitebsk","ОАО Витебскоблавтотранс Филиал Автобусный парк №1 г. Витебска","Estimated routing"
"Belarus","Vitebsk","ОАО Витебскоблавтотранс Филиал Городской электрический транспорт г. Витебска","Estimated routing"
"Belarus","Vitebsk","ОАО Витебскоблавтотранс филиал Автобусный парк №1 г. Витебск","Estimated routing"
"Belarus","Vitebsk","ОАО Витебскоблавтотранс филиал Автобусный парк №1 г. Витебска","Estimated routing"
"Belarus","Vitebsk","ОАО Витебскоблавтотранс филиал Автобусный парк №1 г.Витебск","Estimated routing"
"Belarus","Vitebsk","ОАО Витебскоблавтотранс филиал Автобусный парк №2 г.Полоцка","Estimated routing"
"Belarus","Vitebsk","ОАО Витебскоблавтотранс филиал Автобусный парк №3 г. Орша","Estimated routing"
"Belarus","Vitebsk","ОАО Витебскоблавтотранс филиал Автотранспортное предприятие №16 г. Глубокое","Estimated routing"
"Belarus","Vitebsk","ОАО Витебскоблавтотранс филиал Городской электрический транспорт г. Витебска","Estimated routing"
"Belarus","Vitebsk","ОАО Витебскоблавтотранс филиал Колонна автомобильная","Estimated routing"
"Belarus","Vitebsk","ОАО Витебскоблавтотранс филиал Колонна автомобильная ОДО Гамаль (ООО ВитГамальТранс) ОДО Карго-Вит ОДО Экспресс-Автотранс ЧТУП ЮТЭМ ООО Всегда вовремя","Estimated routing"
"Belarus","Vitebsk","ОАО Могилёвоблавтотранс (Филиал АП №17 г. Горки)","Estimated routing"
"Belarus","Vitebsk","ОДО Экспресс-Автотранс","Estimated routing"
"Belarus","Vitebsk","ООО Автомаксимум-Плюс","Estimated routing"
"Belarus","Vitebsk","ООО ВУАТЮР","Estimated routing"
"Belarus","Vitebsk","ООО Всегда вовремя","Estimated routing"
"Belarus","Vitebsk","ООО ГолденВайб","Estimated routing"
"Belarus","Vitebsk","ООО ГолденВайб ООО Альфа-Прайм ЧТУП ГолденТранс","Estimated routing"
"Belarus","Vitebsk","СОГУП ВМАП и ПАМП г. Смоленск","Estimated routing"
"Belarus","Vitebsk","Филиал Автобусный парк №1 г. Витебска ОАО Витебскоблавтотранс","Estimated routing"
"Belarus","Vitebsk","ЧП Витбустранс","Estimated routing"
"Belarus","Vitebsk","ЧТУП Витавтотранс","Estimated routing"
"Belarus","Vitebsk","ЧТУП Витавтотранс ООО CтрадаПлюс","Estimated routing"
"Belarus","Vitebsk","ЧТУП Витавтотранс ООО Уайт Авто","Estimated routing"
"Belarus","Vitebsk","ЧТУП Лототранс","Estimated routing"
"Belarus","Vitebsk","ЧТУП Сентиеро","Estimated routing"
"Belarus","Vitebsk","ЧТУП Транс-БАВВ ЧТУП Гарантия-СВ ООО ВУАТЮР","Estimated routing"
"Belarus","Vitebsk","ЧТУП ТрансВАП ИП Крижевич И.В.","Estimated routing"
"Belarus","Vitebsk","ЧТУП ЮТЭМ ЧТУП Орбита-Максимум ЧТУП Витавтотранс ЧУП Витбустранс ООО Автомаксимум-Плюс ООО ГолденВайб","Estimated routing"
"Belarus","Vitebsk","ЧУП КвинЛайф ЧТУП Витавтотранс ЧТУП Транс-БАВВ","Estimated routing"
"Belgium","Antwerp","Arriva","Realtime routing"
"Belgium","Antwerp","BlaBlaCar Bus","Timetable routing"
"Belgium","Antwerp","De Lijn","Realtime routing"
"Belgium","Antwerp","Eurolines SA","Estimated routing"
"Belgium","Antwerp","Eurostar","Realtime routing"
"Belgium","Antwerp","FlixBus","Realtime routing"
"Belgium","Antwerp","NMBS/SNCB","Realtime routing"
"Belgium","Antwerp","NS Int","Realtime routing"
"Belgium","Antwerp","Vlaamse Overheid - Veerdienst","Estimated routing"
"Belgium","Bruges","BlaBlaCar Bus","Timetable routing"
"Belgium","Bruges","Connexxion","Realtime routing"
"Belgium","Bruges","De Lijn","Realtime routing"
"Belgium","Bruges","Eurolines SA","Estimated routing"
"Belgium","Bruges","FlixBus","Realtime routing"
"Belgium","Bruges","NMBS/SNCB","Realtime routing"
"Belgium","Brussels","De Lijn","Realtime routing"
"Belgium","Brussels","Eurolines SA","Estimated routing"
"Belgium","Brussels","FlixBus","Timetable routing"
"Belgium","Brussels","NMBS/SNCB","Realtime routing"
"Belgium","Brussels","NS Int","Realtime routing"
"Belgium","Brussels","STIB","Timetable routing"
"Belgium","Brussels","TEC Brabant Wallon","Realtime routing"
"Belgium","Brussels","TEC Charleroi","Realtime routing"
"Belgium","Charleroi","FlixBus","Timetable routing"
"Belgium","Charleroi","NMBS/SNCB","Realtime routing"
"Belgium","Charleroi","OCEdefault","Realtime routing"
"Belgium","Charleroi","SNCF VOYAGEURS","Realtime routing"
"Belgium","Charleroi","TEC Charleroi","Realtime routing"
"Belgium","Charleroi","TEC Namur - Luxembourg","Realtime routing"
"Belgium","Ghent","BlaBlaCar Bus","Timetable routing"
"Belgium","Ghent","Connexxion","Realtime routing"
"Belgium","Ghent","De Lijn","Realtime routing"
"Belgium","Ghent","Eurolines SA","Estimated routing"
"Belgium","Ghent","FlixBus","Realtime routing"
"Belgium","Ghent","NMBS/SNCB","Realtime routing"
"Belgium","Liège","Arriva","Realtime routing"
"Belgium","Liège","BlaBlaCar Bus","Timetable routing"
"Belgium","Liège","DB Fernverkehr AG","Realtime routing"
"Belgium","Liège","DB Regio AG NRW","Realtime routing"
"Belgium","Liège","De Lijn","Realtime routing"
"Belgium","Liège","EUROSTAR","Realtime routing"
"Belgium","Liège","Eurolines SA","Estimated routing"
"Belgium","Liège","Eurostar","Realtime routing"
"Belgium","Liège","FlixBus","Timetable routing"
"Belgium","Liège","NMBS/SNCB","Realtime routing"
"Belgium","Liège","SNCB","Realtime routing"
"Belgium","Liège","TEC Liège - Verviers","Realtime routing"
"Belgium","Liège","TEC Namur - Luxembourg","Realtime routing"
"Belgium","Liège","ÖBB","Realtime routing"
"Belgium","Namur","FlixBus","Timetable routing"
"Belgium","Namur","NMBS/SNCB","Realtime routing"
"Belgium","Namur","TEC Brabant Wallon","Realtime routing"
"Belgium","Namur","TEC Namur - Luxembourg","Realtime routing"
"Belgium","Schaarbeek","BlaBlaCar Bus","Timetable routing"
"Belgium","Schaarbeek","DB Fernverkehr AG","Realtime routing"
"Belgium","Schaarbeek","De Lijn","Realtime routing"
"Belgium","Schaarbeek","Eurolines SA","Estimated routing"
"Belgium","Schaarbeek","FlixBus","Timetable routing"
"Belgium","Schaarbeek","NMBS/SNCB","Realtime routing"
"Belgium","Schaarbeek","NS Int","Realtime routing"
"Belgium","Schaarbeek","STIB","Timetable routing"
"Belgium","Schaarbeek","ÖBB","Realtime routing"
"Brazil","Aparecida de Goiânia","Redemob Consórcio","Estimated routing"
"Brazil","Balneário Camboriú","Expressul","Estimated routing"
"Brazil","Barueri","EMTU","Timetable routing"
"Brazil","Barueri","SPTRANS","Timetable routing"
"Brazil","Belford Roxo","Fetranspor","Estimated routing"
"Brazil","Belford Roxo","SuperVia","Estimated routing"
"Brazil","Belo Horizonte","Expresso Unir Conexão Aeroporto","Estimated routing"
"Brazil","Belo Horizonte","Superintedência de Mobilidade Urbana de Belo Horizonte","Realtime routing"
"Brazil","Belo Horizonte","Superintedência de Mobilidade Urbana de Belo Horizonte - Suplementar","Timetable routing"
"Brazil","Brusque","Nosso Brusque","Estimated routing"
"Brazil","Cachoeirinha","Transbus","Estimated routing"
"Brazil","Camaragibe","CBTU","Estimated routing"
"Brazil","Camaragibe","Grande Recife","Estimated routing"
"Brazil","Campinas","EMTU","Timetable routing"
"Brazil","Campinas","Emdec","Estimated routing"
"Brazil","Campinas","Passaro Marron","Estimated routing"
"Brazil","Campinas","Viação Caprioli","Estimated routing"
"Brazil","Carapicuíba","EMTU","Timetable routing"
"Brazil","Carapicuíba","SPTRANS","Timetable routing"
"Brazil","Curitiba","Auto Viação São José dos Pinhais S.A.","Estimated routing"
"Brazil","Curitiba","Serra Verde Express","Estimated routing"
"Brazil","Curitiba","URBS","Timetable routing"
"Brazil","Diadema","EMTU","Timetable routing"
"Brazil","Diadema","SPTRANS","Timetable routing"
"Brazil","Embu das Artes","EMTU","Timetable routing"
"Brazil","Embu das Artes","SPTRANS","Timetable routing"
"Brazil","Ferraz de Vasconcelos","EMTU","Timetable routing"
"Brazil","Ferraz de Vasconcelos","SPTRANS","Timetable routing"
"Brazil","Florianópolis","Consórcio Fênix","Estimated routing"
"Brazil","Florianópolis","Consórcio Fênix - Executivo","Estimated routing"
"Brazil","Florianópolis","Cooper Costa","Estimated routing"
"Brazil","Florianópolis","Cooperativa dos Barqueiros Autônomos da Costa da Lagoa-COOPERBARCO","Estimated routing"
"Brazil","Florianópolis","JOTUR (Palhoça)","Estimated routing"
"Brazil","Florianópolis","JOTUR (São José)","Estimated routing"
"Brazil","Fortaleza","Companhia Cearense de Transportes Metropolitanos","Estimated routing"
"Brazil","Fortaleza","ETUFOR","Estimated routing"
"Brazil","Fortaleza","METROFOR","Timetable routing"
"Brazil","Goiânia","Redemob Consórcio","Estimated routing"
"Brazil","Hortolândia","EMTU","Timetable routing"
"Brazil","Hortolândia","Emdec","Estimated routing"
"Brazil","Hortolândia","Prefeitura de Hortolândia","Estimated routing"
"Brazil","Itajaí","Expressul","Estimated routing"
"Brazil","Itajaí","Nosso Brusque","Estimated routing"
"Brazil","Itajaí","Prefeitura Municipal de Itajaí","Estimated routing"
"Brazil","Itapecerica da Serra","EMTU","Timetable routing"
"Brazil","Itapecerica da Serra","SPTRANS","Timetable routing"
"Brazil","Itapevi","EMTU","Timetable routing"
"Brazil","Itapevi","SPTRANS","Timetable routing"
"Brazil","Itaquaquecetuba","EMTU","Timetable routing"
"Brazil","Itaquaquecetuba","Passaro Marron","Estimated routing"
"Brazil","Itaquaquecetuba","SPTRANS","Timetable routing"
"Brazil","Jandira","EMTU","Timetable routing"
"Brazil","Jandira","SPTRANS","Timetable routing"
"Brazil","Mauá","EMTU","Timetable routing"
"Brazil","Mauá","Rigras","Estimated routing"
"Brazil","Mauá","SPTRANS","Timetable routing"
"Brazil","Mauá","Suzantur","Estimated routing"
"Brazil","Nilópolis","Fetranspor","Estimated routing"
"Brazil","Nilópolis","SuperVia","Estimated routing"
"Brazil","Niterói","CCR Barcas","Estimated routing"
"Brazil","Niterói","Fetranspor","Estimated routing"
"Brazil","Olinda","Grande Recife","Estimated routing"
"Brazil","Osasco","EMTU","Timetable routing"
"Brazil","Osasco","SPTRANS","Timetable routing"
"Brazil","Paulista","Grande Recife","Estimated routing"
"Brazil","Poá","EMTU","Timetable routing"
"Brazil","Poá","SPTRANS","Timetable routing"
"Brazil","Queimados","Fetranspor","Estimated routing"
"Brazil","Queimados","SuperVia","Estimated routing"
"Brazil","Recife","Borborema Imperial Transportes Ltda.","Estimated routing"
"Brazil","Recife","CBTU","Estimated routing"
"Brazil","Recife","Grande Recife","Estimated routing"
"Brazil","Ribeirão Pires","EMTU","Timetable routing"
"Brazil","Ribeirão Pires","Rigras","Estimated routing"
"Brazil","Ribeirão Pires","SPTRANS","Timetable routing"
"Brazil","Ribeirão Pires","Suzantur","Estimated routing"
"Brazil","Rio de Janeiro","CCR Barcas","Estimated routing"
"Brazil","Rio de Janeiro","Fetranspor","Estimated routing"
"Brazil","Rio de Janeiro","Internorte","Timetable routing"
"Brazil","Rio de Janeiro","Intersul","Timetable routing"
"Brazil","Rio de Janeiro","MOBI-Rio","Timetable routing"
"Brazil","Rio de Janeiro","Metro Rio","Estimated routing"
"Brazil","Rio de Janeiro","Santa Cruz","Timetable routing"
"Brazil","Rio de Janeiro","Secretaria de Estado de Transportes","Estimated routing"
"Brazil","Rio de Janeiro","SuperVia","Estimated routing"
"Brazil","Rio de Janeiro","Transcarioca","Timetable routing"
"Brazil","Rio de Janeiro","Trem do Corcovado","Estimated routing"
"Brazil","Rio de Janeiro","VLT Carioca","Estimated routing"
"Brazil","Sao Paulo","EMTU","Timetable routing"
"Brazil","Sao Paulo","Empresa Metropolitana de Transportes Urbanos","Estimated routing"
"Brazil","Sao Paulo","Passaro Marron","Estimated routing"
"Brazil","Sao Paulo","SPTRANS","Timetable routing"
"Brazil","Sao Paulo","Suzantur","Estimated routing"
"Brazil","São Caetano do Sul","EMTU","Timetable routing"
"Brazil","São Caetano do Sul","SPTRANS","Timetable routing"
"Brazil","São Gonçalo","Fetranspor","Estimated routing"
"Brazil","São João de Meriti","Fetranspor","Estimated routing"
"Brazil","São João de Meriti","SuperVia","Estimated routing"
"Brazil","Taboão da Serra","EMTU","Timetable routing"
"Brazil","Taboão da Serra","SPTRANS","Timetable routing"
"Bulgaria","Plovdiv","Eurolines SA","Estimated routing"
"Bulgaria","Plovdiv","FlixBus","Timetable routing"
"Bulgaria","Plovdiv","Автобусни превози - Пловдив","Estimated routing"
"Bulgaria","Plovdiv","Автотранс 2000","Estimated routing"
"Bulgaria","Plovdiv","К З Т - Златанови","Estimated routing"
"Bulgaria","Plovdiv","Меритранс","Estimated routing"
"Bulgaria","Plovdiv","Хеброс Бус","Estimated routing"
"Canada","Ajax","Durham Region Transit","Realtime routing"
"Canada","Ajax","GO Transit","Timetable routing"
"Canada","Barrie","Barrie Transit","Realtime routing"
"Canada","Barrie","GO Transit","Timetable routing"
"Canada","Brampton","Brampton Transit","Realtime routing"
"Canada","Brampton","GO Transit","Timetable routing"
"Canada","Brampton","MiWay","Realtime routing"
"Canada","Brampton","VIA Rail","Timetable routing"
"Canada","Brampton","York Region Transit","Realtime routing"
"Canada","Burnaby","BCTransit","Realtime routing"
"Canada","Burnaby","TransLink","Realtime routing"
"Canada","Calgary","Airdrie Transit","Estimated routing"
"Canada","Calgary","Calgary Transit","Realtime routing"
"Canada","Cambridge","GO Transit","Timetable routing"
"Canada","Cambridge","Grand River Transit","Realtime routing"
"Canada","Charlottetown","T3 Transit","Estimated routing"
"Canada","Edmonton","Beaumont Transit","Realtime routing"
"Canada","Edmonton","Edmonton Transit Service","Realtime routing"
"Canada","Edmonton","Leduc Transit","Realtime routing"
"Canada","Edmonton","Spruce Grove Transit","Realtime routing"
"Canada","Edmonton","St. Albert Transit","Realtime routing"
"Canada","Edmonton","Strathcona County Transit","Realtime routing"
"Canada","Edmonton","VIA Rail","Timetable routing"
"Canada","Fredericton","Fredericton Transit","Timetable routing"
"Canada","Gatineau","OC Transpo","Realtime routing"
"Canada","Gatineau","STO","Timetable routing"
"Canada","Guelph","GO Transit","Timetable routing"
"Canada","Guelph","Guelph Transit","Realtime routing"
"Canada","Guelph","VIA Rail","Timetable routing"
"Canada","Kitchener","GO Transit","Timetable routing"
"Canada","Kitchener","Grand River Transit","Realtime routing"
"Canada","Kitchener","VIA Rail","Timetable routing"
"Canada","Laval","Societe de transport de Laval","Timetable routing"
"Canada","Laval","Société de transport de Montréal","Timetable routing"
"Canada","Laval","exo-Laurentides","Realtime routing"
"Canada","Laval","exo-Réseau de transport métropolitain","Realtime routing"
"Canada","Laval","exo-Terrebonne-Mascouche","Realtime routing"
"Canada","Longueuil","Réseau de transport de Longueuil","Realtime routing"
"Canada","Longueuil","Société de transport de Montréal","Timetable routing"
"Canada","Longueuil","exo-Chambly-Richelieu-Carignan","Realtime routing"
"Canada","Longueuil","exo-Le Richelain / Roussillon","Realtime routing"
"Canada","Longueuil","exo-Réseau de transport métropolitain","Realtime routing"
"Canada","Longueuil","exo-Sainte-Julie","Realtime routing"
"Canada","Longueuil","exo-Sorel-Varennes","Realtime routing"
"Canada","Longueuil","exo-Vallée du Richelieu","Realtime routing"
"Canada","Markham","GO Transit","Timetable routing"
"Canada","Markham","TTC","Timetable routing"
"Canada","Markham","York Region Transit","Realtime routing"
"Canada","Mississauga","Brampton Transit","Realtime routing"
"Canada","Mississauga","GO Transit","Timetable routing"
"Canada","Mississauga","Greater Toronto Airport Authority","Estimated routing"
"Canada","Mississauga","MiWay","Realtime routing"
"Canada","Mississauga","Milton Transit","Timetable routing"
"Canada","Mississauga","Oakville Transit","Timetable routing"
"Canada","Mississauga","TTC","Timetable routing"
"Canada","Mississauga","UP Express","Timetable routing"
"Canada","Mississauga","VIA Rail","Timetable routing"
"Canada","Moncton","Codiac Transpo","Timetable routing"
"Canada","Moncton","VIA Rail","Timetable routing"
"Canada","Montreal","Amtrak","Timetable routing"
"Canada","Montreal","Réseau de transport de Longueuil","Realtime routing"
"Canada","Montreal","Societe de transport de Laval","Timetable routing"
"Canada","Montreal","Société de transport de Montréal","Timetable routing"
"Canada","Montreal","VIA Rail","Timetable routing"
"Canada","Montreal","exo-Haut-Saint-Laurent","Realtime routing"
"Canada","Montreal","exo-L'Assomption","Realtime routing"
"Canada","Montreal","exo-La Presqu'île","Realtime routing"
"Canada","Montreal","exo-Laurentides","Realtime routing"
"Canada","Montreal","exo-Le Richelain / Roussillon","Realtime routing"
"Canada","Montreal","exo-Réseau de transport métropolitain","Realtime routing"
"Canada","Montreal","exo-Sorel-Varennes","Realtime routing"
"Canada","Montreal","exo-Sud-Ouest","Realtime routing"
"Canada","Montreal","exo-Terrebonne-Mascouche","Realtime routing"
"Canada","Montreal","exo-Vallée du Richelieu","Realtime routing"
"Canada","Oakville","Burlington Transit","Realtime routing"
"Canada","Oakville","GO Transit","Timetable routing"
"Canada","Oakville","MiWay","Realtime routing"
"Canada","Oakville","Oakville Transit","Timetable routing"
"Canada","Oakville","VIA Rail","Timetable routing"
"Canada","Oakville","Via Rail Canada","Timetable routing"
"Canada","Oshawa","Durham Region Transit","Realtime routing"
"Canada","Oshawa","GO Transit","Timetable routing"
"Canada","Oshawa","VIA Rail","Timetable routing"
"Canada","Regina","The City of Regina","Timetable routing"
"Canada","Richmond","TransLink","Realtime routing"
"Canada","Richmond Hill","GO Transit","Timetable routing"
"Canada","Richmond Hill","York Region Transit","Realtime routing"
"Canada","Saanich","BCTransit","Realtime routing"
"Canada","Saskatoon","Saskatoon Transit","Realtime routing"
"Canada","Saskatoon","VIA Rail","Timetable routing"
"Canada","St Catharines","GO Transit","Timetable routing"
"Canada","St Catharines","Niagara Region Transit","Timetable routing"
"Canada","St Catharines","VIA Rail","Timetable routing"
"Canada","St Catharines","Via Rail Canada","Timetable routing"
"Canada","Terrebonne","exo-L'Assomption","Realtime routing"
"Canada","Terrebonne","exo-Laurentides","Realtime routing"
"Canada","Terrebonne","exo-Réseau de transport métropolitain","Realtime routing"
"Canada","Terrebonne","exo-Terrebonne-Mascouche","Realtime routing"
"Canada","Toronto","Amtrak","Timetable routing"
"Canada","Toronto","Brampton Transit","Realtime routing"
"Canada","Toronto","Durham Region Transit","Realtime routing"
"Canada","Toronto","GO Transit","Timetable routing"
"Canada","Toronto","Marine Services Division","Estimated routing"
"Canada","Toronto","MiWay","Realtime routing"
"Canada","Toronto","TTC","Timetable routing"
"Canada","Toronto","Toronto Port Authority","Estimated routing"
"Canada","Toronto","UP Express","Timetable routing"
"Canada","Toronto","VIA Rail","Timetable routing"
"Canada","Toronto","Via Rail Canada","Timetable routing"
"Canada","Toronto","York Region Transit","Realtime routing"
"Canada","Vancouver","Amtrak","Timetable routing"
"Canada","Vancouver","False Creek Ferries","Estimated routing"
"Canada","Vancouver","TransLink","Realtime routing"
"Canada","Vancouver","VIA Rail","Timetable routing"
"Canada","Vaughan","Brampton Transit","Realtime routing"
"Canada","Vaughan","GO Transit","Timetable routing"
"Canada","Vaughan","TTC","Timetable routing"
"Canada","Vaughan","York Region Transit","Realtime routing"
"Canada","Windsor","Transit Windsor","Timetable routing"
"Canada","Windsor","VIA Rail","Timetable routing"
"Canada","Winnipeg","VIA Rail","Timetable routing"
"Canada","Winnipeg","Winnipeg Transit","Timetable routing"
"Chile","Estación Central","EFE Trenes de Chile","Timetable routing"
"Chile","Estación Central","Metro de Santiago","Timetable routing"
"Chile","Estación Central","Red Metropolitana de Movilidad","Timetable routing"
"Chile","Estación Central","Transportes Centropuerto Limitada","Estimated routing"
"Chile","Estación Central","Tur Bus Limitada","Estimated routing"
"Chile","Providencia","Metro de Santiago","Timetable routing"
"Chile","Providencia","Red Metropolitana de Movilidad","Timetable routing"
"Chile","Santiago","EFE Trenes de Chile","Timetable routing"
"Chile","Santiago","Metro de Santiago","Timetable routing"
"Chile","Santiago","Red Metropolitana de Movilidad","Timetable routing"
"Chile","Santiago","Transportes Centropuerto Limitada","Estimated routing"
"Chile","Santiago","Tur Bus Limitada","Estimated routing"
"Chile","Viña del Mar","Buses Del Gran Valparaiso S.A.","Timetable routing"
"Chile","Viña del Mar","Fenur S.A.","Timetable routing"
"Chile","Viña del Mar","Metro Valparaíso","Timetable routing"
"Chile","Viña del Mar","Sol y Mar S.A.","Timetable routing"
"Chile","Viña del Mar","Top Tur S.A.","Timetable routing"
"Chile","Viña del Mar","Vina Bus S.A.","Timetable routing"
"Croatia","Zagreb","BlaBlaCar Bus","Timetable routing"
"Croatia","Zagreb","Eurolines SA","Estimated routing"
"Croatia","Zagreb","FlixBus","Timetable routing"
"Croatia","Zagreb","HZZP","Realtime routing"
"Croatia","Zagreb","HŽ Putnicki prijevoz","Estimated routing"
"Croatia","Zagreb","OEBB Personenverkehr AG Kundenservice","Timetable routing"
"Croatia","Zagreb","Zagrebački Električni Tramvaj","Realtime routing"
"Croatia","Zagreb","Zagrebački električni tramvaj","Estimated routing"
"Croatia","Zagreb","ÖBB","Realtime routing"
"Croatia","Zagreb","Železničná spoločnosť Slovensko, a.s.","Timetable routing"
"Cyprus","Pafos","INTERCITY","Realtime routing"
"Cyprus","Pafos","ΟΣΥΠΑ","Realtime routing"
"Czech Republic","Brno","Ceske Drahy","Realtime routing"
"Czech Republic","Brno","Dopravní podnik města Brna, akciová společnost","Estimated routing"
"Czech Republic","Brno","Eurolines SA","Estimated routing"
"Czech Republic","Brno","FlixBus","Timetable routing"
"Czech Republic","Brno","IDS JMK (Data from: KORDIS JMK, DPMB)","Timetable routing"
"Czech Republic","Brno","MAV","Realtime routing"
"Czech Republic","Brno","OEBB Personenverkehr AG Kundenservice","Timetable routing"
"Czech Republic","Brno","ZSSK","Realtime routing"
"Czech Republic","Brno","ÖBB","Realtime routing"
"Czech Republic","Brno","Železničná spoločnosť Slovensko, a.s.","Timetable routing"
"Czech Republic","Liberec","Dopravní podnik měst Liberce a Jablonce nad Nisou, a.s.","Timetable routing"
"Czech Republic","Liberec","FlixBus","Timetable routing"
"Czech Republic","Liberec","Pražská integrovaná doprava","Realtime routing"
"Czech Republic","Liberec","ZVON Oberlausitz-Niederschlesien","Realtime routing"
"Czech Republic","Liberec","trilex - Die Länderbahn GmbH DLB","Realtime routing"
"Czech Republic","Liberec","trilex-express - Die Länderbahn GmbH DLB","Realtime routing"
"Czech Republic","Prague","BlaBlaCar Bus","Timetable routing"
"Czech Republic","Prague","Ceske Drahy","Realtime routing"
"Czech Republic","Prague","Ecolines Estonia OU","Estimated routing"
"Czech Republic","Prague","Eurolines SA","Estimated routing"
"Czech Republic","Prague","FlixBus","Timetable routing"
"Czech Republic","Prague","HERE Technologies","Estimated routing"
"Czech Republic","Prague","MAV","Realtime routing"
"Czech Republic","Prague","OEBB Personenverkehr AG Kundenservice","Timetable routing"
"Czech Republic","Prague","Pražská integrovaná doprava","Realtime routing"
"Czech Republic","Prague","Schweizerische Bundesbahnen SBB","Realtime routing"
"Czech Republic","Prague","ZSSK","Realtime routing"
"Czech Republic","Prague","ZVON Oberlausitz-Niederschlesien","Realtime routing"
"Czech Republic","Prague","ÖBB","Realtime routing"
"Czech Republic","Prague","Železničná spoločnosť Slovensko, a.s.","Timetable routing"
"Denmark","Aalborg","DSB","Timetable routing"
"Denmark","Aalborg","FlixBus","Timetable routing"
"Denmark","Aalborg","Midttrafik","Timetable routing"
"Denmark","Aalborg","NT","Timetable routing"
"Denmark","Aarhus","DSB","Timetable routing"
"Denmark","Aarhus","FlixBus","Timetable routing"
"Denmark","Aarhus","GoCollective","Timetable routing"
"Denmark","Aarhus","Midttrafik","Timetable routing"
"Denmark","Aarhus","Samsø Rederi","Timetable routing"
"Denmark","Copenhagen","DSB","Timetable routing"
"Denmark","Copenhagen","DSB S-tog","Timetable routing"
"Denmark","Copenhagen","Dänische Staatsbahnen","Realtime routing"
"Denmark","Copenhagen","FlixBus","Timetable routing"
"Denmark","Copenhagen","Metroselskabet","Timetable routing"
"Denmark","Copenhagen","Movia","Timetable routing"
"Denmark","Copenhagen","SJ","Timetable routing"
"Denmark","Copenhagen","SJ AB","Timetable routing"
"Denmark","Copenhagen","Skånetrafiken","Realtime routing"
"Denmark","Copenhagen","Snälltåget","Realtime routing"
"Denmark","Copenhagen","VY Bus4You","Realtime routing"
"Denmark","Copenhagen","Vy Bus4You","Timetable routing"
"Denmark","Copenhagen","Öresundståg","Realtime routing"
"Denmark","Esbjerg","DSB","Timetable routing"
"Denmark","Esbjerg","GoCollective","Timetable routing"
"Denmark","Esbjerg","Sydtrafik","Timetable routing"
"Denmark","Odense","DSB","Timetable routing"
"Denmark","Odense","Dänische Staatsbahnen","Realtime routing"
"Denmark","Odense","FYNBUS","Timetable routing"
"Denmark","Odense","FlixBus","Timetable routing"
"Denmark","Odense","GoCollective","Timetable routing"
"Denmark","Odense","Odense Letbane","Timetable routing"
"Denmark","Odense","Snälltåget","Realtime routing"
"Denmark","Vejle","DSB","Timetable routing"
"Denmark","Vejle","FlixBus","Timetable routing"
"Denmark","Vejle","GoCollective","Timetable routing"
"Denmark","Vejle","Midttrafik","Timetable routing"
"Denmark","Vejle","Sydtrafik","Timetable routing"
"Egypt","Giza","National Authority for Tunnels","Estimated routing"
"Egypt","Shobra El Khema Qesm 1","National Authority for Tunnels","Estimated routing"
"England","Aylesbury","Arriva Beds and Bucks","Realtime routing"
"England","Aylesbury","Carousel Buses","Realtime routing"
"England","Aylesbury","Chiltern Railways","Realtime routing"
"England","Aylesbury","Community Action Dacorum","Realtime routing"
"England","Aylesbury","Langston & Tasker","Realtime routing"
"England","Aylesbury","Oxford Bus Company","Realtime routing"
"England","Aylesbury","Red Eagle","Realtime routing"
"England","Aylesbury","Red Rose Travel","Realtime routing"
"England","Aylesbury","Redline","Realtime routing"
"England","Aylesbury","Risborough Area Community Bus","Realtime routing"
"England","Aylesbury","Star Travel","Realtime routing"
"England","Aylesbury","Winslow & District Community Bus","Realtime routing"
"England","Aylesbury","Z & S Transport","Realtime routing"
"England","Barnsley","Chad Healey European Ltd","Realtime routing"
"England","Barnsley","Globe Coaches","Realtime routing"
"England","Barnsley","Globe Holidays","Realtime routing"
"England","Barnsley","Heatons Coaches","Realtime routing"
"England","Barnsley","John L Law","Realtime routing"
"England","Barnsley","National Express","Realtime routing"
"England","Barnsley","Northern","Realtime routing"
"England","Barnsley","Peter Hodgson Travel","Realtime routing"
"England","Barnsley","South Pennine Community Transport","Realtime routing"
"England","Barnsley","Stagecoach Yorkshire","Realtime routing"
"England","Barnsley","Stotts Coaches","Realtime routing"
"England","Barnsley","Wilfreda Beehive","Realtime routing"
"England","Basildon","Basildon District Volunteer Carers","Realtime routing"
"England","Basildon","Central Connect","Realtime routing"
"England","Basildon","Ensignbus","Realtime routing"
"England","Basildon","First Essex","Realtime routing"
"England","Basildon","Greater Anglia","Realtime routing"
"England","Basildon","NIBSbuses","Realtime routing"
"England","Basildon","c2c","Realtime routing"
"England","Bath","ABUS","Realtime routing"
"England","Bath","Bath Bus Company","Realtime routing"
"England","Bath","CT Coaches","Realtime routing"
"England","Bath","Coachstyle","Realtime routing"
"England","Bath","Faresaver","Realtime routing"
"England","Bath","First Bristol, Bath & the West","Realtime routing"
"England","Bath","FlixBus","Realtime routing"
"England","Bath","FromeBus","Realtime routing"
"England","Bath","GWR","Realtime routing"
"England","Bath","Libra Travel","Realtime routing"
"England","Bath","National Express","Realtime routing"
"England","Bath","Stagecoach West","Realtime routing"
"England","Bath","Swindon's Bus Company","Realtime routing"
"England","Bath","The Big Lemon","Realtime routing"
"England","Bath","WESTlink","Realtime routing"
"England","Bedford","E M R","Realtime routing"
"England","Bedford","Flittabus","Realtime routing"
"England","Bedford","Grant Palmer","Realtime routing"
"England","Bedford","Great Northern","Realtime routing"
"England","Bedford","Ivel Sprinter","Realtime routing"
"England","Bedford","LNER","Realtime routing"
"England","Bedford","Shires Passenger Transport","Realtime routing"
"England","Bedford","Stagecoach East","Realtime routing"
"England","Bedford","Stagecoach Midlands","Realtime routing"
"England","Bedford","Thameslink","Realtime routing"
"England","Bedford","Uno","Realtime routing"
"England","Bedford","Villager Minibus Sharnbrook","Realtime routing"
"England","Bedford","Wanderbus","Realtime routing"
"England","Bedford","West Midlands Trains","Realtime routing"
"England","Birmingham","Arriva Midlands","Realtime routing"
"England","Birmingham","Avanti West Coast","Realtime routing"
"England","Birmingham","Chiltern Railways","Realtime routing"
"England","Birmingham","CrossCountry","Realtime routing"
"England","Birmingham","Diamond Bus","Realtime routing"
"England","Birmingham","FlixBus","Realtime routing"
"England","Birmingham","Kevs Cars and Coaches","Realtime routing"
"England","Birmingham","LandFlight","Realtime routing"
"England","Birmingham","Megabus","Realtime routing"
"England","Birmingham","National Express","Realtime routing"
"England","Birmingham","National Express Coventry","Realtime routing"
"England","Birmingham","National Express West Midlands","Realtime routing"
"England","Birmingham","New Bharat Coaches (Southall, London)","Realtime routing"
"England","Birmingham","Thandi Red Limited","Realtime routing"
"England","Birmingham","Transport for Wales","Realtime routing"
"England","Birmingham","Walsall Community Transport","Realtime routing"
"England","Birmingham","West Midlands Metro","Realtime routing"
"England","Birmingham","West Midlands Trains","Realtime routing"
"England","Blackburn","Blackburn Private Hire","Realtime routing"
"England","Blackburn","Cranberry Coachways","Realtime routing"
"England","Blackburn","Express Travel","Realtime routing"
"England","Blackburn","Harris Travel","Realtime routing"
"England","Blackburn","Lakeland Coaches","Realtime routing"
"England","Blackburn","Moving People","Realtime routing"
"England","Blackburn","National Express","Realtime routing"
"England","Blackburn","Northern","Realtime routing"
"England","Blackburn","Pilkingtonbus","Realtime routing"
"England","Blackburn","Red Rose Travel","Realtime routing"
"England","Blackburn","Stagecoach Merseyside and South Lancashire","Realtime routing"
"England","Blackburn","The Blackburn Bus Company","Realtime routing"
"England","Blackburn","The Burnley Bus Company","Realtime routing"
"England","Blackburn","Travel Assist","Realtime routing"
"England","Blackburn","Vision Bus","Realtime routing"
"England","Blackburn","Wright Way To Travel","Realtime routing"
"England","Blackpool","Archway Travel","Realtime routing"
"England","Blackpool","Avanti West Coast","Realtime routing"
"England","Blackpool","Blackpool Transport","Realtime routing"
"England","Blackpool","Coastal Coaches","Realtime routing"
"England","Blackpool","Coastliner Buses","Realtime routing"
"England","Blackpool","National Express","Realtime routing"
"England","Blackpool","Northern","Realtime routing"
"England","Blackpool","SightSeeing Manchester","Realtime routing"
"England","Blackpool","Stagecoach Cumbria and North Lancashire","Realtime routing"
"England","Blackpool","Stagecoach Merseyside and South Lancashire","Realtime routing"
"England","Bolton","Bee Network","Realtime routing"
"England","Bolton","Go North West","Realtime routing"
"England","Bolton","Harris Travel","Realtime routing"
"England","Bolton","National Express","Realtime routing"
"England","Bolton","Northern","Realtime routing"
"England","Bolton","Stagecoach Merseyside and South Lancashire","Realtime routing"
"England","Bolton","The Blackburn Bus Company","Realtime routing"
"England","Bolton","TransPennine Express","Realtime routing"
"England","Bolton","Travel Assist","Realtime routing"
"England","Bolton","Vision Bus","Realtime routing"
"England","Bournemouth","CrossCountry","Realtime routing"
"England","Bournemouth","FlixBus","Realtime routing"
"England","Bournemouth","National Express","Realtime routing"
"England","Bournemouth","South Western Railway","Realtime routing"
"England","Bournemouth","Xelabus","Realtime routing"
"England","Bournemouth","morebus","Realtime routing"
"England","Bradford","Arriva Yorkshire","Realtime routing"
"England","Bradford","Coastliner","Realtime routing"
"England","Bradford","Connexions Buses","Realtime routing"
"England","Bradford","First Bradford","Realtime routing"
"England","Bradford","First Halifax, Calder Valley & Huddersfield","Realtime routing"
"England","Bradford","First Leeds","Realtime routing"
"England","Bradford","First West Yorkshire Ltd","Realtime routing"
"England","Bradford","FlixBus","Realtime routing"
"England","Bradford","Flyer","Realtime routing"
"England","Bradford","Grand Central","Realtime routing"
"England","Bradford","Jacksons of Silsden Ltd","Realtime routing"
"England","Bradford","LNER","Realtime routing"
"England","Bradford","National Express","Realtime routing"
"England","Bradford","North Yorkshire Council","Realtime routing"
"England","Bradford","Northern","Realtime routing"
"England","Bradford","Squarepeg","Realtime routing"
"England","Bradford","TLC Travel","Realtime routing"
"England","Bradford","Team Pennine","Realtime routing"
"England","Bradford","The Burnley Bus Company","Realtime routing"
"England","Bradford","The Keighley Bus Company","Realtime routing"
"England","Bradford","York Pullman","Realtime routing"
"England","Brighton","Brighton & Hove Bus and Coach Company","Realtime routing"
"England","Brighton","Community Transport for Lewes Area","Realtime routing"
"England","Brighton","Compass Travel","Realtime routing"
"England","Brighton","FlixBus","Realtime routing"
"England","Brighton","Gatwick Express","Realtime routing"
"England","Brighton","Metrobus","Realtime routing"
"England","Brighton","National Express","Realtime routing"
"England","Brighton","Southern","Realtime routing"
"England","Brighton","Stagecoach South","Realtime routing"
"England","Brighton","Thameslink","Realtime routing"
"England","Bristol","Bath Bus Company","Realtime routing"
"England","Bristol","Bristol Ferry Boat Company","Realtime routing"
"England","Bristol","CrossCountry","Realtime routing"
"England","Bristol","Eurocoaches","Realtime routing"
"England","Bristol","First Bristol, Bath & the West","Realtime routing"
"England","Bristol","FlixBus","Realtime routing"
"England","Bristol","GWR","Realtime routing"
"England","Bristol","National Express","Realtime routing"
"England","Bristol","Newport Bus","Realtime routing"
"England","Bristol","Number Seven Boat Trips","Realtime routing"
"England","Bristol","Stagecoach South West","Realtime routing"
"England","Bristol","Stagecoach West","Realtime routing"
"England","Bristol","The Big Lemon","Realtime routing"
"England","Bromley","Arriva London North","Realtime routing"
"England","Bromley","Arriva London South","Realtime routing"
"England","Bromley","Go Ahead London","Realtime routing"
"England","Bromley","Go-Coach Hire","Realtime routing"
"England","Bromley","Kent Country","Realtime routing"
"England","Bromley","London Overground","Realtime routing"
"England","Bromley","London Tramlink","Realtime routing"
"England","Bromley","Metrobus","Realtime routing"
"England","Bromley","National Express","Realtime routing"
"England","Bromley","Southeastern","Realtime routing"
"England","Bromley","Southern","Realtime routing"
"England","Bromley","Stagecoach London","Realtime routing"
"England","Bromley","Thameslink","Realtime routing"
"England","Bromley","Transport UK","Realtime routing"
"England","Cambridge","A2B Bus and Coach","Realtime routing"
"England","Cambridge","C G Myall & Son","Realtime routing"
"England","Cambridge","Central Connect","Realtime routing"
"England","Cambridge","CrossCountry","Realtime routing"
"England","Cambridge","Dews Coaches","Realtime routing"
"England","Cambridge","FlixBus","Realtime routing"
"England","Cambridge","Great Northern","Realtime routing"
"England","Cambridge","Greater Anglia","Realtime routing"
"England","Cambridge","Ivel Sprinter","Realtime routing"
"England","Cambridge","National Express","Realtime routing"
"England","Cambridge","Stagecoach East","Realtime routing"
"England","Cambridge","Star Cabs","Realtime routing"
"England","Cambridge","Stephensons of Essex","Realtime routing"
"England","Cambridge","Thameslink","Realtime routing"
"England","Cambridge","Wanderbus","Realtime routing"
"England","Cambridge","Whippet Coaches","Realtime routing"
"England","Chelmsford","Arriva Herts and Essex","Realtime routing"
"England","Chelmsford","Central Connect","Realtime routing"
"England","Chelmsford","First Essex","Realtime routing"
"England","Chelmsford","Fords Coaches","Realtime routing"
"England","Chelmsford","Greater Anglia","Realtime routing"
"England","Chelmsford","JW Lodge & Sons","Realtime routing"
"England","Chelmsford","Konectbuses","Realtime routing"
"England","Chelmsford","NIBSbuses","Realtime routing"
"England","Chelmsford","National Express","Realtime routing"
"England","Chelmsford","Stephensons of Essex","Realtime routing"
"England","Chelmsford","Ugobus","Realtime routing"
"England","Cheltenham","Astra Coach Travel","Realtime routing"
"England","Cheltenham","Cheltenham Community Transport","Realtime routing"
"England","Cheltenham","CrossCountry","Realtime routing"
"England","Cheltenham","FlixBus","Realtime routing"
"England","Cheltenham","GWR","Realtime routing"
"England","Cheltenham","N N Cresswell","Realtime routing"
"England","Cheltenham","National Express","Realtime routing"
"England","Cheltenham","Pulhams Coaches","Realtime routing"
"England","Cheltenham","Stagecoach Oxfordshire","Realtime routing"
"England","Cheltenham","Stagecoach West","Realtime routing"
"England","Cheltenham","Transport for Wales","Realtime routing"
"England","Chester","Aintree Coachlines","Realtime routing"
"England","Chester","Al's Coaches","Realtime routing"
"England","Chester","Arriva North West","Realtime routing"
"England","Chester","Arriva Wales","Realtime routing"
"England","Chester","Avanti West Coast","Realtime routing"
"England","Chester","D & G Bus","Realtime routing"
"England","Chester","FlixBus","Realtime routing"
"England","Chester","M & H Coaches","Realtime routing"
"England","Chester","Merseyrail","Realtime routing"
"England","Chester","National Express","Realtime routing"
"England","Chester","Northern","Realtime routing"
"England","Chester","P & O Lloyd","Realtime routing"
"England","Chester","Stagecoach Merseyside and South Lancashire","Realtime routing"
"England","Chester","Transport for Wales","Realtime routing"
"England","Chesterfield","CrossCountry","Realtime routing"
"England","Chesterfield","E M R","Realtime routing"
"England","Chesterfield","First South Yorkshire","Realtime routing"
"England","Chesterfield","FlixBus","Realtime routing"
"England","Chesterfield","National Express","Realtime routing"
"England","Chesterfield","Northern","Realtime routing"
"England","Chesterfield","Notts and Derby","Realtime routing"
"England","Chesterfield","Stagecoach East Midlands","Realtime routing"
"England","Chesterfield","Stagecoach Yorkshire","Realtime routing"
"England","Chesterfield","TM Travel","Realtime routing"
"England","Chesterfield","trentbarton","Realtime routing"
"England","Colchester","Arriva Herts and Essex","Realtime routing"
"England","Colchester","First Essex","Realtime routing"
"England","Colchester","First Norfolk & Suffolk","Realtime routing"
"England","Colchester","Flagfinders","Realtime routing"
"England","Colchester","Greater Anglia","Realtime routing"
"England","Colchester","Harwich Connexions Transport","Realtime routing"
"England","Colchester","Ipswich Buses","Realtime routing"
"England","Colchester","Konectbuses","Realtime routing"
"England","Colchester","National Express","Realtime routing"
"England","Colchester","Stephensons of Essex","Realtime routing"
"England","Colchester","Tendring Community Transport","Realtime routing"
"England","Coventry","Arriva Midlands","Realtime routing"
"England","Coventry","Avanti West Coast","Realtime routing"
"England","Coventry","Coventry Minibuses","Realtime routing"
"England","Coventry","CrossCountry","Realtime routing"
"England","Coventry","Flexibus","Realtime routing"
"England","Coventry","FlixBus","Realtime routing"
"England","Coventry","National Express","Realtime routing"
"England","Coventry","National Express Coventry","Realtime routing"
"England","Coventry","New Bharat Coaches (Southall, London)","Realtime routing"
"England","Coventry","Stagecoach Midlands","Realtime routing"
"England","Coventry","West Midlands Trains","Realtime routing"
"England","Crawley","Compass Travel","Realtime routing"
"England","Crawley","FlixBus","Realtime routing"
"England","Crawley","GWR","Realtime routing"
"England","Crawley","Gatwick Airport inter-terminal Shuttle","Realtime routing"
"England","Crawley","Gatwick Express","Realtime routing"
"England","Crawley","Gatwick Hoppa","Realtime routing"
"England","Crawley","Metrobus","Realtime routing"
"England","Crawley","National Express","Realtime routing"
"England","Crawley","Oxford Bus Company","Realtime routing"
"England","Crawley","Southern","Realtime routing"
"England","Crawley","Thameslink","Realtime routing"
"England","Crawley","United Minibuses","Realtime routing"
"England","Croydon","Arriva London North","Realtime routing"
"England","Croydon","Arriva London South","Realtime routing"
"England","Croydon","Go Ahead London","Realtime routing"
"England","Croydon","London Overground","Realtime routing"
"England","Croydon","London Tramlink","Realtime routing"
"England","Croydon","Metrobus","Realtime routing"
"England","Croydon","National Express","Realtime routing"
"England","Croydon","Southern","Realtime routing"
"England","Croydon","Stagecoach London","Realtime routing"
"England","Croydon","Thameslink","Realtime routing"
"England","Croydon","Transport UK","Realtime routing"
"England","Derby","Arriva Derby","Realtime routing"
"England","Derby","Arriva Midlands","Realtime routing"
"England","Derby","Central Connect","Realtime routing"
"England","Derby","CrossCountry","Realtime routing"
"England","Derby","Diamond Bus East Midlands","Realtime routing"
"England","Derby","E M R","Realtime routing"
"England","Derby","FlixBus","Realtime routing"
"England","Derby","Harpurs Coaches","Realtime routing"
"England","Derby","Hawkes Coaches","Realtime routing"
"England","Derby","High Peak","Realtime routing"
"England","Derby","Kinchbus","Realtime routing"
"England","Derby","National Express","Realtime routing"
"England","Derby","Notts and Derby","Realtime routing"
"England","Derby","trentbarton","Realtime routing"
"England","Doncaster","Arriva Yorkshire","Realtime routing"
"England","Doncaster","CrossCountry","Realtime routing"
"England","Doncaster","David Goodfellow Travel","Realtime routing"
"England","Doncaster","E M R","Realtime routing"
"England","Doncaster","First South Yorkshire","Realtime routing"
"England","Doncaster","Globe Coaches","Realtime routing"
"England","Doncaster","Grand Central","Realtime routing"
"England","Doncaster","Hornsbys Bus & Coach","Realtime routing"
"England","Doncaster","Hull Trains","Realtime routing"
"England","Doncaster","John L Law","Realtime routing"
"England","Doncaster","LNER","Realtime routing"
"England","Doncaster","National Express","Realtime routing"
"England","Doncaster","Northern","Realtime routing"
"England","Doncaster","Stagecoach East Midlands","Realtime routing"
"England","Doncaster","Stagecoach Yorkshire","Realtime routing"
"England","Doncaster","Steve Keats of Sheffield","Realtime routing"
"England","Doncaster","TransPennine Express","Realtime routing"
"England","Doncaster","Wilfreda Beehive","Realtime routing"
"England","Doncaster","Yorkshire Travel Group","Realtime routing"
"England","Enfield","Arriva London North","Realtime routing"
"England","Enfield","Go Ahead London","Realtime routing"
"England","Enfield","Great Northern","Realtime routing"
"England","Enfield","Greater Anglia","Realtime routing"
"England","Enfield","London Overground","Realtime routing"
"England","Enfield","London Sovereign","Realtime routing"
"England","Enfield","London Underground (TfL)","Realtime routing"
"England","Enfield","Metroline Travel","Realtime routing"
"England","Enfield","Replacement Service","Realtime routing"
"England","Enfield","Stagecoach London","Realtime routing"
"England","Enfield","Sullivan Buses","Realtime routing"
"England","Enfield","Thameslink","Realtime routing"
"England","Enfield","Uno","Realtime routing"
"England","Exeter","Axe Valley Mini-Travel","Realtime routing"
"England","Exeter","Country Bus","Realtime routing"
"England","Exeter","CrossCountry","Realtime routing"
"England","Exeter","Dartline Coaches","Realtime routing"
"England","Exeter","FlixBus","Realtime routing"
"England","Exeter","GWR","Realtime routing"
"England","Exeter","Greenslades Tours","Realtime routing"
"England","Exeter","MD Coaches","Realtime routing"
"England","Exeter","National Express","Realtime routing"
"England","Exeter","South Western Railway","Realtime routing"
"England","Exeter","Stagecoach South West","Realtime routing"
"England","Gateshead","Arriva North East","Realtime routing"
"England","Gateshead","Gateshead Central Buses","Realtime routing"
"England","Gateshead","Go North East","Realtime routing"
"England","Gateshead","JH Coaches","Realtime routing"
"England","Gateshead","L & G Coaches","Realtime routing"
"England","Gateshead","Nexus (Tyne & Wear Metro)","Realtime routing"
"England","Gateshead","Northern","Realtime routing"
"England","Gateshead","Northstar","Realtime routing"
"England","Gateshead","Stagecoach North East","Realtime routing"
"England","Gateshead","Stanley Travel","Realtime routing"
"England","Gateshead","Tyne and Wear Metro","Realtime routing"
"England","Gloucester","Astra Coach Travel","Realtime routing"
"England","Gloucester","Cheltenham Community Transport","Realtime routing"
"England","Gloucester","CrossCountry","Realtime routing"
"England","Gloucester","F R Willetts","Realtime routing"
"England","Gloucester","FlixBus","Realtime routing"
"England","Gloucester","GWR","Realtime routing"
"England","Gloucester","National Express","Realtime routing"
"England","Gloucester","Newent Community Link","Realtime routing"
"England","Gloucester","Pulhams Coaches","Realtime routing"
"England","Gloucester","Stagecoach West","Realtime routing"
"England","Gloucester","Transport for Wales","Realtime routing"
"England","Grimsby","CallConnect","Realtime routing"
"England","Grimsby","E M R","Realtime routing"
"England","Grimsby","Grayscroft Coaches","Realtime routing"
"England","Grimsby","National Express","Realtime routing"
"England","Grimsby","Northern","Realtime routing"
"England","Grimsby","Stagecoach East Midlands","Realtime routing"
"England","Grimsby","TransPennine Express","Realtime routing"
"England","Halifax","Arriva Yorkshire","Realtime routing"
"England","Halifax","First Bradford","Realtime routing"
"England","Halifax","First Halifax, Calder Valley & Huddersfield","Realtime routing"
"England","Halifax","First Leeds","Realtime routing"
"England","Halifax","First West Yorkshire Ltd","Realtime routing"
"England","Halifax","Go Ahead West Yorkshire","Realtime routing"
"England","Halifax","Grand Central","Realtime routing"
"England","Halifax","National Express","Realtime routing"
"England","Halifax","Northern","Realtime routing"
"England","Halifax","South Pennine Community Transport","Realtime routing"
"England","Halifax","TLC Travel","Realtime routing"
"England","Halifax","Team Pennine","Realtime routing"
"England","Halifax","The Keighley Bus Company","Realtime routing"
"England","Halifax","TransPennine Express","Realtime routing"
"England","Harrow","Chiltern Railways","Realtime routing"
"England","Harrow","London Overground","Realtime routing"
"England","Harrow","London Sovereign","Realtime routing"
"England","Harrow","London Underground","Realtime routing"
"England","Harrow","London Underground (TfL)","Realtime routing"
"England","Harrow","London United","Realtime routing"
"England","Harrow","Metroline Travel","Realtime routing"
"England","Harrow","Red Eagle","Realtime routing"
"England","Harrow","Replacement Service","Realtime routing"
"England","Harrow","Southern","Realtime routing"
"England","Harrow","Uno","Realtime routing"
"England","Harrow","West Midlands Trains","Realtime routing"
"England","High Wycombe","Carousel Buses","Realtime routing"
"England","High Wycombe","Chiltern Railways","Realtime routing"
"England","High Wycombe","First Berkshire & The Thames Valley","Realtime routing"
"England","High Wycombe","Oxford Bus Company","Realtime routing"
"England","High Wycombe","Red Eagle","Realtime routing"
"England","High Wycombe","Red Rose Travel","Realtime routing"
"England","High Wycombe","Redline","Realtime routing"
"England","High Wycombe","Risborough Area Community Bus","Realtime routing"
"England","High Wycombe","Thames Valley Buses","Realtime routing"
"England","Huddersfield","Arriva Yorkshire","Realtime routing"
"England","Huddersfield","B & H Travel","Realtime routing"
"England","Huddersfield","Bee Network","Realtime routing"
"England","Huddersfield","First Halifax, Calder Valley & Huddersfield","Realtime routing"
"England","Huddersfield","First West Yorkshire Ltd","Realtime routing"
"England","Huddersfield","Globe Coaches","Realtime routing"
"England","Huddersfield","Globe Holidays","Realtime routing"
"England","Huddersfield","National Express","Realtime routing"
"England","Huddersfield","Northern","Realtime routing"
"England","Huddersfield","South Pennine Community Transport","Realtime routing"
"England","Huddersfield","Stagecoach Yorkshire","Realtime routing"
"England","Huddersfield","Stotts Coaches","Realtime routing"
"England","Huddersfield","TLC Travel","Realtime routing"
"England","Huddersfield","Team Pennine","Realtime routing"
"England","Huddersfield","TransPennine Express","Realtime routing"
"England","Ilford","Arriva London North","Realtime routing"
"England","Ilford","Elizabeth line","Realtime routing"
"England","Ilford","Go Ahead London","Realtime routing"
"England","Ilford","Greater Anglia","Realtime routing"
"England","Ilford","London Underground (TfL)","Realtime routing"
"England","Ilford","Metroline Travel","Realtime routing"
"England","Ilford","Stagecoach London","Realtime routing"
"England","Ipswich","Beestons","Realtime routing"
"England","Ipswich","First Norfolk & Suffolk","Realtime routing"
"England","Ipswich","Greater Anglia","Realtime routing"
"England","Ipswich","Hadleigh Community Transport","Realtime routing"
"England","Ipswich","Ipswich Buses","Realtime routing"
"England","Ipswich","Konectbuses","Realtime routing"
"England","Ipswich","Mulleys Motorways","Realtime routing"
"England","Ipswich","National Express","Realtime routing"
"England","Ipswich","Simonds","Realtime routing"
"England","Leeds","21 Transport","Realtime routing"
"England","Leeds","Arriva Yorkshire","Realtime routing"
"England","Leeds","Coastliner","Realtime routing"
"England","Leeds","Connexions Buses","Realtime routing"
"England","Leeds","CrossCountry","Realtime routing"
"England","Leeds","First Bradford","Realtime routing"
"England","Leeds","First Halifax, Calder Valley & Huddersfield","Realtime routing"
"England","Leeds","First Leeds","Realtime routing"
"England","Leeds","First West Yorkshire Ltd","Realtime routing"
"England","Leeds","FlixBus","Realtime routing"
"England","Leeds","Flyer","Realtime routing"
"England","Leeds","Go Ahead West Yorkshire","Realtime routing"
"England","Leeds","LNER","Realtime routing"
"England","Leeds","Megabus","Realtime routing"
"England","Leeds","National Express","Realtime routing"
"England","Leeds","North Yorkshire Council","Realtime routing"
"England","Leeds","Northern","Realtime routing"
"England","Leeds","Squarepeg","Realtime routing"
"England","Leeds","TLC Travel","Realtime routing"
"England","Leeds","Tetley's","Realtime routing"
"England","Leeds","The Harrogate Bus Company","Realtime routing"
"England","Leeds","The Keighley Bus Company","Realtime routing"
"England","Leeds","TransPennine Express","Realtime routing"
"England","Leeds","Wharfeconnections","Realtime routing"
"England","Leeds","York Pullman","Realtime routing"
"England","Leeds","Yorkshire Travel Group","Realtime routing"
"England","Leicester","Arriva Midlands","Realtime routing"
"England","Leicester","Central Connect","Realtime routing"
"England","Leicester","Centrebus","Realtime routing"
"England","Leicester","CrossCountry","Realtime routing"
"England","Leicester","E M R","Realtime routing"
"England","Leicester","First Leicester","Realtime routing"
"England","Leicester","FlixBus","Realtime routing"
"England","Leicester","Kinchbus","Realtime routing"
"England","Leicester","National Express","Realtime routing"
"England","Leicester","New Bharat Coaches (Southall, London)","Realtime routing"
"England","Leicester","Roberts Travel Group","Realtime routing"
"England","Leicester","Stagecoach Midlands","Realtime routing"
"England","Lincoln","Black Cat Travel","Realtime routing"
"England","Lincoln","Brylaine Travel","Realtime routing"
"England","Lincoln","CallConnect","Realtime routing"
"England","Lincoln","Centrebus","Realtime routing"
"England","Lincoln","E M R","Realtime routing"
"England","Lincoln","LNER","Realtime routing"
"England","Lincoln","National Express","Realtime routing"
"England","Lincoln","Northern","Realtime routing"
"England","Lincoln","PC Coaches","Realtime routing"
"England","Lincoln","Sleafordian Coaches","Realtime routing"
"England","Lincoln","Stagecoach East Midlands","Realtime routing"
"England","Liverpool","A and J Taxis","Realtime routing"
"England","Liverpool","Al's Coaches","Realtime routing"
"England","Liverpool","Arriva North West","Realtime routing"
"England","Liverpool","Ashcroft Travel","Realtime routing"
"England","Liverpool","Avanti West Coast","Realtime routing"
"England","Liverpool","Cavern City Tours","Realtime routing"
"England","Liverpool","Cumfybus","Realtime routing"
"England","Liverpool","E M R","Realtime routing"
"England","Liverpool","FlixBus","Realtime routing"
"England","Liverpool","Hattons Travel","Realtime routing"
"England","Liverpool","Huyton Travel","Realtime routing"
"England","Liverpool","Iain McGregor","Realtime routing"
"England","Liverpool","Liverpool City Sights","Realtime routing"
"England","Liverpool","Maghull Coaches","Realtime routing"
"England","Liverpool","Mersey Ferries","Realtime routing"
"England","Liverpool","Merseyrail","Realtime routing"
"England","Liverpool","Merseytravel (Airport Bus Link)","Realtime routing"
"England","Liverpool","National Express","Realtime routing"
"England","Liverpool","Northern","Realtime routing"
"England","Liverpool","Peoples Bus","Realtime routing"
"England","Liverpool","Stagecoach Merseyside and South Lancashire","Realtime routing"
"England","Liverpool","TransPennine Express","Realtime routing"
"England","Liverpool","Transport for Wales","Realtime routing"
"England","Liverpool","Warrington's Own Buses","Realtime routing"
"England","Liverpool","West Midlands Trains","Realtime routing"
"England","London","1st Bus Stop Ltd","Realtime routing"
"England","London","Arriva Herts and Essex","Realtime routing"
"England","London","Arriva London North","Realtime routing"
"England","London","Arriva London South","Realtime routing"
"England","London","Avanti West Coast","Realtime routing"
"England","London","BM Coaches","Realtime routing"
"England","London","Bear Buses","Realtime routing"
"England","London","Berry's Coaches","Realtime routing"
"England","London","BlaBlaCar Bus","Timetable routing"
"England","London","Brookline","Realtime routing"
"England","London","Buses4U","Realtime routing"
"England","London","Caledonian Sleeper","Realtime routing"
"England","London","Cardinal Buses","Realtime routing"
"England","London","Carlone Buses","Realtime routing"
"England","London","Carousel Buses","Realtime routing"
"England","London","Centaur Coaches","Realtime routing"
"England","London","Chatterbus","Realtime routing"
"England","London","Chiltern Railways","Realtime routing"
"England","London","Diamond Bus South East","Realtime routing"
"England","London","Docklands Buses","Realtime routing"
"England","London","E M R","Realtime routing"
"England","London","Edward Thomas","Realtime routing"
"England","London","Elizabeth line","Realtime routing"
"England","London","Ensignbus","Realtime routing"
"England","London","Eurolines SA","Estimated routing"
"England","London","Eurostar","Realtime routing"
"England","London","Falcon Buses","Realtime routing"
"England","London","First Berkshire & The Thames Valley","Realtime routing"
"England","London","FlixBus","Realtime routing"
"England","London","GWR","Realtime routing"
"England","London","Gatwick Express","Realtime routing"
"England","London","Go Ahead London","Realtime routing"
"England","London","Go-Coach Hire","Realtime routing"
"England","London","Grand Central","Realtime routing"
"England","London","Great Northern","Realtime routing"
"England","London","Greater Anglia","Realtime routing"
"England","London","Green Line (operated by Arriva)","Realtime routing"
"England","London","Heathrow Express","Realtime routing"
"England","London","Hotel Hoppa","Realtime routing"
"England","London","Hull Trains","Realtime routing"
"England","London","IFS Cloud Cable Car","Realtime routing"
"England","London","Kent Country","Realtime routing"
"England","London","LNER","Realtime routing"
"England","London","London Docklands Light Railway - TfL","Realtime routing"
"England","London","London Overground","Realtime routing"
"England","London","London Sovereign","Realtime routing"
"England","London","London Tramlink","Realtime routing"
"England","London","London Transit","Realtime routing"
"England","London","London Underground","Realtime routing"
"England","London","London Underground (TfL)","Realtime routing"
"England","London","London United","Realtime routing"
"England","London","Lumo","Realtime routing"
"England","London","Megabus","Realtime routing"
"England","London","Metrobus","Realtime routing"
"England","London","Metroline Travel","Realtime routing"
"England","London","NATIONAL EXPRESS OPERATIONS LIMITED","Realtime routing"
"England","London","National Express","Realtime routing"
"England","London","New Bharat Coaches (Southall, London)","Realtime routing"
"England","London","Newbury & District","Realtime routing"
"England","London","Oxford Bus Company","Realtime routing"
"England","London","Reading Buses","Realtime routing"
"England","London","Reading RailAir","Realtime routing"
"England","London","Red Eagle","Realtime routing"
"England","London","Red Rose Travel","Realtime routing"
"England","London","Redwing Coaches","Realtime routing"
"England","London","Replacement Service","Realtime routing"
"England","London","Reptons Coaches","Realtime routing"
"England","London","South Western Railway","Realtime routing"
"England","London","Southeastern","Realtime routing"
"England","London","Southern","Realtime routing"
"England","London","Stagecoach London","Realtime routing"
"England","London","Stagecoach Oxfordshire","Realtime routing"
"England","London","Sullivan Buses","Realtime routing"
"England","London","Thames Clippers","Realtime routing"
"England","London","Thames Valley Buses","Realtime routing"
"England","London","Thameslink","Realtime routing"
"England","London","Transport UK","Realtime routing"
"England","London","Uno","Realtime routing"
"England","London","West Midlands Trains","Realtime routing"
"England","London","White Bus Services","Realtime routing"
"England","London","Woolwich Free Ferry","Realtime routing"
"England","London","c2c","Realtime routing"
"England","Loughborough","Arriva Midlands","Realtime routing"
"England","Loughborough","CT4N","Realtime routing"
"England","Loughborough","Central Connect","Realtime routing"
"England","Loughborough","Centrebus","Realtime routing"
"England","Loughborough","E M R","Realtime routing"
"England","Loughborough","FlixBus","Realtime routing"
"England","Loughborough","Kinchbus","Realtime routing"
"England","Loughborough","National Express","Realtime routing"
"England","Loughborough","Nottingham City Transport","Realtime routing"
"England","Loughborough","Soar Valley Community Bus","Realtime routing"
"England","Loughborough","trentbarton","Realtime routing"
"England","Luton","Arriva Beds and Bucks","Realtime routing"
"England","Luton","Arriva Herts and Essex","Realtime routing"
"England","Luton","Centrebus","Realtime routing"
"England","Luton","E M R","Realtime routing"
"England","Luton","FlixBus","Realtime routing"
"England","Luton","Grant Palmer","Realtime routing"
"England","Luton","Great Northern","Realtime routing"
"England","Luton","Green Line (operated by Arriva)","Realtime routing"
"England","Luton","Luton DART","Realtime routing"
"England","Luton","National Express","Realtime routing"
"England","Luton","Red Eagle","Realtime routing"
"England","Luton","South Beds Dial-a-Ride","Realtime routing"
"England","Luton","Stagecoach East","Realtime routing"
"England","Luton","Thameslink","Realtime routing"
"England","Luton","Uno","Realtime routing"
"England","Maidstone","Arriva Kent and Surrey","Realtime routing"
"England","Maidstone","Autocar Bus & Coach Services","Realtime routing"
"England","Maidstone","Brookline","Realtime routing"
"England","Maidstone","Chalkwell Garage & Coach Hire","Realtime routing"
"England","Maidstone","Compaid Trust","Realtime routing"
"England","Maidstone","Hams Travel","Realtime routing"
"England","Maidstone","National Express","Realtime routing"
"England","Maidstone","Nu-Venture","Realtime routing"
"England","Maidstone","Southeastern","Realtime routing"
"England","Maidstone","Stagecoach South East","Realtime routing"
"England","Maidstone","Starline","Realtime routing"
"England","Manchester","Avanti West Coast","Realtime routing"
"England","Manchester","Bee Network","Realtime routing"
"England","Manchester","CrossCountry","Realtime routing"
"England","Manchester","D & G Bus","Realtime routing"
"England","Manchester","E M R","Realtime routing"
"England","Manchester","FlixBus","Realtime routing"
"England","Manchester","High Peak","Realtime routing"
"England","Manchester","Megabus","Realtime routing"
"England","Manchester","Metrolink","Realtime routing"
"England","Manchester","National Express","Realtime routing"
"England","Manchester","Northern","Realtime routing"
"England","Manchester","The Blackburn Bus Company","Realtime routing"
"England","Manchester","The Burnley Bus Company","Realtime routing"
"England","Manchester","TransPennine Express","Realtime routing"
"England","Manchester","Transport for Wales","Realtime routing"
"England","Mansfield","E M R","Realtime routing"
"England","Mansfield","National Express","Realtime routing"
"England","Mansfield","Nottinghamshire County Council Fleet Services","Realtime routing"
"England","Mansfield","Stagecoach East Midlands","Realtime routing"
"England","Mansfield","trentbarton","Realtime routing"
"England","Middlesbrough","Arriva North East","Realtime routing"
"England","Middlesbrough","FlixBus","Realtime routing"
"England","Middlesbrough","Go North East","Realtime routing"
"England","Middlesbrough","LNER","Realtime routing"
"England","Middlesbrough","National Express","Realtime routing"
"England","Middlesbrough","Northern","Realtime routing"
"England","Middlesbrough","Stagecoach North East","Realtime routing"
"England","Middlesbrough","TransPennine Express","Realtime routing"
"England","Milton Keynes","Arriva Beds and Bucks","Realtime routing"
"England","Milton Keynes","Avanti West Coast","Realtime routing"
"England","Milton Keynes","Flittabus","Realtime routing"
"England","Milton Keynes","Grant Palmer","Realtime routing"
"England","Milton Keynes","National Express","Realtime routing"
"England","Milton Keynes","Red Rose Travel","Realtime routing"
"England","Milton Keynes","South Beds Dial-a-Ride","Realtime routing"
"England","Milton Keynes","Stagecoach East","Realtime routing"
"England","Milton Keynes","Stagecoach Midlands","Realtime routing"
"England","Milton Keynes","Uno","Realtime routing"
"England","Milton Keynes","Villager Minibus Sharnbrook","Realtime routing"
"England","Milton Keynes","Wanderbus","Realtime routing"
"England","Milton Keynes","West Midlands Trains","Realtime routing"
"England","Milton Keynes","Winslow & District Community Bus","Realtime routing"
"England","Milton Keynes","Z & S Transport","Realtime routing"
"England","Newcastle upon Tyne","Arriva North East","Realtime routing"
"England","Newcastle upon Tyne","CrossCountry","Realtime routing"
"England","Newcastle upon Tyne","FlixBus","Realtime routing"
"England","Newcastle upon Tyne","Gateshead Central Buses","Realtime routing"
"England","Newcastle upon Tyne","Go North East","Realtime routing"
"England","Newcastle upon Tyne","JH Coaches","Realtime routing"
"England","Newcastle upon Tyne","LNER","Realtime routing"
"England","Newcastle upon Tyne","Liberty Coaches","Realtime routing"
"England","Newcastle upon Tyne","Lumo","Realtime routing"
"England","Newcastle upon Tyne","Megabus","Realtime routing"
"England","Newcastle upon Tyne","National Express","Realtime routing"
"England","Newcastle upon Tyne","Nexus (Tyne & Wear Metro)","Realtime routing"
"England","Newcastle upon Tyne","Northern","Realtime routing"
"England","Newcastle upon Tyne","Northstar","Realtime routing"
"England","Newcastle upon Tyne","Peter Hogg of Jedburgh","Realtime routing"
"England","Newcastle upon Tyne","Stagecoach Cumbria and North Lancashire","Realtime routing"
"England","Newcastle upon Tyne","Stagecoach North East","Realtime routing"
"England","Newcastle upon Tyne","Stanley Travel","Realtime routing"
"England","Newcastle upon Tyne","TransPennine Express","Realtime routing"
"England","Newcastle upon Tyne","Tyne and Wear Metro","Realtime routing"
"England","Newcastle upon Tyne","Wright Brothers Coaches","Realtime routing"
"England","Northampton","Arriva Beds and Bucks","Realtime routing"
"England","Northampton","Avanti West Coast","Realtime routing"
"England","Northampton","Cogenhoe and Whiston Parish Council","Realtime routing"
"England","Northampton","CommMiniBus","Realtime routing"
"England","Northampton","FlixBus","Realtime routing"
"England","Northampton","Lilbourne Community Bus","Realtime routing"
"England","Northampton","National Express","Realtime routing"
"England","Northampton","Stagecoach East","Realtime routing"
"England","Northampton","Stagecoach Midlands","Realtime routing"
"England","Northampton","West Midlands Trains","Realtime routing"
"England","Norwich","Borderbus","Realtime routing"
"England","Norwich","Coach Services","Realtime routing"
"England","Norwich","E M R","Realtime routing"
"England","Norwich","First Norfolk & Suffolk","Realtime routing"
"England","Norwich","FlixBus","Realtime routing"
"England","Norwich","Greater Anglia","Realtime routing"
"England","Norwich","Konectbus","Realtime routing"
"England","Norwich","National Express","Realtime routing"
"England","Norwich","Our Bus","Realtime routing"
"England","Norwich","Sanders Coaches","Realtime routing"
"England","Norwich","Simonds","Realtime routing"
"England","Norwich","Stagecoach Bluebird","Realtime routing"
"England","Nottingham","Arriva Midlands","Realtime routing"
"England","Nottingham","CT4N","Realtime routing"
"England","Nottingham","Central Connect","Realtime routing"
"England","Nottingham","Centrebus","Realtime routing"
"England","Nottingham","CrossCountry","Realtime routing"
"England","Nottingham","E M R","Realtime routing"
"England","Nottingham","FlixBus","Realtime routing"
"England","Nottingham","Kinchbus","Realtime routing"
"England","Nottingham","National Express","Realtime routing"
"England","Nottingham","Northern","Realtime routing"
"England","Nottingham","Nottingham City Transport","Realtime routing"
"England","Nottingham","Nottingham Express Transit (Tram)","Realtime routing"
"England","Nottingham","Nottingham Minibus","Realtime routing"
"England","Nottingham","Nottinghamshire County Council Fleet Services","Realtime routing"
"England","Nottingham","Skills Motor Coaches Limited","Realtime routing"
"England","Nottingham","Stagecoach East Midlands","Realtime routing"
"England","Nottingham","trentbarton","Realtime routing"
"England","Oldham","Bee Network","Realtime routing"
"England","Oldham","Metrolink","Realtime routing"
"England","Oldham","National Express","Realtime routing"
"England","Oldham","South Pennine Community Transport","Realtime routing"
"England","Oldham","TransPennine Express","Realtime routing"
"England","Oxford","Chiltern Railways","Realtime routing"
"England","Oxford","CrossCountry","Realtime routing"
"England","Oxford","FlixBus","Realtime routing"
"England","Oxford","GWR","Realtime routing"
"England","Oxford","National Express","Realtime routing"
"England","Oxford","Oxford Bus Company","Realtime routing"
"England","Oxford","Oxfordshire County Council (Fleet Services)","Realtime routing"
"England","Oxford","Pulhams Coaches","Realtime routing"
"England","Oxford","Red Rose Travel","Realtime routing"
"England","Oxford","Redline","Realtime routing"
"England","Oxford","Stagecoach East","Realtime routing"
"England","Oxford","Stagecoach Oxfordshire","Realtime routing"
"England","Oxford","Stagecoach West","Realtime routing"
"England","Oxford","Thames Travel","Realtime routing"
"England","Plymouth","Country Bus","Realtime routing"
"England","Plymouth","CrossCountry","Realtime routing"
"England","Plymouth","FlixBus","Realtime routing"
"England","Plymouth","GWR","Realtime routing"
"England","Plymouth","Go Cornwall Bus","Realtime routing"
"England","Plymouth","Gorran & District Community Bus","Realtime routing"
"England","Plymouth","Mountbatten Water Taxis","Realtime routing"
"England","Plymouth","National Express","Realtime routing"
"England","Plymouth","Plymouth Boat Trips","Realtime routing"
"England","Plymouth","Plymouth Citybus","Realtime routing"
"England","Plymouth","Stagecoach South West","Realtime routing"
"England","Plymouth","Tally Ho!","Realtime routing"
"England","Poole","FlixBus","Realtime routing"
"England","Poole","National Express","Realtime routing"
"England","Poole","Sandbanks Ferry","Realtime routing"
"England","Poole","South Western Railway","Realtime routing"
"England","Poole","Xelabus","Realtime routing"
"England","Poole","morebus","Realtime routing"
"England","Portsmouth","First Portsmouth, Fareham & Gosport","Realtime routing"
"England","Portsmouth","GWR","Realtime routing"
"England","Portsmouth","Gosport-Portsmouth Ferry","Realtime routing"
"England","Portsmouth","Hayling Ferry Limited","Realtime routing"
"England","Portsmouth","Hovertravel","Realtime routing"
"England","Portsmouth","National Express","Realtime routing"
"England","Portsmouth","South Western Railway","Realtime routing"
"England","Portsmouth","Southern","Realtime routing"
"England","Portsmouth","Stagecoach South","Realtime routing"
"England","Portsmouth","WightLink","Realtime routing"
"England","Preston","Archway Travel","Realtime routing"
"England","Preston","Avacab","Realtime routing"
"England","Preston","Avanti West Coast","Realtime routing"
"England","Preston","Bretherton Gold Line Tours","Realtime routing"
"England","Preston","Caledonian Sleeper","Realtime routing"
"England","Preston","Coach Hire Executive Travel Ltd","Realtime routing"
"England","Preston","Coastal Coaches","Realtime routing"
"England","Preston","Englands Limousines","Realtime routing"
"England","Preston","FlixBus","Realtime routing"
"England","Preston","Foreign Support","Realtime routing"
"England","Preston","Holmeswood Coaches Ltd","Realtime routing"
"England","Preston","Kirkby Lonsdale Coaches","Realtime routing"
"England","Preston","Mario Coaches","Realtime routing"
"England","Preston","Megabus","Realtime routing"
"England","Preston","Moving People","Realtime routing"
"England","Preston","National Express","Realtime routing"
"England","Preston","Northern","Realtime routing"
"England","Preston","Preston Bus","Realtime routing"
"England","Preston","Redline Travel","Realtime routing"
"England","Preston","Stagecoach Cumbria and North Lancashire","Realtime routing"
"England","Preston","Stagecoach Merseyside and South Lancashire","Realtime routing"
"England","Preston","The Blackburn Bus Company","Realtime routing"
"England","Preston","TransPennine Express","Realtime routing"
"England","Preston","Tyrers Coaches","Realtime routing"
"England","Preston","Vision Bus","Realtime routing"
"England","Preston","Waltons Coach Hire","Realtime routing"
"England","Reading","Carousel Buses","Realtime routing"
"England","Reading","CrossCountry","Realtime routing"
"England","Reading","Elizabeth line","Realtime routing"
"England","Reading","GWR","Realtime routing"
"England","Reading","Horseman Coaches","Realtime routing"
"England","Reading","National Express","Realtime routing"
"England","Reading","Oxfordshire County Council (Fleet Services)","Realtime routing"
"England","Reading","Reading Buses","Realtime routing"
"England","Reading","Reading RailAir","Realtime routing"
"England","Reading","South Western Railway","Realtime routing"
"England","Reading","Stewarts Coaches","Realtime routing"
"England","Reading","Thames Travel","Realtime routing"
"England","Reading","Thames Valley Buses","Realtime routing"
"England","Rochdale","Bee Network","Realtime routing"
"England","Rochdale","First Halifax, Calder Valley & Huddersfield","Realtime routing"
"England","Rochdale","First West Yorkshire Ltd","Realtime routing"
"England","Rochdale","Metrolink","Realtime routing"
"England","Rochdale","National Express","Realtime routing"
"England","Rochdale","Northern","Realtime routing"
"England","Rochdale","Team Pennine","Realtime routing"
"England","Rochdale","The Blackburn Bus Company","Realtime routing"
"England","Rochdale","TransPennine Express","Realtime routing"
"England","Romford","Arriva London North","Realtime routing"
"England","Romford","Central Connect","Realtime routing"
"England","Romford","Docklands Buses","Realtime routing"
"England","Romford","Elizabeth line","Realtime routing"
"England","Romford","Epping Forest Community Transport","Realtime routing"
"England","Romford","First Essex","Realtime routing"
"England","Romford","Go Ahead London","Realtime routing"
"England","Romford","Greater Anglia","Realtime routing"
"England","Romford","London Overground","Realtime routing"
"England","Romford","Stagecoach London","Realtime routing"
"England","Romford","Stephensons of Essex","Realtime routing"
"England","Rotherham","Cawthorne's Travel","Realtime routing"
"England","Rotherham","Chad Healey European Ltd","Realtime routing"
"England","Rotherham","First South Yorkshire","Realtime routing"
"England","Rotherham","Globe Coaches","Realtime routing"
"England","Rotherham","John L Law","Realtime routing"
"England","Rotherham","Moxons Tours","Realtime routing"
"England","Rotherham","Northern","Realtime routing"
"England","Rotherham","South Pennine Community Transport","Realtime routing"
"England","Rotherham","South Yorkshire Future Tram","Realtime routing"
"England","Rotherham","Stagecoach East Midlands","Realtime routing"
"England","Rotherham","Stagecoach Yorkshire","Realtime routing"
"England","Rotherham","Steve Keats of Sheffield","Realtime routing"
"England","Rotherham","TM Travel","Realtime routing"
"England","Rotherham","TransPennine Express","Realtime routing"
"England","Rotherham","Wilfreda Beehive","Realtime routing"
"England","Sheffield","Andrews of Tideswell","Realtime routing"
"England","Sheffield","Ashley Travel","Realtime routing"
"England","Sheffield","Cawthorne's Travel","Realtime routing"
"England","Sheffield","CrossCountry","Realtime routing"
"England","Sheffield","E M R","Realtime routing"
"England","Sheffield","First South Yorkshire","Realtime routing"
"England","Sheffield","FlixBus","Realtime routing"
"England","Sheffield","Heatons Coaches","Realtime routing"
"England","Sheffield","High Peak","Realtime routing"
"England","Sheffield","Megabus","Realtime routing"
"England","Sheffield","National Express","Realtime routing"
"England","Sheffield","Northern","Realtime routing"
"England","Sheffield","Sheffield Community Transport","Realtime routing"
"England","Sheffield","South Pennine Community Transport","Realtime routing"
"England","Sheffield","South Yorkshire Future Tram","Realtime routing"
"England","Sheffield","Stagecoach East Midlands","Realtime routing"
"England","Sheffield","Stagecoach Yorkshire","Realtime routing"
"England","Sheffield","Steve Keats of Sheffield","Realtime routing"
"England","Sheffield","TM Travel","Realtime routing"
"England","Sheffield","TransPennine Express","Realtime routing"
"England","Shrewsbury","Arriva Midlands","Realtime routing"
"England","Shrewsbury","Bennetts Travel","Realtime routing"
"England","Shrewsbury","Boultons of Shropshire","Realtime routing"
"England","Shrewsbury","Celtic Travel","Realtime routing"
"England","Shrewsbury","Lakeside Coaches","Realtime routing"
"England","Shrewsbury","Minsterley Motors","Realtime routing"
"England","Shrewsbury","National Express","Realtime routing"
"England","Shrewsbury","Select Bus Services","Realtime routing"
"England","Shrewsbury","Tanat Valley Coaches","Realtime routing"
"England","Shrewsbury","Transport for Wales","Realtime routing"
"England","Shrewsbury","West Midlands Trains","Realtime routing"
"England","Slough","Carousel Buses","Realtime routing"
"England","Slough","Diamond Bus South East","Realtime routing"
"England","Slough","Elizabeth line","Realtime routing"
"England","Slough","First Berkshire & The Thames Valley","Realtime routing"
"England","Slough","GWR","Realtime routing"
"England","Slough","Hotel Hoppa","Realtime routing"
"England","Slough","Metroline Travel","Realtime routing"
"England","Slough","New Bharat Coaches (Southall, London)","Realtime routing"
"England","Slough","Reading Buses","Realtime routing"
"England","Slough","Red Eagle","Realtime routing"
"England","Slough","Redline","Realtime routing"
"England","Slough","Replacement Service","Realtime routing"
"England","Slough","Thames Valley Buses","Realtime routing"
"England","Solihull","Air-Rail Link","Realtime routing"
"England","Solihull","Avanti West Coast","Realtime routing"
"England","Solihull","Caledonian Sleeper","Realtime routing"
"England","Solihull","Chiltern Railways","Realtime routing"
"England","Solihull","Coventry Minibuses","Realtime routing"
"England","Solihull","CrossCountry","Realtime routing"
"England","Solihull","Diamond Bus","Realtime routing"
"England","Solihull","Flexibus","Realtime routing"
"England","Solihull","LandFlight","Realtime routing"
"England","Solihull","National Express","Realtime routing"
"England","Solihull","National Express Coventry","Realtime routing"
"England","Solihull","National Express West Midlands","Realtime routing"
"England","Solihull","Stagecoach Midlands","Realtime routing"
"England","Solihull","Transport for Wales","Realtime routing"
"England","Solihull","West Midlands Trains","Realtime routing"
"England","Southampton","Bluestar","Realtime routing"
"England","Southampton","Broughton & Mottisfont Community Bus","Realtime routing"
"England","Southampton","CrossCountry","Realtime routing"
"England","Southampton","First Portsmouth, Fareham & Gosport","Realtime routing"
"England","Southampton","FlixBus","Timetable routing"
"England","Southampton","GWR","Realtime routing"
"England","Southampton","National Express","Realtime routing"
"England","Southampton","Red Funnel","Realtime routing"
"England","Southampton","Red Funnel Ferries","Realtime routing"
"England","Southampton","Salisbury Reds","Realtime routing"
"England","Southampton","South Western Railway","Realtime routing"
"England","Southampton","Southern","Realtime routing"
"England","Southampton","Uni-Link","Realtime routing"
"England","Southampton","Xelabus","Realtime routing"
"England","St Helens","Arriva North West","Realtime routing"
"England","St Helens","Bee Network","Realtime routing"
"England","St Helens","Derek Hilton Travel","Realtime routing"
"England","St Helens","Hattons Travel","Realtime routing"
"England","St Helens","Howards Travel","Realtime routing"
"England","St Helens","Huyton Travel","Realtime routing"
"England","St Helens","Link Network","Realtime routing"
"England","St Helens","Northern","Realtime routing"
"England","St Helens","Preston Bus","Realtime routing"
"England","St Helens","Stagecoach Merseyside and South Lancashire","Realtime routing"
"England","St Helens","TransPennine Express","Realtime routing"
"England","St Helens","Transport for Wales","Realtime routing"
"England","St Helens","Warrington's Own Buses","Realtime routing"
"England","Stockport","Avanti West Coast","Realtime routing"
"England","Stockport","Bee Network","Realtime routing"
"England","Stockport","Belle Vue Coaches","Realtime routing"
"England","Stockport","CrossCountry","Realtime routing"
"England","Stockport","D & G Bus","Realtime routing"
"England","Stockport","E M R","Realtime routing"
"England","Stockport","High Peak","Realtime routing"
"England","Stockport","National Express","Realtime routing"
"England","Stockport","Northern","Realtime routing"
"England","Stockport","TransPennine Express","Realtime routing"
"England","Stockport","Transport for Wales","Realtime routing"
"England","Stoke-on-Trent","Arriva Midlands","Realtime routing"
"England","Stoke-on-Trent","Avanti West Coast","Realtime routing"
"England","Stoke-on-Trent","CrossCountry","Realtime routing"
"England","Stoke-on-Trent","D & G Bus","Realtime routing"
"England","Stoke-on-Trent","E M R","Realtime routing"
"England","Stoke-on-Trent","First Potteries","Realtime routing"
"England","Stoke-on-Trent","FlixBus","Realtime routing"
"England","Stoke-on-Trent","National Express","Realtime routing"
"England","Stoke-on-Trent","Northern","Realtime routing"
"England","Stoke-on-Trent","Scraggs","Realtime routing"
"England","Stoke-on-Trent","Stanton's of Stoke","Realtime routing"
"England","Stoke-on-Trent","West Midlands Trains","Realtime routing"
"England","Sunderland","Arriva North East","Realtime routing"
"England","Sunderland","City Transport","Realtime routing"
"England","Sunderland","FlixBus","Realtime routing"
"England","Sunderland","Gateshead Central Buses","Realtime routing"
"England","Sunderland","Go North East","Realtime routing"
"England","Sunderland","Grand Central","Realtime routing"
"England","Sunderland","JH Coaches","Realtime routing"
"England","Sunderland","L & G Coaches","Realtime routing"
"England","Sunderland","National Express","Realtime routing"
"England","Sunderland","Nexus (Tyne & Wear Metro)","Realtime routing"
"England","Sunderland","Northern","Realtime routing"
"England","Sunderland","Northstar","Realtime routing"
"England","Sunderland","Stagecoach North East","Realtime routing"
"England","Sunderland","Tyne and Wear Metro","Realtime routing"
"England","Sutton Coldfield","Arriva Midlands","Realtime routing"
"England","Sutton Coldfield","Diamond Bus","Realtime routing"
"England","Sutton Coldfield","Flexibus","Realtime routing"
"England","Sutton Coldfield","National Express West Midlands","Realtime routing"
"England","Sutton Coldfield","West Midlands Trains","Realtime routing"
"England","Swindon","Coachstyle","Realtime routing"
"England","Swindon","FlixBus","Realtime routing"
"England","Swindon","GWR","Realtime routing"
"England","Swindon","National Express","Realtime routing"
"England","Swindon","Pulhams Coaches","Realtime routing"
"England","Swindon","Salisbury Reds","Realtime routing"
"England","Swindon","Stagecoach West","Realtime routing"
"England","Swindon","Swindon's Bus Company","Realtime routing"
"England","Swindon","West Berkshire Council Transport Services","Realtime routing"
"England","Telford","Arriva Midlands","Realtime routing"
"England","Telford","Banga Buses","Realtime routing"
"England","Telford","National Express","Realtime routing"
"England","Telford","Select Bus Services","Realtime routing"
"England","Telford","Tanat Valley Coaches","Realtime routing"
"England","Telford","Transport for Wales","Realtime routing"
"England","Telford","West Midlands Trains","Realtime routing"
"England","Wakefield","Arriva Yorkshire","Realtime routing"
"England","Wakefield","Connexions Buses","Realtime routing"
"England","Wakefield","CrossCountry","Realtime routing"
"England","Wakefield","First Leeds","Realtime routing"
"England","Wakefield","Globe Coaches","Realtime routing"
"England","Wakefield","Globe Holidays","Realtime routing"
"England","Wakefield","Go Ahead West Yorkshire","Realtime routing"
"England","Wakefield","Grand Central","Realtime routing"
"England","Wakefield","LNER","Realtime routing"
"England","Wakefield","National Express","Realtime routing"
"England","Wakefield","Northern","Realtime routing"
"England","Wakefield","Ross Travel","Realtime routing"
"England","Wakefield","Stagecoach Yorkshire","Realtime routing"
"England","Wakefield","Stevenson's Travel","Realtime routing"
"England","Wakefield","Stringers","Realtime routing"
"England","Wakefield","TJ's Travel","Realtime routing"
"England","Wakefield","Team Pennine","Realtime routing"
"England","Wakefield","Tetley's","Realtime routing"
"England","Wakefield","TransPennine Express","Realtime routing"
"England","Wakefield","Yorkshire Travel Group","Realtime routing"
"England","Walsall","Banga Buses","Realtime routing"
"England","Walsall","Carolean Coaches","Realtime routing"
"England","Walsall","Chaserider","Realtime routing"
"England","Walsall","Diamond Bus","Realtime routing"
"England","Walsall","National Express","Realtime routing"
"England","Walsall","National Express West Midlands","Realtime routing"
"England","Walsall","Walsall Community Transport","Realtime routing"
"England","Walsall","West Midlands Trains","Realtime routing"
"England","Warrington","Anthony's Travel","Realtime routing"
"England","Warrington","Arriva North West","Realtime routing"
"England","Warrington","Avanti West Coast","Realtime routing"
"England","Warrington","Bee Network","Realtime routing"
"England","Warrington","Derek Hilton Travel","Realtime routing"
"England","Warrington","E M R","Realtime routing"
"England","Warrington","FlixBus","Realtime routing"
"England","Warrington","Howards Travel","Realtime routing"
"England","Warrington","Huyton Travel","Realtime routing"
"England","Warrington","Link Network","Realtime routing"
"England","Warrington","Northern","Realtime routing"
"England","Warrington","Stagecoach Merseyside and South Lancashire","Realtime routing"
"England","Warrington","TransPennine Express","Realtime routing"
"England","Warrington","Transport for Wales","Realtime routing"
"England","Warrington","Warrington's Own Buses","Realtime routing"
"England","Watford","Arriva Beds and Bucks","Realtime routing"
"England","Watford","Arriva Herts and Essex","Realtime routing"
"England","Watford","Avanti West Coast","Realtime routing"
"England","Watford","Caledonian Sleeper","Realtime routing"
"England","Watford","First Berkshire & The Thames Valley","Realtime routing"
"England","Watford","London Overground","Realtime routing"
"England","Watford","London Underground (TfL)","Realtime routing"
"England","Watford","Metroline Travel","Realtime routing"
"England","Watford","Red Eagle","Realtime routing"
"England","Watford","Red Rose Travel","Realtime routing"
"England","Watford","Southern","Realtime routing"
"England","Watford","Sullivan Buses","Realtime routing"
"England","Watford","Uno","Realtime routing"
"England","Watford","West Midlands Trains","Realtime routing"
"England","Westcliff-on-Sea","Arriva Herts and Essex","Realtime routing"
"England","Westcliff-on-Sea","Ensignbus","Realtime routing"
"England","Westcliff-on-Sea","First Essex","Realtime routing"
"England","Westcliff-on-Sea","Greater Anglia","Realtime routing"
"England","Westcliff-on-Sea","NIBSbuses","Realtime routing"
"England","Westcliff-on-Sea","Stephensons of Essex","Realtime routing"
"England","Westcliff-on-Sea","c2c","Realtime routing"
"England","Wigan","A1 Coaches","Realtime routing"
"England","Wigan","Arriva North West","Realtime routing"
"England","Wigan","Avanti West Coast","Realtime routing"
"England","Wigan","Bee Network","Realtime routing"
"England","Wigan","Derek Hilton Travel","Realtime routing"
"England","Wigan","Don Fraser Coaches","Realtime routing"
"England","Wigan","Holmeswood Coaches Ltd","Realtime routing"
"England","Wigan","Huyton Travel","Realtime routing"
"England","Wigan","Northern","Realtime routing"
"England","Wigan","Preston Bus","Realtime routing"
"England","Wigan","Stagecoach Merseyside and South Lancashire","Realtime routing"
"England","Wigan","TransPennine Express","Realtime routing"
"England","Wigan","Warrington's Own Buses","Realtime routing"
"England","Wirral","A2B Travel","Realtime routing"
"England","Wirral","Aintree Coachlines","Realtime routing"
"England","Wirral","Al's Coaches","Realtime routing"
"England","Wirral","Arriva North West","Realtime routing"
"England","Wirral","Mersey Ferries","Realtime routing"
"England","Wirral","Merseyrail","Realtime routing"
"England","Wirral","National Express","Realtime routing"
"England","Wirral","Stagecoach Merseyside and South Lancashire","Realtime routing"
"England","Wirral","Transport for Wales","Realtime routing"
"England","Wolverhampton","Arriva Midlands","Realtime routing"
"England","Wolverhampton","Avanti West Coast","Realtime routing"
"England","Wolverhampton","Banga Buses","Realtime routing"
"England","Wolverhampton","Carolean Coaches","Realtime routing"
"England","Wolverhampton","Chaserider","Realtime routing"
"England","Wolverhampton","CrossCountry","Realtime routing"
"England","Wolverhampton","Diamond Bus","Realtime routing"
"England","Wolverhampton","Let's Go","Realtime routing"
"England","Wolverhampton","National Express","Realtime routing"
"England","Wolverhampton","National Express West Midlands","Realtime routing"
"England","Wolverhampton","New Bharat Coaches (Southall, London)","Realtime routing"
"England","Wolverhampton","Select Bus Services","Realtime routing"
"England","Wolverhampton","Transport for Wales","Realtime routing"
"England","Wolverhampton","West Midlands Metro","Realtime routing"
"England","Wolverhampton","West Midlands Trains","Realtime routing"
"England","Worcester","Astons Coaches","Realtime routing"
"England","Worcester","DRM Bus","Realtime routing"
"England","Worcester","Diamond Bus","Realtime routing"
"England","Worcester","First Worcestershire","Realtime routing"
"England","Worcester","GWR","Realtime routing"
"England","Worcester","LMS Travel","Realtime routing"
"England","Worcester","National Express","Realtime routing"
"England","Worcester","West Midlands Trains","Realtime routing"
"England","Worcester","Yarranton Brothers","Realtime routing"
"England","Worthing","Amberley & Slindon Community Bus","Realtime routing"
"England","Worthing","Compass Travel","Realtime routing"
"England","Worthing","Metrobus","Realtime routing"
"England","Worthing","National Express","Realtime routing"
"England","Worthing","Southern","Realtime routing"
"England","Worthing","Stagecoach South","Realtime routing"
"England","York","Arriva Yorkshire","Realtime routing"
"England","York","Coastliner","Realtime routing"
"England","York","Connexions Buses","Realtime routing"
"England","York","CrossCountry","Realtime routing"
"England","York","East Yorkshire","Realtime routing"
"England","York","First York","Realtime routing"
"England","York","Grand Central","Realtime routing"
"England","York","LNER","Realtime routing"
"England","York","National Express","Realtime routing"
"England","York","North Yorkshire Council","Realtime routing"
"England","York","Northern","Realtime routing"
"England","York","TransPennine Express","Realtime routing"
"England","York","York Pullman","Realtime routing"
"Estonia","Tallinn","AS Lux Express Estonia","Timetable routing"
"Estonia","Tallinn","Aktsiaselts MK Autobuss","Timetable routing"
"Estonia","Tallinn","Arilix OÜ","Timetable routing"
"Estonia","Tallinn","ELRON","Timetable routing"
"Estonia","Tallinn","Ekspressbussiliinid osaühing","Timetable routing"
"Estonia","Tallinn","Estonian Lines OÜ","Timetable routing"
"Estonia","Tallinn","FlixBus","Timetable routing"
"Estonia","Tallinn","GoBus AS","Timetable routing"
"Estonia","Tallinn","HANSABUSS AS","Timetable routing"
"Estonia","Tallinn","Kihnu Veeteed","Estimated routing"
"Estonia","Tallinn","Lux Express Estonia AS","Estimated routing"
"Estonia","Tallinn","Lux Express Estonia Ecolines Estonis EU Temptrans ООО Петербургская транспортная компания","Estimated routing"
"Estonia","Tallinn","MK Reis OÜ","Timetable routing"
"Estonia","Tallinn","Norma A SIA","Estimated routing"
"Estonia","Tallinn","Norma-A SIA","Timetable routing"
"Estonia","Tallinn","OÜ Baltic Shuttle","Timetable routing"
"Estonia","Tallinn","SEBE Aktsiaselts","Timetable routing"
"Estonia","Tallinn","Sirel Reisid OÜ","Timetable routing"
"Estonia","Tallinn","Tallink Grupp AS","Realtime routing"
"Estonia","Tallinn","Tallinna Linnatranspordi AS","Timetable routing"
"Estonia","Tallinn","osaühing Tulisilm","Timetable routing"
"Estonia","Tallinn","ГППО Псковпассажиравтотранс АО Эсвил Рейсид","Estimated routing"
"Estonia","Tallinn","ООО СКСавто","Estimated routing"
"Estonia","Tallinn","ООО СКСавто ИП Кулик В.В.","Estimated routing"
"Estonia","Tartu","AS Lux Express Estonia","Timetable routing"
"Estonia","Tartu","ATG Bussipark OÜ","Timetable routing"
"Estonia","Tartu","Aktsiaselts MK Autobuss","Timetable routing"
"Estonia","Tartu","Arilix OÜ","Timetable routing"
"Estonia","Tartu","ELRON","Timetable routing"
"Estonia","Tartu","Eesti Bussiliinid OÜ","Timetable routing"
"Estonia","Tartu","GoBus AS","Timetable routing"
"Estonia","Tartu","HANSABUSS AS","Timetable routing"
"Estonia","Tartu","Kalle Bussid OÜ","Timetable routing"
"Estonia","Tartu","Lux Express Estonia AS","Estimated routing"
"Estonia","Tartu","MK Reis OÜ","Timetable routing"
"Estonia","Tartu","OÜ Baltic Shuttle","Timetable routing"
"Estonia","Tartu","SEBE Aktsiaselts","Timetable routing"
"Estonia","Tartu","Taisto Express OÜ","Timetable routing"
"Estonia","Tartu","ГППО Псковпассажиравтотранс АО Эсвил Рейсид","Estimated routing"
"Faroe Islands","Torshavn","Tórshavnar kommuna","Estimated routing"
"Finland","Espoo","Espoon kaupunki","Estimated routing"
"Finland","Espoo","FlixBus","Timetable routing"
"Finland","Espoo","Helsingin seudun liikenne","Realtime routing"
"Finland","Espoo","Höyryveturimatkat 1009 Oy","Realtime routing"
"Finland","Espoo","J. Vainion Liikenne Oy","Realtime routing"
"Finland","Espoo","Korsisaari Oy","Realtime routing"
"Finland","Espoo","Korsisaari, Länsi-Uusimaa","Realtime routing"
"Finland","Espoo","M. Tervo Oy","Realtime routing"
"Finland","Espoo","Nurmijärven Linja Oy / Korsisaari","Realtime routing"
"Finland","Espoo","OnniBus","Realtime routing"
"Finland","Espoo","Porvoon Museorautatie ry","Realtime routing"
"Finland","Espoo","Salon Tilausmatkat Oy, Länsi-Uusimaa","Realtime routing"
"Finland","Espoo","VR","Realtime routing"
"Finland","Espoo","Ventoniemi Oy","Realtime routing"
"Finland","Espoo","Vr","Realtime routing"
"Finland","Espoo","Wikström / Amper (Oy Amper & Wikström Ab)","Realtime routing"
"Finland","Helsinki","A&S Ravintolat","Estimated routing"
"Finland","Helsinki","AMRON (автобус Ecolines)","Estimated routing"
"Finland","Helsinki","Bus Travel Oy Reissu Ruoti","Realtime routing"
"Finland","Helsinki","FlixBus","Timetable routing"
"Finland","Helsinki","Helsingin seudun liikenne","Realtime routing"
"Finland","Helsinki","Höyryveturimatkat 1009 Oy","Realtime routing"
"Finland","Helsinki","J. Vainion Liikenne Oy","Realtime routing"
"Finland","Helsinki","J.M. Eskelisen Lapin Linjat Oy","Timetable routing"
"Finland","Helsinki","JT-Line Oy","Estimated routing"
"Finland","Helsinki","Korsisaari Oy","Realtime routing"
"Finland","Helsinki","Korsisaari, Länsi-Uusimaa","Realtime routing"
"Finland","Helsinki","Lux Express (AO EUROLINES)","Estimated routing"
"Finland","Helsinki","Lux Express by OnniBus","Realtime routing"
"Finland","Helsinki","M. Tervo Oy","Realtime routing"
"Finland","Helsinki","Merisataman lauttaliikenne","Estimated routing"
"Finland","Helsinki","NJK Blekholmen","Estimated routing"
"Finland","Helsinki","NRC Group Finland Oy","Realtime routing"
"Finland","Helsinki","North Travels Map Oy","Realtime routing"
"Finland","Helsinki","Nurmijärven Linja Oy / Korsisaari","Realtime routing"
"Finland","Helsinki","OnniBus","Realtime routing"
"Finland","Helsinki","Onnibus.com Oy","Realtime routing"
"Finland","Helsinki","Porvoon Museorautatie ry","Realtime routing"
"Finland","Helsinki","Pörtö Line","Estimated routing"
"Finland","Helsinki","Salon Tilausmatkat Oy, Länsi-Uusimaa","Realtime routing"
"Finland","Helsinki","Suomen Saaristokuljetus Oy","Estimated routing"
"Finland","Helsinki","Suomen saaristokuljetus","Estimated routing"
"Finland","Helsinki","Tallink Grupp AS","Realtime routing"
"Finland","Helsinki","Transit agency (Saint-Petersburg)","Estimated routing"
"Finland","Helsinki","VR","Realtime routing"
"Finland","Helsinki","Valkeakosken Liikenne Oy","Realtime routing"
"Finland","Helsinki","Ventoniemi Oy","Realtime routing"
"Finland","Helsinki","Ventoniemi Oy/Liikenne Seppälä Oy","Realtime routing"
"Finland","Helsinki","Viking Line","Realtime routing"
"Finland","Helsinki","Vr","Realtime routing"
"Finland","Helsinki","Wikström / Amper (Oy Amper & Wikström Ab)","Realtime routing"
"Finland","Helsinki","Дирекция скоростного сообщения – филиал ОАО «РЖД» (ДОСС)","Estimated routing"
"Finland","Turku","FlixBus","Timetable routing"
"Finland","Turku","FÖLI / Seutu+ (Waltti)","Realtime routing"
"Finland","Turku","FÖLI Turun seudun joukkoliikenne","Realtime routing"
"Finland","Turku","GRK Rail Oy","Realtime routing"
"Finland","Turku","J. Vainion Liikenne Oy","Realtime routing"
"Finland","Turku","Koiviston Auto Länsi Oy","Realtime routing"
"Finland","Turku","LS-Liikennelinjat Oy","Realtime routing"
"Finland","Turku","Lux Express by OnniBus","Realtime routing"
"Finland","Turku","Matka-Niinimäki Oy","Realtime routing"
"Finland","Turku","OnniBus","Realtime routing"
"Finland","Turku","Pekolan Liikenne Oy","Realtime routing"
"Finland","Turku","Porvoon Museorautatie ry","Realtime routing"
"Finland","Turku","Taivassalon Auto Oy","Realtime routing"
"Finland","Turku","Tallink Grupp AS","Realtime routing"
"Finland","Turku","VR","Realtime routing"
"Finland","Turku","Viking Line","Realtime routing"
"Finland","Turku","Vr","Realtime routing"
"Finland","Turku","Vuorisen Liikenne Oy","Realtime routing"
"Finland","Vantaa","AMRON (автобус Ecolines)","Estimated routing"
"Finland","Vantaa","Bus Travel Oy Reissu Ruoti","Realtime routing"
"Finland","Vantaa","FlixBus","Timetable routing"
"Finland","Vantaa","Helsingin seudun liikenne","Realtime routing"
"Finland","Vantaa","Höyryveturimatkat 1009 Oy","Realtime routing"
"Finland","Vantaa","J. Vainion Liikenne Oy","Realtime routing"
"Finland","Vantaa","J.M. Eskelisen Lapin Linjat Oy","Timetable routing"
"Finland","Vantaa","Korsisaari, Länsi-Uusimaa","Realtime routing"
"Finland","Vantaa","Lux Express (AO EUROLINES)","Estimated routing"
"Finland","Vantaa","Lux Express by OnniBus","Realtime routing"
"Finland","Vantaa","Nurmijärven Linja Oy / Korsisaari","Realtime routing"
"Finland","Vantaa","OnniBus","Realtime routing"
"Finland","Vantaa","VR","Realtime routing"
"Finland","Vantaa","Valkeakosken Liikenne Oy","Realtime routing"
"Finland","Vantaa","Ventoniemi Oy","Realtime routing"
"Finland","Vantaa","Vr","Realtime routing"
"Finland","Vantaa","Дирекция скоростного сообщения – филиал ОАО «РЖД» (ДОСС)","Estimated routing"
"France","Aix-en-Provence","Aix lebus","Timetable routing"
"France","Aix-en-Provence","Aix lecar","Timetable routing"
"France","Aix-en-Provence","BlaBlaCar Bus","Timetable routing"
"France","Aix-en-Provence","Eurolines SA","Estimated routing"
"France","Aix-en-Provence","FlixBus","Timetable routing"
"France","Aix-en-Provence","Métropole lecar","Timetable routing"
"France","Aix-en-Provence","Ouest Étang","Timetable routing"
"France","Aix-en-Provence","RENFE OPERADORA","Timetable routing"
"France","Aix-en-Provence","SNCF","Realtime routing"
"France","Aix-en-Provence","SNCF VOYAGEURS","Realtime routing"
"France","Aix-en-Provence","Société Nationale des Chemins de fer Français","Realtime routing"
"France","Aix-en-Provence","Trenitalia","Realtime routing"
"France","Aix-en-Provence","ZOU ! Express","Realtime routing"
"France","Aix-en-Provence","ZOU ! Proximité","Realtime routing"
"France","Aix-en-Provence","ZOU ! Scolaire","Realtime routing"
"France","Albi",".liO 81","Timetable routing"
"France","Albi","LIO","Estimated routing"
"France","Albi","SNCF","Estimated routing"
"France","Albi","SNCF VOYAGEURS","Realtime routing"
"France","Albi","liO Occitanie","Estimated routing"
"France","Albi","libéA Mobilités","Timetable routing"
"France","Alençon","Altobus (Communauté Urbaine d'Alençon)","Realtime routing"
"France","Alençon","Aléop TER","Timetable routing"
"France","Alençon","Aléop en Mayenne","Realtime routing"
"France","Alençon","Aléop en Sarthe","Realtime routing"
"France","Alençon","Nomad Car (Région Normandie)","Realtime routing"
"France","Alençon","SNCF VOYAGEURS","Realtime routing"
"France","Alençon","TER BreizhGo","Timetable routing"
"France","Amiens","Autocars Oise - Hauts-de-France mobilités - Lot 1","Timetable routing"
"France","Amiens","BlaBlaCar Bus","Timetable routing"
"France","Amiens","CAP","Timetable routing"
"France","Amiens","FlixBus","Timetable routing"
"France","Amiens","OCEdefault","Realtime routing"
"France","Amiens","RHDF-80-SCO","Timetable routing"
"France","Amiens","SNCF VOYAGEURS","Realtime routing"
"France","Amiens","SNCF Voyageurs EA","Realtime routing"
"France","Amiens","Société Nationale des Chemins de Fer","Estimated routing"
"France","Amiens","TAQUET (RATPDev)","Timetable routing"
"France","Angers","Aléop TER","Timetable routing"
"France","Angers","Aléop en Maine-et-Loire","Realtime routing"
"France","Angers","Aléop en Mayenne","Realtime routing"
"France","Angers","BlaBlaCar Bus","Timetable routing"
"France","Angers","FlixBus","Timetable routing"
"France","Angers","IRIGO","Realtime routing"
"France","Angers","OCEdefault","Realtime routing"
"France","Angers","SNCF VOYAGEURS","Realtime routing"
"France","Angers","Société Nationale des Chemins de fer Français","Realtime routing"
"France","Angers","TER BreizhGo","Timetable routing"
"France","Angoulême","AA","Realtime routing"
"France","Angoulême","BlaBlaCar Bus","Timetable routing"
"France","Angoulême","Cars Régionaux 16 - Charente","Timetable routing"
"France","Angoulême","Cars Régionaux 87 - Haute Vienne","Timetable routing"
"France","Angoulême","Cars régionaux 24 - Dordogne","Timetable routing"
"France","Angoulême","Cars régionaux 79 - Deux Sèvres","Timetable routing"
"France","Angoulême","FlixBus","Timetable routing"
"France","Angoulême","Mobius (Grand Angoulême)","Realtime routing"
"France","Angoulême","OCEdefault","Realtime routing"
"France","Angoulême","SNCF VOYAGEURS","Realtime routing"
"France","Angoulême","Société Nationale des Chemins de fer Français","Realtime routing"
"France","Argenteuil","Argenteuil - Boucles de Seine","Timetable routing"
"France","Argenteuil","Boucles Nord de Seine","Timetable routing"
"France","Argenteuil","RATP","Timetable routing"
"France","Argenteuil","Transilien","Timetable routing"
"France","Argenteuil","Val Parisis","Timetable routing"
"France","Argenteuil","Vallée de Montmorency","Timetable routing"
"France","Argenteuil","Vexin","Timetable routing"
"France","Besancon","BlaBlaCar Bus","Timetable routing"
"France","Besancon","Eurolines SA","Estimated routing"
"France","Besancon","FlixBus","Timetable routing"
"France","Besancon","Ginko","Timetable routing"
"France","Besancon","RESEAU 25","Timetable routing"
"France","Besancon","RESEAU 70","Timetable routing"
"France","Besancon","SNCF VOYAGEURS","Realtime routing"
"France","Besancon","Société Nationale des Chemins de fer Français","Realtime routing"
"France","Bordeaux","Aléop TER","Timetable routing"
"France","Bordeaux","BlaBlaCar Bus","Timetable routing"
"France","Bordeaux","Cars Régionaux 33 - Gironde","Timetable routing"
"France","Bordeaux","Eurolines SA","Estimated routing"
"France","Bordeaux","FlixBus","Timetable routing"
"France","Bordeaux","Keolis","Timetable routing"
"France","Bordeaux","OCEdefault","Realtime routing"
"France","Bordeaux","SNCF VOYAGEURS","Realtime routing"
"France","Bordeaux","Société Nationale des Chemins de fer Français","Realtime routing"
"France","Bordeaux","TBM","Realtime routing"
"France","Bordeaux","TBM (Bordeaux Métropole)","Timetable routing"
"France","Boulogne-Billancourt","Boucles Nord de Seine","Timetable routing"
"France","Boulogne-Billancourt","Centre et Sud Yvelines","Timetable routing"
"France","Boulogne-Billancourt","FlixBus","Timetable routing"
"France","Boulogne-Billancourt","Grand Versailles","Timetable routing"
"France","Boulogne-Billancourt","Lignes Île-de-France Ouest","Timetable routing"
"France","Boulogne-Billancourt","RATP","Timetable routing"
"France","Boulogne-Billancourt","Vélizy Vallées","Timetable routing"
"France","Boulogne-Billancourt","gpso","Realtime routing"
"France","Brest","Bibus","Realtime routing"
"France","Brest","BlaBlaCar Bus","Timetable routing"
"France","Brest","BreizhGo en Finistère","Timetable routing"
"France","Brest","FlixBus","Timetable routing"
"France","Brest","SNCF VOYAGEURS","Realtime routing"
"France","Brest","Société Nationale des Chemins de fer Français","Realtime routing"
"France","Brest","TAD Bibus","Realtime routing"
"France","Caen","Aléop TER","Timetable routing"
"France","Caen","BlaBlaCar Bus","Timetable routing"
"France","Caen","Eurolines SA","Estimated routing"
"France","Caen","FlixBus","Timetable routing"
"France","Caen","Nomad Car (Région Normandie)","Realtime routing"
"France","Caen","SNCF VOYAGEURS","Realtime routing"
"France","Caen","Société Nationale des Chemins de fer Français","Realtime routing"
"France","Caen","TER BreizhGo","Timetable routing"
"France","Caen","Twisto (Caen la mer)","Realtime routing"
"France","Cahors",".liO 46","Timetable routing"
"France","Cahors",".liO 46 (courses à la demande)","Timetable routing"
"France","Cahors","BlaBlaCar Bus","Timetable routing"
"France","Cahors","FlixBus","Timetable routing"
"France","Cahors","SNCF VOYAGEURS","Realtime routing"
"France","Cahors","lio Occitanie 46","Timetable routing"
"France","Cahors","Évidence Grand Cahors","Timetable routing"
"France","Carcassonne",".liO 09","Timetable routing"
"France","Carcassonne",".liO 11","Timetable routing"
"France","Carcassonne","BlaBlaCar Bus","Timetable routing"
"France","Carcassonne","Eurolines SA","Estimated routing"
"France","Carcassonne","FlixBus","Timetable routing"
"France","Carcassonne","RTCA","Timetable routing"
"France","Carcassonne","SNCF","Estimated routing"
"France","Carcassonne","SNCF VOYAGEURS","Realtime routing"
"France","Carcassonne","Société Nationale des Chemins de fer Français","Realtime routing"
"France","Carcassonne","liO Occitanie","Estimated routing"
"France","Clermont-Ferrand","BlaBlaCar Bus","Timetable routing"
"France","Clermont-Ferrand","Cars Régionaux 23 - Creuse","Timetable routing"
"France","Clermont-Ferrand","Eurolines SA","Estimated routing"
"France","Clermont-Ferrand","FlixBus","Timetable routing"
"France","Clermont-Ferrand","OCEdefault","Realtime routing"
"France","Clermont-Ferrand","REGION - cars Région Cantal","Timetable routing"
"France","Clermont-Ferrand","REGION - cars Région Express","Timetable routing"
"France","Clermont-Ferrand","SNCF","Estimated routing"
"France","Clermont-Ferrand","SNCF VOYAGEURS","Realtime routing"
"France","Clermont-Ferrand","Société Nationale des Chemins de fer Français","Realtime routing"
"France","Clermont-Ferrand","T2C","Timetable routing"
"France","Clermont-Ferrand","liO Occitanie","Timetable routing"
"France","Dijon","BlaBlaCar Bus","Timetable routing"
"France","Dijon","Eurolines SA","Estimated routing"
"France","Dijon","FlixBus","Timetable routing"
"France","Dijon","KEOLIS DIJON","Realtime routing"
"France","Dijon","OCEdefault","Realtime routing"
"France","Dijon","RESEAU 21","Timetable routing"
"France","Dijon","RESEAU 39","Timetable routing"
"France","Dijon","SNCF VOYAGEURS","Realtime routing"
"France","Dijon","Société Nationale des Chemins de fer Français","Realtime routing"
"France","Evreux","Nomad Car (Région Normandie)","Realtime routing"
"France","Evreux","SNCF VOYAGEURS","Realtime routing"
"France","Evreux","Société Nationale des Chemins de fer Français","Realtime routing"
"France","Evreux","TER","Timetable routing"
"France","Evreux","TER BreizhGo","Timetable routing"
"France","Evreux","Transurbain (Evreux Portes de Normandie)","Timetable routing"
"France","Grenoble","BlaBlaCar Bus","Timetable routing"
"France","Grenoble","Cars Région Isère","Realtime routing"
"France","Grenoble","Eurolines SA","Estimated routing"
"France","Grenoble","FlixBus","Timetable routing"
"France","Grenoble","M Réso - Grésivaudan","Timetable routing"
"France","Grenoble","M Réso - Métropole Grenobloise","Timetable routing"
"France","Grenoble","OCEdefault","Realtime routing"
"France","Grenoble","SNCF VOYAGEURS","Realtime routing"
"France","Grenoble","Société Nationale des Chemins de fer Français","Realtime routing"
"France","Grenoble","Transisère","Estimated routing"
"France","Grenoble","ZOU ! Express","Realtime routing"
"France","La Rochelle","Aléop Lignes Express régionales","Realtime routing"
"France","La Rochelle","Aléop TER","Timetable routing"
"France","La Rochelle","Aléop en Vendée","Realtime routing"
"France","La Rochelle","BlaBlaCar Bus","Timetable routing"
"France","La Rochelle","Cars Régionaux 17 - Charente Maritime","Timetable routing"
"France","La Rochelle","Eurolines SA","Estimated routing"
"France","La Rochelle","FlixBus","Timetable routing"
"France","La Rochelle","OCEdefault","Realtime routing"
"France","La Rochelle","Région Nouvelle Aquitaine","Realtime routing"
"France","La Rochelle","SNCF VOYAGEURS","Realtime routing"
"France","La Rochelle","Société Nationale des Chemins de fer Français","Realtime routing"
"France","La Rochelle","YELO (La Rochelle)","Realtime routing"
"France","Le Havre","BlaBlaCar Bus","Timetable routing"
"France","Le Havre","Eurolines SA","Estimated routing"
"France","Le Havre","FlixBus","Timetable routing"
"France","Le Havre","LiA (Le Havre Seine Métropole)","Timetable routing"
"France","Le Havre","Nomad Car (Région Normandie)","Realtime routing"
"France","Le Havre","SNCF VOYAGEURS","Realtime routing"
"France","Le Havre","Société Nationale des Chemins de fer Français","Realtime routing"
"France","Le Mans","Aléop Lignes Express régionales","Realtime routing"
"France","Le Mans","Aléop TER","Timetable routing"
"France","Le Mans","Aléop en Sarthe","Realtime routing"
"France","Le Mans","BlaBlaCar Bus","Timetable routing"
"France","Le Mans","Eurolines SA","Estimated routing"
"France","Le Mans","FlixBus","Timetable routing"
"France","Le Mans","OCEdefault","Realtime routing"
"France","Le Mans","SETRAM","Timetable routing"
"France","Le Mans","SNCF VOYAGEURS","Realtime routing"
"France","Le Mans","Société Nationale des Chemins de fer Français","Realtime routing"
"France","Le Mans","TER BreizhGo","Timetable routing"
"France","Le Mans","illygo","Realtime routing"
"France","Lille","BlaBlaCar Bus","Timetable routing"
"France","Lille","Eurolines SA","Estimated routing"
"France","Lille","Eurostar","Realtime routing"
"France","Lille","FlixBus","Timetable routing"
"France","Lille","ILEVIA","Timetable routing"
"France","Lille","NMBS/SNCB","Realtime routing"
"France","Lille","RHDF-59-P1","Timetable routing"
"France","Lille","RHDF-59-P2","Timetable routing"
"France","Lille","SNCF VOYAGEURS","Realtime routing"
"France","Lille","Société Nationale des Chemins de fer Français","Realtime routing"
"France","Limoges","BlaBlaCar Bus","Timetable routing"
"France","Limoges","Cars Régionaux 19 - Correze","Timetable routing"
"France","Limoges","Cars Régionaux 87 - Haute Vienne","Timetable routing"
"France","Limoges","FlixBus","Timetable routing"
"France","Limoges","SNCF VOYAGEURS","Realtime routing"
"France","Limoges","STCLM (Limoges Métropole)","Timetable routing"
"France","Limoges","Société Nationale des Chemins de fer Français","Realtime routing"
"France","Lyon","BlaBlaCar Bus","Timetable routing"
"France","Lyon","Cars Région Isère","Realtime routing"
"France","Lyon","Conseil Régional Auvergne - Rhône-Alpes","Realtime routing"
"France","Lyon","Eurolines SA","Estimated routing"
"France","Lyon","FlixBus","Timetable routing"
"France","Lyon","OCEdefault","Realtime routing"
"France","Lyon","REGION - cars Région Ain","Timetable routing"
"France","Lyon","REGION - cars Région Loire","Timetable routing"
"France","Lyon","RENFE OPERADORA","Timetable routing"
"France","Lyon","SNCF","Realtime routing"
"France","Lyon","SNCF VOYAGEURS","Realtime routing"
"France","Lyon","Société Nationale des Chemins de fer Français","Realtime routing"
"France","Lyon","TCL unifié","Timetable routing"
"France","Lyon","TRENITALIA","Timetable routing"
"France","Lyon","Transisère","Estimated routing"
"France","Lyon","Trenitalia","Realtime routing"
"France","Marseille","Aix lecar","Timetable routing"
"France","Marseille","Aubagne","Timetable routing"
"France","Marseille","BlaBlaCar Bus","Timetable routing"
"France","Marseille","Cassis Carnoux Roquefort","Timetable routing"
"France","Marseille","Côte Bleue","Timetable routing"
"France","Marseille","Est Étang","Timetable routing"
"France","Marseille","Eurolines SA","Estimated routing"
"France","Marseille","FlixBus","Timetable routing"
"France","Marseille","Lebateau","Timetable routing"
"France","Marseille","Les bus des Collines","Timetable routing"
"France","Marseille","Marseille","Timetable routing"
"France","Marseille","Métropole lecar","Timetable routing"
"France","Marseille","RENFE OPERADORA","Timetable routing"
"France","Marseille","SNCF","Realtime routing"
"France","Marseille","SNCF VOYAGEURS","Realtime routing"
"France","Marseille","Société Nationale des Chemins de fer Français","Realtime routing"
"France","Marseille","TRENITALIA","Timetable routing"
"France","Marseille","Trenitalia","Realtime routing"
"France","Marseille","ZOU ! Express","Realtime routing"
"France","Marseille","ZOU ! Scolaire","Realtime routing"
"France","Metz","BlaBlaCar Bus","Timetable routing"
"France","Metz","Chemins de Fer Luxembourgeois","Realtime routing"
"France","Metz","Eurolines SA","Estimated routing"
"France","Metz","FlixBus","Timetable routing"
"France","Metz","LE MET'","Timetable routing"
"France","Metz","SNCF","Realtime routing"
"France","Metz","SNCF VOYAGEURS","Realtime routing"
"France","Metz","Soc. Marino Srl","Timetable routing"
"France","Metz","Société Nationale des Chemins de fer Français","Realtime routing"
"France","Montpellier",".liO 12","Timetable routing"
"France","Montpellier",".liO 48","Timetable routing"
"France","Montpellier","BlaBlaCar Bus","Timetable routing"
"France","Montpellier","Conseil Général de l'Hérault","Estimated routing"
"France","Montpellier","Eurolines SA","Estimated routing"
"France","Montpellier","FlixBus","Timetable routing"
"France","Montpellier","Herault Transport","Timetable routing"
"France","Montpellier","OCEdefault","Realtime routing"
"France","Montpellier","RENFE OPERADORA","Timetable routing"
"France","Montpellier","SNCF","Estimated routing"
"France","Montpellier","SNCF VOYAGEURS","Realtime routing"
"France","Montpellier","Société Nationale des Chemins de fer Français","Realtime routing"
"France","Montpellier","TAM","Timetable routing"
"France","Montpellier","Transp'Or","Realtime routing"
"France","Montpellier","liO Occitanie","Timetable routing"
"France","Montreuil","Bord de Marne","Timetable routing"
"France","Montreuil","RATP","Timetable routing"
"France","Montreuil","ville de Rosny-sous-Bois","Realtime routing"
"France","Mulhouse","BlaBlaCar Bus","Timetable routing"
"France","Mulhouse","Eurolines SA","Estimated routing"
"France","Mulhouse","FlixBus","Timetable routing"
"France","Mulhouse","SNCF","Realtime routing"
"France","Mulhouse","SNCF VOYAGEURS","Realtime routing"
"France","Mulhouse","SOLEA","Realtime routing"
"France","Mulhouse","Schweizerische Bundesbahnen SBB","Realtime routing"
"France","Mulhouse","Société Nationale des Chemins de fer Français","Realtime routing"
"France","Nancy","BlaBlaCar Bus","Timetable routing"
"France","Nancy","Eurolines SA","Estimated routing"
"France","Nancy","FlixBus","Timetable routing"
"France","Nancy","OCEdefault","Realtime routing"
"France","Nancy","SNCF VOYAGEURS","Realtime routing"
"France","Nancy","STAN","Timetable routing"
"France","Nancy","SUB Nancy","Realtime routing"
"France","Nancy","Société Nationale des Chemins de fer Français","Realtime routing"
"France","Nantes","Aléop Lignes Express régionales","Realtime routing"
"France","Nantes","Aléop TER","Timetable routing"
"France","Nantes","Aléop en Loire-Atlantique","Realtime routing"
"France","Nantes","BlaBlaCar Bus","Timetable routing"
"France","Nantes","Cars régionaux 79 - Deux Sèvres","Timetable routing"
"France","Nantes","Eurolines SA","Estimated routing"
"France","Nantes","FlixBus","Timetable routing"
"France","Nantes","Naolib","Timetable routing"
"France","Nantes","OCEdefault","Realtime routing"
"France","Nantes","SNCF VOYAGEURS","Realtime routing"
"France","Nantes","SNCF Voyageurs LO","Realtime routing"
"France","Nantes","Société Nationale des Chemins de fer Français","Realtime routing"
"France","Nantes","TER BreizhGo","Timetable routing"
"France","Nice","BlaBlaCar Bus","Timetable routing"
"France","Nice","Eurolines SA","Estimated routing"
"France","Nice","FlixBus","Timetable routing"
"France","Nice","Lignes d'Azur","Timetable routing"
"France","Nice","SNCF VOYAGEURS","Realtime routing"
"France","Nice","SNCF Voyageurs SA","Realtime routing"
"France","Nice","Société Nationale des Chemins de fer Français","Realtime routing"
"France","Nice","TRENITALIA","Timetable routing"
"France","Nice","ZOU ! Express","Realtime routing"
"France","Nice","ZOU ! Proximité","Realtime routing"
"France","Nice","ZOU ! Scolaire","Realtime routing"
"France","Orleans","Aléop TER","Timetable routing"
"France","Orleans","Eurolines SA","Estimated routing"
"France","Orleans","FlixBus","Timetable routing"
"France","Orleans","SEMTAO","Estimated routing"
"France","Orleans","SNCF VOYAGEURS","Realtime routing"
"France","Orleans","Société Nationale des Chemins de fer Français","Realtime routing"
"France","Orleans","TAO (Orléans)","Realtime routing"
"France","Paris","Autocars Dominique","Timetable routing"
"France","Paris","Aérobus","Timetable routing"
"France","Paris","Aéroport Paris Beauvais","Estimated routing"
"France","Paris","BlaBlaCar Bus","Timetable routing"
"France","Paris","Bord de Marne","Timetable routing"
"France","Paris","Boucles Nord de Seine","Timetable routing"
"France","Paris","Brie et 2 Morin","Timetable routing"
"France","Paris","Centre et Sud Yvelines","Timetable routing"
"France","Paris","Cœur d’Essonne","Timetable routing"
"France","Paris","EUROSTAR","Realtime routing"
"France","Paris","Eurolines SA","Estimated routing"
"France","Paris","Eurostar","Realtime routing"
"France","Paris","Evry Centre Essonne","Timetable routing"
"France","Paris","FlixBus","Realtime routing"
"France","Paris","Fontainebleau - Moret","Timetable routing"
"France","Paris","Haut Val d'Oise","Timetable routing"
"France","Paris","Keolis Ouest Val-de-Marne","Timetable routing"
"France","Paris","Lignes Île-de-France Ouest","Timetable routing"
"France","Paris","Mantois","Timetable routing"
"France","Paris","Meaux et Ourcq","Timetable routing"
"France","Paris","NMBS/SNCB","Realtime routing"
"France","Paris","OCEdefault","Realtime routing"
"France","Paris","Paris Seine Mobilités","Timetable routing"
"France","Paris","Pays Briard","Timetable routing"
"France","Paris","Poissy - Les Mureaux","Timetable routing"
"France","Paris","RATP","Timetable routing"
"France","Paris","RER","Timetable routing"
"France","Paris","Roissy Ouest","Timetable routing"
"France","Paris","SNCF","Realtime routing"
"France","Paris","SNCF VOYAGEURS","Realtime routing"
"France","Paris","Saint Germain Boucles de Seine","Timetable routing"
"France","Paris","Schweizerische Bundesbahnen SBB","Realtime routing"
"France","Paris","Société Nationale des Chemins de fer Français","Realtime routing"
"France","Paris","Sénart","Timetable routing"
"France","Paris","TER","Timetable routing"
"France","Paris","TER BreizhGo","Timetable routing"
"France","Paris","TRENITALIA","Timetable routing"
"France","Paris","Transilien","Timetable routing"
"France","Paris","Trenitalia","Realtime routing"
"France","Paris","Val Parisis","Timetable routing"
"France","Paris","Val d'Yerres Val de Seine","Timetable routing"
"France","Paris","Vallée Grand Sud Paris","Timetable routing"
"France","Paris","Vexin","Timetable routing"
"France","Perpignan",".liO 66","Timetable routing"
"France","Perpignan","BlaBlaCar Bus","Timetable routing"
"France","Perpignan","Eurolines SA","Estimated routing"
"France","Perpignan","FlixBus","Timetable routing"
"France","Perpignan","OCEdefault","Realtime routing"
"France","Perpignan","RENFE OPERADORA","Timetable routing"
"France","Perpignan","SNCF VOYAGEURS","Realtime routing"
"France","Perpignan","Sankéo","Realtime routing"
"France","Perpignan","Société Nationale des Chemins de fer Français","Realtime routing"
"France","Perpignan","liO Occitanie 66","Estimated routing"
"France","Potiers","AA","Realtime routing"
"France","Potiers","Aléop Lignes Express régionales","Realtime routing"
"France","Potiers","BlaBlaCar Bus","Timetable routing"
"France","Potiers","Cars Régionaux 86 - Vienne","Timetable routing"
"France","Potiers","Cars régionaux 79 - Deux Sèvres","Timetable routing"
"France","Potiers","Eurolines SA","Estimated routing"
"France","Potiers","FLEX'E-BUS (Grand Poitiers)","Timetable routing"
"France","Potiers","FlixBus","Timetable routing"
"France","Potiers","OCEdefault","Realtime routing"
"France","Potiers","SNCF VOYAGEURS","Realtime routing"
"France","Potiers","Société Nationale des Chemins de fer Français","Realtime routing"
"France","Potiers","VITALIS (Grand Poitiers)","Timetable routing"
"France","Reims","Eurolines SA","Estimated routing"
"France","Reims","OCEdefault","Realtime routing"
"France","Reims","RHDF-02-COM","Timetable routing"
"France","Reims","SNCF VOYAGEURS","Realtime routing"
"France","Reims","Société Nationale des Chemins de fer Français","Realtime routing"
"France","Reims","Transdev Reims","Timetable routing"
"France","Rennes","Aléop TER","Timetable routing"
"France","Rennes","BlaBlaCar Bus","Timetable routing"
"France","Rennes","BreizhGo Lignes Ouest-Nord","Realtime routing"
"France","Rennes","BreizhGo en Ille-et-Vilaine","Realtime routing"
"France","Rennes","Cap Cotentin","Realtime routing"
"France","Rennes","Eurolines SA","Estimated routing"
"France","Rennes","FlixBus","Timetable routing"
"France","Rennes","OCEdefault","Realtime routing"
"France","Rennes","SNCF VOYAGEURS","Realtime routing"
"France","Rennes","STAR","Realtime routing"
"France","Rennes","Société Nationale des Chemins de fer Français","Realtime routing"
"France","Rochefort","Aléop TER","Timetable routing"
"France","Rochefort","BlaBlaCar Bus","Timetable routing"
"France","Rochefort","Cars Régionaux 17 - Charente Maritime","Timetable routing"
"France","Rochefort","Eurolines SA","Estimated routing"
"France","Rochefort","FlixBus","Timetable routing"
"France","Rochefort","R'bus (Rochefort Océan)","Realtime routing"
"France","Rochefort","SNCF VOYAGEURS","Realtime routing"
"France","Rouen","Astuce","Realtime routing"
"France","Rouen","Astuce (interurbain)","Realtime routing"
"France","Rouen","Astuce Elbeuf","Realtime routing"
"France","Rouen","BlaBlaCar Bus","Timetable routing"
"France","Rouen","Eurolines SA","Estimated routing"
"France","Rouen","FlixBus","Timetable routing"
"France","Rouen","Nomad Car (Région Normandie)","Realtime routing"
"France","Rouen","OCEdefault","Realtime routing"
"France","Rouen","SNCF VOYAGEURS","Realtime routing"
"France","Rouen","Société Nationale des Chemins de fer Français","Realtime routing"
"France","Rouen","TER BreizhGo","Timetable routing"
"France","Saint-Brieuc","BlaBlaCar Bus","Timetable routing"
"France","Saint-Brieuc","BreizhGo en Côtes d'Armor","Realtime routing"
"France","Saint-Brieuc","BreizhGo en Morbihan","Timetable routing"
"France","Saint-Brieuc","Eurolines SA","Estimated routing"
"France","Saint-Brieuc","FlixBus","Timetable routing"
"France","Saint-Brieuc","SNCF VOYAGEURS","Realtime routing"
"France","Saint-Brieuc","Société Nationale des Chemins de fer Français","Realtime routing"
"France","Saint-Brieuc","TUB","Timetable routing"
"France","Saint-Denis","Aérobus","Timetable routing"
"France","Saint-Denis","BlaBlaCar Bus","Timetable routing"
"France","Saint-Denis","Boucles Nord de Seine","Timetable routing"
"France","Saint-Denis","FlixBus","Timetable routing"
"France","Saint-Denis","RATP","Timetable routing"
"France","Saint-Denis","RER","Timetable routing"
"France","Saint-Denis","Roissy Ouest","Timetable routing"
"France","Saint-Denis","Transilien","Timetable routing"
"France","Saint-Étienne","BlaBlaCar Bus","Timetable routing"
"France","Saint-Étienne","Eurolines SA","Estimated routing"
"France","Saint-Étienne","FlixBus","Timetable routing"
"France","Saint-Étienne","REGION - cars Région Express","Timetable routing"
"France","Saint-Étienne","REGION - cars Région Haute-Loire","Timetable routing"
"France","Saint-Étienne","REGION - cars Région Loire","Timetable routing"
"France","Saint-Étienne","SAINT-ETIENNE – STAS","Timetable routing"
"France","Saint-Étienne","SNCF VOYAGEURS","Realtime routing"
"France","Saint-Étienne","Société Nationale des Chemins de fer Français","Realtime routing"
"France","Strasbourg","BlaBlaCar Bus","Timetable routing"
"France","Strasbourg","CTS","Timetable routing"
"France","Strasbourg","DB Fernverkehr AG","Realtime routing"
"France","Strasbourg","Ecolines Estonia OU","Estimated routing"
"France","Strasbourg","Eurolines SA","Estimated routing"
"France","Strasbourg","FlixBus","Timetable routing"
"France","Strasbourg","OCEdefault","Realtime routing"
"France","Strasbourg","SNCF","Realtime routing"
"France","Strasbourg","SNCF VOYAGEURS","Realtime routing"
"France","Strasbourg","SWEG - Eisenbahn","Realtime routing"
"France","Strasbourg","Schweizerische Bundesbahnen SBB","Realtime routing"
"France","Strasbourg","Soc. Marino Srl","Timetable routing"
"France","Strasbourg","Société Nationale des Chemins de fer Français","Realtime routing"
"France","Strasbourg","Südwestdeutsche Verkehrs-AG","Realtime routing"
"France","Strasbourg","Verkehrsunternehmen","Timetable routing"
"France","Toulon","BlaBlaCar Bus","Timetable routing"
"France","Toulon","Eurolines SA","Estimated routing"
"France","Toulon","FlixBus","Timetable routing"
"France","Toulon","Réseau Mistral","Timetable routing"
"France","Toulon","SNCF VOYAGEURS","Realtime routing"
"France","Toulon","Sardinia Ferries","Timetable routing"
"France","Toulon","Société Nationale des Chemins de fer Français","Realtime routing"
"France","Toulon","TRENITALIA","Timetable routing"
"France","Toulon","Téléphérique Faron","Timetable routing"
"France","Toulon","ZOU ! Express","Realtime routing"
"France","Toulon","ZOU ! Proximité","Realtime routing"
"France","Toulon","ZOU ! Scolaire","Realtime routing"
"France","Toulouse",".liO 09","Timetable routing"
"France","Toulouse",".liO 31","Timetable routing"
"France","Toulouse",".liO 32","Timetable routing"
"France","Toulouse","BlaBlaCar Bus","Timetable routing"
"France","Toulouse","Eurolines SA","Estimated routing"
"France","Toulouse","FlixBus","Timetable routing"
"France","Toulouse","HAUTE-GARONNE","Estimated routing"
"France","Toulouse","LIO","Estimated routing"
"France","Toulouse","OCEdefault","Realtime routing"
"France","Toulouse","SNCF","Estimated routing"
"France","Toulouse","SNCF VOYAGEURS","Realtime routing"
"France","Toulouse","Société Nationale des Chemins de fer Français","Realtime routing"
"France","Toulouse","Tisséo","Timetable routing"
"France","Toulouse","liO Occitanie","Timetable routing"
"France","Tours","Aléop TER","Timetable routing"
"France","Tours","BlaBlaCar Bus","Timetable routing"
"France","Tours","Eurolines SA","Estimated routing"
"France","Tours","Fil Bleu (Tours)","Timetable routing"
"France","Tours","FlixBus","Timetable routing"
"France","Tours","SNCF VOYAGEURS","Realtime routing"
"France","Tours","Société Nationale des Chemins de fer Français","Realtime routing"
"France","Tours","TER BreizhGo","Timetable routing"
"France","Troyes","BlaBlaCar Bus","Timetable routing"
"France","Troyes","FlixBus","Timetable routing"
"France","Troyes","MASQUE","Realtime routing"
"France","Troyes","OCEdefault","Realtime routing"
"France","Troyes","SNCF VOYAGEURS","Realtime routing"
"France","Troyes","Société Nationale des Chemins de fer Français","Realtime routing"
"France","Troyes","TCAT","Realtime routing"
"France","Villeurbanne","TCL unifié","Timetable routing"
"Georgia","Tbilisi","TTS","Estimated routing"
"Georgia","Tbilisi","Tbilisi Minibus Company","Estimated routing"
"Georgia","Tbilisi","Tbilisi Transport Company","Estimated routing"
"Georgia","Tbilisi","Transit agency (Tbilisi)","Estimated routing"
"Georgia","Tbilisi","АО Грузинские железные дороги","Estimated routing"
"Georgia","Tbilisi","ЗАО Азербайджанские железные дороги","Estimated routing"
"Georgia","Tbilisi","ЗАО Южно-Кавказская железная дорога","Estimated routing"
"Georgia","Tbilisi","ООО Союз-Авто","Estimated routing"
"Georgia","Tbilisi","Тбилисская Транспортная Компания","Estimated routing"
"Georgia","Tbilisi","Тбилисская транспортная компания","Estimated routing"
"Georgia","Tbilisi","თბილისის სატრანსპორტო კომპანია","Estimated routing"
"Germany","Aachen","AVV Handeingabe","Realtime routing"
"Germany","Aachen","Aachener Straßenbahn","Realtime routing"
"Germany","Aachen","Arriva","Realtime routing"
"Germany","Aachen","Arriva NL","Realtime routing"
"Germany","Aachen","BlaBlaCar Bus","Timetable routing"
"Germany","Aachen","DB DB - Regio AG, Region NRW","Realtime routing"
"Germany","Aachen","DB Fernverkehr AG","Realtime routing"
"Germany","Aachen","DB Regio AG NRW","Realtime routing"
"Germany","Aachen","EUROSTAR","Realtime routing"
"Germany","Aachen","Eurolines SA","Estimated routing"
"Germany","Aachen","Eurostar","Realtime routing"
"Germany","Aachen","FlixBus","Timetable routing"
"Germany","Aachen","NMBS/SNCB","Realtime routing"
"Germany","Aachen","NX National Express Rail GmbH","Realtime routing"
"Germany","Aachen","National Express","Realtime routing"
"Germany","Aachen","Rurtalbus","Realtime routing"
"Germany","Aachen","SEV NX SEV National Express Rail GmbH","Realtime routing"
"Germany","Aachen","SEV Schienenersatzverkehr Deutsche Bahn AG","Realtime routing"
"Germany","Aachen","SNCB","Realtime routing"
"Germany","Aachen","TEC Liège - Verviers","Realtime routing"
"Germany","Aachen","ÖBB","Realtime routing"
"Germany","Augsburg","Augsburger Verkehrs- und Tarifverbund","Realtime routing"
"Germany","Augsburg","Augsburger Verkehrsgesellschaft","Realtime routing"
"Germany","Augsburg","Bayerische Regiobahn","Realtime routing"
"Germany","Augsburg","DB Fernverkehr AG","Realtime routing"
"Germany","Augsburg","DB Regio AG Bayern","Realtime routing"
"Germany","Augsburg","DB RegioBus Bayern","Realtime routing"
"Germany","Augsburg","Deutsche Bahn AG","Timetable routing"
"Germany","Augsburg","Ecolines Estonia OU","Estimated routing"
"Germany","Augsburg","Eurolines SA","Estimated routing"
"Germany","Augsburg","FlixBus","Timetable routing"
"Germany","Augsburg","GYRB Go-Ahead Bayern GmbH","Realtime routing"
"Germany","Augsburg","GYRE Go-Ahead Bayern GmbH","Realtime routing"
"Germany","Augsburg","HZZP","Realtime routing"
"Germany","Augsburg","MAV","Realtime routing"
"Germany","Augsburg","NS Int","Realtime routing"
"Germany","Augsburg","Nachtzug","Realtime routing"
"Germany","Augsburg","Nahreisezug","Realtime routing"
"Germany","Augsburg","OEBB Personenverkehr AG Kundenservice","Timetable routing"
"Germany","Augsburg","Omnipart","Realtime routing"
"Germany","Augsburg","SNCF VOYAGEURS","Realtime routing"
"Germany","Augsburg","WESTbahn","Realtime routing"
"Germany","Augsburg","WESTbahn Management GmbH","Timetable routing"
"Germany","Augsburg","Westbahn","Timetable routing"
"Germany","Augsburg","ÖBB","Realtime routing"
"Germany","Bergisch Gladbach","DB DB - Regio AG, Region NRW","Realtime routing"
"Germany","Bergisch Gladbach","DB Regio AG NRW","Realtime routing"
"Germany","Bergisch Gladbach","FlixBus","Timetable routing"
"Germany","Bergisch Gladbach","KVB Kölner Verkehrs-Betriebe AG","Realtime routing"
"Germany","Bergisch Gladbach","OVAG Oberbergische Verkehrsgesellschaft mbH","Realtime routing"
"Germany","Bergisch Gladbach","RVK Regionalverkehr Köln GmbH NL Berg.Gladb.","Realtime routing"
"Germany","Bergisch Gladbach","SEV Schienenersatzverkehr Deutsche Bahn AG","Realtime routing"
"Germany","Bergisch Gladbach","Verkehrsverbund Rhein-Sieg","Realtime routing"
"Germany","Bergisch Gladbach","wupsi wupsi GmbH","Realtime routing"
"Germany","Berlin","800151 DB Regio AG Nordost","Realtime routing"
"Germany","Berlin","Barnimer Busges.","Realtime routing"
"Germany","Berlin","Barnimer Busgesellschaft mbH","Realtime routing"
"Germany","Berlin","Berliner Verkehrsbetriebe","Realtime routing"
"Germany","Berlin","Busverkehr Oder-Spree GmbH","Realtime routing"
"Germany","Berlin","DB Fernverkehr (Codesharing)","Realtime routing"
"Germany","Berlin","DB Fernverkehr AG","Realtime routing"
"Germany","Berlin","DB Regio AG","Realtime routing"
"Germany","Berlin","DB Regio Bus Ost GmbH","Realtime routing"
"Germany","Berlin","DB Regiobus OST","Realtime routing"
"Germany","Berlin","Deutsche Bahn AG","Timetable routing"
"Germany","Berlin","Ecolines","Estimated routing"
"Germany","Berlin","Ecolines Estonia OU","Estimated routing"
"Germany","Berlin","Eurolines SA","Estimated routing"
"Germany","Berlin","FlixBus","Realtime routing"
"Germany","Berlin","FlixTrain","Timetable routing"
"Germany","Berlin","Havelbus Verkehrsgesellschaft mbH","Realtime routing"
"Germany","Berlin","MAV","Realtime routing"
"Germany","Berlin","NEB Betriebsgesellschaft mbH","Realtime routing"
"Germany","Berlin","NEB Niederbarnimer Eisenbahn","Realtime routing"
"Germany","Berlin","NS Int","Realtime routing"
"Germany","Berlin","Nachtzug","Realtime routing"
"Germany","Berlin","ODEG Ostdeutsche Eisenbahn GmbH","Realtime routing"
"Germany","Berlin","OEBB Personenverkehr AG Kundenservice","Timetable routing"
"Germany","Berlin","Oberhavel Verkehrsgesellschaft mbH","Realtime routing"
"Germany","Berlin","Ostdeutsche Eisenbahn GmbH","Realtime routing"
"Germany","Berlin","POLREGIO","Timetable routing"
"Germany","Berlin","RV Start Deutschland GmbH Mitteldeutschland","Realtime routing"
"Germany","Berlin","Regionale Verkehrsgesellschaft Dahme-Spreewald mbH","Realtime routing"
"Germany","Berlin","S-Bahn Berlin GmbH","Realtime routing"
"Germany","Berlin","SJ","Timetable routing"
"Germany","Berlin","SJ AB","Timetable routing"
"Germany","Berlin","SNCF VOYAGEURS","Realtime routing"
"Germany","Berlin","Schweizerische Bundesbahnen SBB","Realtime routing"
"Germany","Berlin","Schöneicher Rüdersdorfer Straßenbahn GmbH","Realtime routing"
"Germany","Berlin","Snälltåget","Realtime routing"
"Germany","Berlin","Start Mitteldeutschland","Realtime routing"
"Germany","Berlin","Usedomer Bäder Bahn Bus","Realtime routing"
"Germany","Berlin","Verkehrsbetrieb Potsdam GmbH","Realtime routing"
"Germany","Berlin","Verkehrsgesell. Teltow-Fläming","Realtime routing"
"Germany","Berlin","Verkehrsgesellschaft Teltow-Fläming mbH","Realtime routing"
"Germany","Berlin","mobus Märkisch-Oderland Bus GmbH","Realtime routing"
"Germany","Berlin","regiobus Potsdam Mittelmark GmbH","Realtime routing"
"Germany","Berlin","ÖBB","Realtime routing"
"Germany","Berlin","Železničná spoločnosť Slovensko, a.s.","Timetable routing"
"Germany","Bielefeld","DB Fernverkehr AG","Realtime routing"
"Germany","Bielefeld","DB RegioNetz Verkehrs GmbH Kurhessenbahn","Realtime routing"
"Germany","Bielefeld","Ecolines Estonia OU","Estimated routing"
"Germany","Bielefeld","Eurobahn","Realtime routing"
"Germany","Bielefeld","FlixBus","Realtime routing"
"Germany","Bielefeld","NX National Express Rail GmbH","Realtime routing"
"Germany","Bielefeld","National Express","Realtime routing"
"Germany","Bielefeld","NordWestBahn","Realtime routing"
"Germany","Bielefeld","Ostwestfalen-Lippe","Realtime routing"
"Germany","Bielefeld","WestfalenBahn","Realtime routing"
"Germany","Bielefeld","eurobahn","Realtime routing"
"Germany","Bochum","Bochum-Gelsenkirchener Straßenbahnen AG","Realtime routing"
"Germany","Bochum","DB Fernverkehr AG","Realtime routing"
"Germany","Bochum","DB Regio AG NRW","Realtime routing"
"Germany","Bochum","FlixBus","Timetable routing"
"Germany","Bochum","NX National Express Rail GmbH","Realtime routing"
"Germany","Bochum","Nahreisezug","Realtime routing"
"Germany","Bochum","National Express","Realtime routing"
"Germany","Bochum","Straßenbahn Herne – Castrop-Rauxel GmbH","Realtime routing"
"Germany","Bochum","TRI Train Rental GmbH","Realtime routing"
"Germany","Bochum","VIAS Rail GmbH","Realtime routing"
"Germany","Bochum","Verkehrsgesellschaft Ennepe-Ruhr mbH","Realtime routing"
"Germany","Bochum","eurobahn","Realtime routing"
"Germany","Bonn","DB DB - Regio AG, Region NRW","Realtime routing"
"Germany","Bonn","DB Fernverkehr (Codesharing)","Realtime routing"
"Germany","Bonn","DB Fernverkehr AG","Realtime routing"
"Germany","Bonn","DB Regio AG NRW","Realtime routing"
"Germany","Bonn","Ecolines Estonia OU","Estimated routing"
"Germany","Bonn","FlixBus","Timetable routing"
"Germany","Bonn","KVB Kölner Verkehrs-Betriebe AG","Realtime routing"
"Germany","Bonn","NMBS/SNCB","Realtime routing"
"Germany","Bonn","NS Int","Realtime routing"
"Germany","Bonn","NX National Express Rail GmbH","Realtime routing"
"Germany","Bonn","Nachtzug","Realtime routing"
"Germany","Bonn","National Express","Realtime routing"
"Germany","Bonn","RSVG Rhein-Sieg-Verkehrsgesellschaft mbH","Realtime routing"
"Germany","Bonn","RVK Regionalverkehr Köln GmbH NL Meckenheim","Realtime routing"
"Germany","Bonn","SEV NX SEV National Express Rail GmbH","Realtime routing"
"Germany","Bonn","SEV Schienenersatzverkehr Deutsche Bahn AG","Realtime routing"
"Germany","Bonn","SEV TR SEV trans regio Dt. Regionalbahn GmbH","Realtime routing"
"Germany","Bonn","SWB Stadtwerke Bonn Verkehrs GmbH","Realtime routing"
"Germany","Bonn","Schweizerische Bundesbahnen SBB","Realtime routing"
"Germany","Bonn","SÜWEX","Realtime routing"
"Germany","Bonn","TR trans regio Deutsche Regionalbahn GmbH","Realtime routing"
"Germany","Bonn","TRI Train Rental GmbH","Realtime routing"
"Germany","Bonn","Verkehrsverbund Rhein-Sieg","Realtime routing"
"Germany","Bonn","ÖBB","Realtime routing"
"Germany","Bottrop","BVR Busverkehr Rheinland GmbH","Realtime routing"
"Germany","Bottrop","Bochum-Gelsenkirchener Straßenbahnen AG","Realtime routing"
"Germany","Bottrop","DB Regio AG NRW","Realtime routing"
"Germany","Bottrop","Essener Verkehrs AG","Realtime routing"
"Germany","Bottrop","Nahreisezug","Realtime routing"
"Germany","Bottrop","RheinRuhrBahn","Realtime routing"
"Germany","Bottrop","Stadtwerke Oberhausen AG","Realtime routing"
"Germany","Bottrop","Vestische Straßenbahnen GmbH","Realtime routing"
"Germany","Bremen","BREMERHAVEN BUS","Realtime routing"
"Germany","Bremen","BlaBlaCar Bus","Timetable routing"
"Germany","Bremen","Bremer Straßenbahn AG","Realtime routing"
"Germany","Bremen","Bremerhavenbus","Realtime routing"
"Germany","Bremen","DB Fernverkehr (Codesharing)","Realtime routing"
"Germany","Bremen","DB Fernverkehr AG","Realtime routing"
"Germany","Bremen","DB Regio AG Nord","Realtime routing"
"Germany","Bremen","Delbus GmbH & Co. KG","Realtime routing"
"Germany","Bremen","Delmenhorst-Harpstedter Eisenbahn","Realtime routing"
"Germany","Bremen","Delmenhorst-Harpstedter Eisenbahn GmbH","Realtime routing"
"Germany","Bremen","Ecolines Estonia OU","Estimated routing"
"Germany","Bremen","Edzards Reisen","Realtime routing"
"Germany","Bremen","Eisenbahnen und Verkehrsbetriebe Elbe-Weser GmbH","Realtime routing"
"Germany","Bremen","Eurolines SA","Estimated routing"
"Germany","Bremen","FlixBus","Timetable routing"
"Germany","Bremen","Hermann Edzards Omnibusbetrieb","Realtime routing"
"Germany","Bremen","Hutfilters Reisedienst GmbH & Co.","Realtime routing"
"Germany","Bremen","Keolis","Realtime routing"
"Germany","Bremen","MSM Partyzug","Realtime routing"
"Germany","Bremen","Nachtzug","Realtime routing"
"Germany","Bremen","NordWestBahn","Realtime routing"
"Germany","Bremen","Regionalverkehre Start Deutschland (Niedersachsen-Mitte)","Realtime routing"
"Germany","Bremen","Reisedienst von Rahden","Realtime routing"
"Germany","Bremen","Reisedienst von Rahden GmbH & Co. KG","Realtime routing"
"Germany","Bremen","Schweizerische Bundesbahnen SBB","Realtime routing"
"Germany","Bremen","Verkehrsbetriebe Grafschaft Hoya","Realtime routing"
"Germany","Bremen","Verkehrsbetriebe Grafschaft Hoya GmbH","Realtime routing"
"Germany","Bremen","Verkehrsbetriebe Oldenburger Land","Realtime routing"
"Germany","Bremen","Vonau Reisedienst GmbH & Co. KG","Realtime routing"
"Germany","Bremen","Weser-Ems-Bus","Realtime routing"
"Germany","Bremen","Weser-Ems-Bus Auftragnehmerleistungen","Realtime routing"
"Germany","Bremen","Weser-Ems-Bus Betrieb Bremen","Realtime routing"
"Germany","Bremen","Weserfähre Bremen","Realtime routing"
"Germany","Bremen","Wilmering","Realtime routing"
"Germany","Bremen","metronom Eisenbahngesellschaft mbH","Realtime routing"
"Germany","Bremen","ÖBB","Realtime routing"
"Germany","Bremerhaven","BREMERHAVEN BUS","Realtime routing"
"Germany","Bremerhaven","Bremerhavenbus","Realtime routing"
"Germany","Bremerhaven","DB Regio AG Nord","Realtime routing"
"Germany","Bremerhaven","Eisenbahnen und Verkehrsbetriebe Elbe-Weser GmbH(Bahndaten)","Realtime routing"
"Germany","Bremerhaven","Gebken Reisen GmbH","Realtime routing"
"Germany","Bremerhaven","KVG Stade GmbH & Co. KG","Realtime routing"
"Germany","Bremerhaven","MEW Mobilitätszentrale Elbe-Weser","Realtime routing"
"Germany","Bremerhaven","Mobilitätszentrale Elbe-Weser","Realtime routing"
"Germany","Bremerhaven","NordWestBahn","Realtime routing"
"Germany","Bremerhaven","Reisedienst von Rahden GmbH & Co. KG","Realtime routing"
"Germany","Bremerhaven","Stade","Realtime routing"
"Germany","Bremerhaven","Weserfähre GmbH","Realtime routing"
"Germany","Brunswick","Braunschweiger Verkehrs-GmbH","Realtime routing"
"Germany","Brunswick","DB Fernverkehr AG","Realtime routing"
"Germany","Brunswick","DB Nord","Realtime routing"
"Germany","Brunswick","DB Regio AG Nord","Realtime routing"
"Germany","Brunswick","DB Regio AG Südost","Realtime routing"
"Germany","Brunswick","Ecolines Estonia OU","Estimated routing"
"Germany","Brunswick","Eurolines SA","Estimated routing"
"Germany","Brunswick","FlixBus","Timetable routing"
"Germany","Brunswick","Kraftverkehrsgesellschaft mbH Braunschweig","Realtime routing"
"Germany","Brunswick","Peiner Verkehrsgesellschaft mbH","Realtime routing"
"Germany","Brunswick","Reisebüro Schmidt","Realtime routing"
"Germany","Brunswick","Tarifverb Region Braunschweig","Realtime routing"
"Germany","Brunswick","Verkehrsgesellschaft Landkreis Gifhorn mbH","Realtime routing"
"Germany","Brunswick","WestfalenBahn","Realtime routing"
"Germany","Brunswick","Wolfsburger Verkehrs-GmbH","Realtime routing"
"Germany","Brunswick","enno","Realtime routing"
"Germany","Brunswick","erixx","Realtime routing"
"Germany","Cassel","ABELLIO Rail Mitteldeutschland GmbH","Realtime routing"
"Germany","Cassel","ARGE Sallwey-Frölich-Brundig","Realtime routing"
"Germany","Cassel","DB Fernverkehr AG","Realtime routing"
"Germany","Cassel","DB Regio AG Mitte Region Hessen","Realtime routing"
"Germany","Cassel","DB RegioNetz Verkehrs GmbH Kurhessenbahn","Realtime routing"
"Germany","Cassel","Ecolines Estonia OU","Estimated routing"
"Germany","Cassel","FlixBus","Timetable routing"
"Germany","Cassel","FlixTrain","Timetable routing"
"Germany","Cassel","Hessische Landesbahn","Realtime routing"
"Germany","Cassel","KVG M","Realtime routing"
"Germany","Cassel","NVV - Faisy","Realtime routing"
"Germany","Cassel","National Express","Realtime routing"
"Germany","Cassel","Nordhessischer Verkehrsverbund","Realtime routing"
"Germany","Cassel","cantus Verkehrsgesellschaft","Realtime routing"
"Germany","Cassel","ÖBB","Realtime routing"
"Germany","Chemnitz","DB Fernverkehr (Codesharing)","Realtime routing"
"Germany","Chemnitz","DB Fernverkehr AG","Realtime routing"
"Germany","Chemnitz","DB RegioNetz Verkehrs GmbH Erzgebirgsbahn","Realtime routing"
"Germany","Chemnitz","Ecolines Estonia OU","Estimated routing"
"Germany","Chemnitz","FlixBus","Timetable routing"
"Germany","Chemnitz","MittelSachsen","Realtime routing"
"Germany","Chemnitz","Mitteldeutsche Regiobahn","Realtime routing"
"Germany","Cologne","BVR Busverkehr Rheinland GmbH","Realtime routing"
"Germany","Cologne","BlaBlaCar Bus","Timetable routing"
"Germany","Cologne","DB DB - Regio AG, Region NRW","Realtime routing"
"Germany","Cologne","DB Fernverkehr (Codesharing)","Realtime routing"
"Germany","Cologne","DB Fernverkehr AG","Realtime routing"
"Germany","Cologne","DB Regio AG NRW","Realtime routing"
"Germany","Cologne","Deutsche Bahn AG","Timetable routing"
"Germany","Cologne","EUROSTAR","Realtime routing"
"Germany","Cologne","Ecolines Estonia OU","Estimated routing"
"Germany","Cologne","Eurolines SA","Estimated routing"
"Germany","Cologne","Eurostar","Realtime routing"
"Germany","Cologne","FlixBus","Timetable routing"
"Germany","Cologne","KVB Kölner Verkehrs-Betriebe AG","Realtime routing"
"Germany","Cologne","MSM Partyzug","Realtime routing"
"Germany","Cologne","NMBS/SNCB","Realtime routing"
"Germany","Cologne","NS Int","Realtime routing"
"Germany","Cologne","NX National Express Rail GmbH","Realtime routing"
"Germany","Cologne","Nachtzug","Realtime routing"
"Germany","Cologne","Nahreisezug","Realtime routing"
"Germany","Cologne","National Express","Realtime routing"
"Germany","Cologne","OEBB Personenverkehr AG Kundenservice","Timetable routing"
"Germany","Cologne","REVG Rhein-Erft-Verkehrsgesellschaft mbH","Realtime routing"
"Germany","Cologne","RSVG Rhein-Sieg-Verkehrsgesellschaft mbH","Realtime routing"
"Germany","Cologne","RVK Regionalverkehr Köln GmbH NL Berg.Gladb.","Realtime routing"
"Germany","Cologne","RVK Regionalverkehr Köln GmbH NL Wermelsk.","Realtime routing"
"Germany","Cologne","SEV NX SEV National Express Rail GmbH","Realtime routing"
"Germany","Cologne","SEV Schienenersatzverkehr Deutsche Bahn AG","Realtime routing"
"Germany","Cologne","SWB Stadtwerke Bonn Verkehrs GmbH","Realtime routing"
"Germany","Cologne","SÜWEX","Realtime routing"
"Germany","Cologne","TR trans regio Deutsche Regionalbahn GmbH","Realtime routing"
"Germany","Cologne","TRI Train Rental GmbH","Realtime routing"
"Germany","Cologne","Verkehrsverbund Rhein-Sieg","Realtime routing"
"Germany","Cologne","wupsi wupsi GmbH","Realtime routing"
"Germany","Cologne","ÖBB","Realtime routing"
"Germany","Cottbus","800151 DB Regio AG Nordost","Realtime routing"
"Germany","Cottbus","Cottbusverkehr","Realtime routing"
"Germany","Cottbus","Cottbusverkehr GmbH","Realtime routing"
"Germany","Cottbus","DB Regio AG","Realtime routing"
"Germany","Cottbus","Fahrplaneditor","Realtime routing"
"Germany","Cottbus","FlixBus","Timetable routing"
"Germany","Cottbus","ODEG Ostdeutsche Eisenbahn GmbH","Realtime routing"
"Germany","Cottbus","Verkehrsgesellschaft Oberspreewald-Lausitz mbH","Realtime routing"
"Germany","Darmstadt","BlaBlaCar Bus","Timetable routing"
"Germany","Darmstadt","DADINA","Realtime routing"
"Germany","Darmstadt","DB Fernverkehr (Codesharing)","Realtime routing"
"Germany","Darmstadt","DB Fernverkehr AG","Realtime routing"
"Germany","Darmstadt","DB Regio AG Mitte Region Hessen","Realtime routing"
"Germany","Darmstadt","Ecolines Estonia OU","Estimated routing"
"Germany","Darmstadt","FlixBus","Timetable routing"
"Germany","Darmstadt","FlixTrain","Timetable routing"
"Germany","Darmstadt","HEAG","Realtime routing"
"Germany","Darmstadt","Hessische Landesbahn","Realtime routing"
"Germany","Darmstadt","LNVG-GG","Realtime routing"
"Germany","Darmstadt","Nahreisezug","Realtime routing"
"Germany","Darmstadt","RMV","Realtime routing"
"Germany","Darmstadt","VIAS Rail GmbH","Realtime routing"
"Germany","Darmstadt","Verkehrsverbund Rhein-Neckar","Realtime routing"
"Germany","Darmstadt","ÖBB","Realtime routing"
"Germany","Dortmund","BlaBlaCar Bus","Timetable routing"
"Germany","Dortmund","Bochum-Gelsenkirchener Straßenbahnen AG","Realtime routing"
"Germany","Dortmund","DB Fernverkehr (Codesharing)","Realtime routing"
"Germany","Dortmund","DB Fernverkehr AG","Realtime routing"
"Germany","Dortmund","DB Regio AG NRW","Realtime routing"
"Germany","Dortmund","Deutsche Bahn AG","Timetable routing"
"Germany","Dortmund","Dortmunder Stadtwerke DSW","Realtime routing"
"Germany","Dortmund","EUROSTAR","Realtime routing"
"Germany","Dortmund","Ecolines Estonia OU","Estimated routing"
"Germany","Dortmund","Eurolines SA","Estimated routing"
"Germany","Dortmund","Eurostar","Realtime routing"
"Germany","Dortmund","FlixBus","Timetable routing"
"Germany","Dortmund","Hagener Straßenbahn AG","Realtime routing"
"Germany","Dortmund","Hessische Landesbahn","Realtime routing"
"Germany","Dortmund","NX National Express Rail GmbH","Realtime routing"
"Germany","Dortmund","Nachtzug","Realtime routing"
"Germany","Dortmund","Nahreisezug","Realtime routing"
"Germany","Dortmund","National Express","Realtime routing"
"Germany","Dortmund","OEBB Personenverkehr AG Kundenservice","Timetable routing"
"Germany","Dortmund","SEV NX SEV National Express Rail GmbH","Realtime routing"
"Germany","Dortmund","Schweizerische Bundesbahnen SBB","Realtime routing"
"Germany","Dortmund","Straßenbahn Herne – Castrop-Rauxel GmbH","Realtime routing"
"Germany","Dortmund","TRI Train Rental GmbH","Realtime routing"
"Germany","Dortmund","VGM/VRL","Realtime routing"
"Germany","Dortmund","VIAS Rail GmbH","Realtime routing"
"Germany","Dortmund","Verkehrsgesellschaft Ennepe-Ruhr mbH","Realtime routing"
"Germany","Dortmund","Vestische Straßenbahnen GmbH","Realtime routing"
"Germany","Dortmund","eurobahn","Realtime routing"
"Germany","Dresden","DB Fernverkehr (Codesharing)","Realtime routing"
"Germany","Dresden","DB Fernverkehr AG","Realtime routing"
"Germany","Dresden","DB Regio AG","Realtime routing"
"Germany","Dresden","DB Regio AG Südost","Realtime routing"
"Germany","Dresden","Ecolines Estonia OU","Estimated routing"
"Germany","Dresden","Eurolines SA","Estimated routing"
"Germany","Dresden","FlixBus","Timetable routing"
"Germany","Dresden","MAV","Realtime routing"
"Germany","Dresden","MittelSachsen","Realtime routing"
"Germany","Dresden","Mitteldeutsche Regiobahn","Realtime routing"
"Germany","Dresden","Nahreisezug","Realtime routing"
"Germany","Dresden","Snälltåget","Realtime routing"
"Germany","Dresden","Verkehrsverbund Oberelbe","Realtime routing"
"Germany","Dresden","trilex - Die Länderbahn GmbH DLB","Realtime routing"
"Germany","Dresden","trilex-express - Die Länderbahn GmbH DLB","Realtime routing"
"Germany","Dresden","ÖBB","Realtime routing"
"Germany","Dresden","Železničná spoločnosť Slovensko, a.s.","Timetable routing"
"Germany","Duisburg","BVR Busverkehr Rheinland GmbH","Realtime routing"
"Germany","Duisburg","BlaBlaCar Bus","Timetable routing"
"Germany","Duisburg","DB Fernverkehr (Codesharing)","Realtime routing"
"Germany","Duisburg","DB Fernverkehr AG","Realtime routing"
"Germany","Duisburg","DB Regio AG NRW","Realtime routing"
"Germany","Duisburg","Duisburger Verkehrsgesellschaft AG","Realtime routing"
"Germany","Duisburg","EUROSTAR","Realtime routing"
"Germany","Duisburg","Ecolines Estonia OU","Estimated routing"
"Germany","Duisburg","Essener Verkehrs AG","Realtime routing"
"Germany","Duisburg","Eurolines SA","Estimated routing"
"Germany","Duisburg","Eurostar","Realtime routing"
"Germany","Duisburg","FlixBus","Realtime routing"
"Germany","Duisburg","Mülheimer VerkehrsGesellschaft mbH","Realtime routing"
"Germany","Duisburg","NS Int","Realtime routing"
"Germany","Duisburg","NX National Express Rail GmbH","Realtime routing"
"Germany","Duisburg","Nahreisezug","Realtime routing"
"Germany","Duisburg","National Express","Realtime routing"
"Germany","Duisburg","Niederrheinische Verkehrsbetriebe AG","Realtime routing"
"Germany","Duisburg","RheinRuhrBahn","Realtime routing"
"Germany","Duisburg","Rheinbahn AG","Realtime routing"
"Germany","Duisburg","SEV NX SEV National Express Rail GmbH","Realtime routing"
"Germany","Duisburg","SWK Mobil GmbH","Realtime routing"
"Germany","Duisburg","Stadtwerke Oberhausen AG","Realtime routing"
"Germany","Duisburg","TRI Train Rental GmbH","Realtime routing"
"Germany","Duisburg","VIAS","Realtime routing"
"Germany","Duisburg","VIAS Rail GmbH","Realtime routing"
"Germany","Duisburg","eurobahn","Realtime routing"
"Germany","Dusseldorf","BVR Busverkehr Rheinland GmbH","Realtime routing"
"Germany","Dusseldorf","Bahnen der Stadt Monheim","Realtime routing"
"Germany","Dusseldorf","BlaBlaCar Bus","Timetable routing"
"Germany","Dusseldorf","DB DB - Regio AG, Region NRW","Realtime routing"
"Germany","Dusseldorf","DB Fernverkehr (Codesharing)","Realtime routing"
"Germany","Dusseldorf","DB Fernverkehr AG","Realtime routing"
"Germany","Dusseldorf","DB Regio AG NRW","Realtime routing"
"Germany","Dusseldorf","Deutsche Bahn AG","Timetable routing"
"Germany","Dusseldorf","Duisburger Verkehrsgesellschaft AG","Realtime routing"
"Germany","Dusseldorf","EUROSTAR","Realtime routing"
"Germany","Dusseldorf","Ecolines Estonia OU","Estimated routing"
"Germany","Dusseldorf","Eurobahn","Realtime routing"
"Germany","Dusseldorf","Eurolines SA","Estimated routing"
"Germany","Dusseldorf","Eurostar","Realtime routing"
"Germany","Dusseldorf","FlixBus","Timetable routing"
"Germany","Dusseldorf","NS Int","Realtime routing"
"Germany","Dusseldorf","NX National Express Rail GmbH","Realtime routing"
"Germany","Dusseldorf","Nachtzug","Realtime routing"
"Germany","Dusseldorf","Nahreisezug","Realtime routing"
"Germany","Dusseldorf","National Express","Realtime routing"
"Germany","Dusseldorf","REGIOBAHN","Realtime routing"
"Germany","Dusseldorf","RheinRuhrBahn","Realtime routing"
"Germany","Dusseldorf","Rheinbahn AG","Realtime routing"
"Germany","Dusseldorf","SEV NX SEV National Express Rail GmbH","Realtime routing"
"Germany","Dusseldorf","SEV Schienenersatzverkehr Deutsche Bahn AG","Realtime routing"
"Germany","Dusseldorf","Stadtwerke Neuss GmbH","Realtime routing"
"Germany","Dusseldorf","SÜWEX","Realtime routing"
"Germany","Dusseldorf","TCS Ersatzverkehr","Realtime routing"
"Germany","Dusseldorf","TRI Train Rental GmbH","Realtime routing"
"Germany","Dusseldorf","VIAS","Realtime routing"
"Germany","Dusseldorf","VIAS Rail GmbH","Realtime routing"
"Germany","Dusseldorf","eurobahn","Realtime routing"
"Germany","Dusseldorf","go.on.","Realtime routing"
"Germany","Erfurt","ABELLIO Rail Mitteldeutschland GmbH","Realtime routing"
"Germany","Erfurt","DB Fernverkehr (Codesharing)","Realtime routing"
"Germany","Erfurt","DB Fernverkehr AG","Realtime routing"
"Germany","Erfurt","DB Regio AG Bayern","Realtime routing"
"Germany","Erfurt","DB Regio AG Südost","Realtime routing"
"Germany","Erfurt","Deutsche Bahn AG","Timetable routing"
"Germany","Erfurt","Erfurter Bahn","Realtime routing"
"Germany","Erfurt","Erfurter Bahn Express","Realtime routing"
"Germany","Erfurt","Erfurter Verkehrsbetriebe AG","Realtime routing"
"Germany","Erfurt","FlixBus","Timetable routing"
"Germany","Erfurt","FlixTrain","Timetable routing"
"Germany","Erfurt","KomBus GmbH","Realtime routing"
"Germany","Erfurt","Omnibusverkehr GmbH Ilmenau","Realtime routing"
"Germany","Erfurt","Personenverkehrsgesellschaft mbH Weimarer Land","Realtime routing"
"Germany","Erfurt","RV Start Deutschland GmbH Mitteldeutschland","Realtime routing"
"Germany","Erfurt","SNCF VOYAGEURS","Realtime routing"
"Germany","Erfurt","Süd-Thüringen-Bahn","Realtime routing"
"Germany","Erfurt","Süd-Thüringen-Bahn Express","Realtime routing"
"Germany","Erfurt","Verkehrsgemeinschaft Landkreis Gotha GbR","Realtime routing"
"Germany","Erfurt","Verwaltungsgesellschaft des ÖPNV Sömmerda mbH","Realtime routing"
"Germany","Erlangen","DB Fernverkehr AG","Realtime routing"
"Germany","Erlangen","DB Regio AG Bayern","Realtime routing"
"Germany","Erlangen","Erlanger Stadtverkehr","Realtime routing"
"Germany","Erlangen","FlixBus","Timetable routing"
"Germany","Erlangen","Nahreisezug","Realtime routing"
"Germany","Erlangen","Omnibusverkehr Franken","Realtime routing"
"Germany","Erlangen","Schmetterling Reisen","Realtime routing"
"Germany","Erlangen","Stadtverkehr Fürth","Realtime routing"
"Germany","Erlangen","VerkehrsAG Nürnberg","Realtime routing"
"Germany","Erlangen","Vogel-Omnibus","Realtime routing"
"Germany","Essen","BVR Busverkehr Rheinland GmbH","Realtime routing"
"Germany","Essen","BlaBlaCar Bus","Timetable routing"
"Germany","Essen","Bochum-Gelsenkirchener Straßenbahnen AG","Realtime routing"
"Germany","Essen","DB DB - Regio AG, Region NRW","Realtime routing"
"Germany","Essen","DB Fernverkehr AG","Realtime routing"
"Germany","Essen","DB Regio AG NRW","Realtime routing"
"Germany","Essen","EUROSTAR","Realtime routing"
"Germany","Essen","Ecolines Estonia OU","Estimated routing"
"Germany","Essen","Essener Verkehrs AG","Realtime routing"
"Germany","Essen","Eurolines SA","Estimated routing"
"Germany","Essen","Eurostar","Realtime routing"
"Germany","Essen","FlixBus","Timetable routing"
"Germany","Essen","Mülheimer VerkehrsGesellschaft mbH","Realtime routing"
"Germany","Essen","NX National Express Rail GmbH","Realtime routing"
"Germany","Essen","Nachtzug","Realtime routing"
"Germany","Essen","Nahreisezug","Realtime routing"
"Germany","Essen","National Express","Realtime routing"
"Germany","Essen","RheinRuhrBahn","Realtime routing"
"Germany","Essen","Rheinbahn AG","Realtime routing"
"Germany","Essen","SEV NX SEV National Express Rail GmbH","Realtime routing"
"Germany","Essen","Stadtwerke Oberhausen AG","Realtime routing"
"Germany","Essen","TRI Train Rental GmbH","Realtime routing"
"Germany","Essen","VIAS Rail GmbH","Realtime routing"
"Germany","Essen","Verkehrsgesellschaft Ennepe-Ruhr mbH","Realtime routing"
"Germany","Essen","Vestische Straßenbahnen GmbH","Realtime routing"
"Germany","Essen","eurobahn","Realtime routing"
"Germany","Frankfurt am Main","BlaBlaCar Bus","Timetable routing"
"Germany","Frankfurt am Main","DB Fernverkehr (Codesharing)","Realtime routing"
"Germany","Frankfurt am Main","DB Fernverkehr AG","Realtime routing"
"Germany","Frankfurt am Main","DB Regio AG Bayern","Realtime routing"
"Germany","Frankfurt am Main","DB Regio AG Mitte Region Hessen","Realtime routing"
"Germany","Frankfurt am Main","Deutsche Bahn AG","Timetable routing"
"Germany","Frankfurt am Main","Ecolines Estonia OU","Estimated routing"
"Germany","Frankfurt am Main","Eurolines SA","Estimated routing"
"Germany","Frankfurt am Main","FlixBus","Timetable routing"
"Germany","Frankfurt am Main","FlixTrain","Timetable routing"
"Germany","Frankfurt am Main","GmbH","Realtime routing"
"Germany","Frankfurt am Main","HEAG","Realtime routing"
"Germany","Frankfurt am Main","Hessische Landesbahn","Realtime routing"
"Germany","Frankfurt am Main","IV HG","Realtime routing"
"Germany","Frankfurt am Main","KVG OF - Faisy BAIM","Realtime routing"
"Germany","Frankfurt am Main","LNVG-GG","Realtime routing"
"Germany","Frankfurt am Main","MTV","Realtime routing"
"Germany","Frankfurt am Main","NMBS/SNCB","Realtime routing"
"Germany","Frankfurt am Main","NS Int","Realtime routing"
"Germany","Frankfurt am Main","Nahreisezug","Realtime routing"
"Germany","Frankfurt am Main","OVB - Microbus","Realtime routing"
"Germany","Frankfurt am Main","RMV","Realtime routing"
"Germany","Frankfurt am Main","RV Start Deutschland GmbH Taunus","Realtime routing"
"Germany","Frankfurt am Main","SNCF VOYAGEURS","Realtime routing"
"Germany","Frankfurt am Main","Schweizerische Bundesbahnen SBB","Realtime routing"
"Germany","Frankfurt am Main","Soc. Marino Srl","Timetable routing"
"Germany","Frankfurt am Main","Stroh Bus-Verkehrs GmbH","Realtime routing"
"Germany","Frankfurt am Main","SÜWEX","Realtime routing"
"Germany","Frankfurt am Main","TRENITALIA","Timetable routing"
"Germany","Frankfurt am Main","VIAS GmbH","Realtime routing"
"Germany","Frankfurt am Main","VIAS Rail GmbH","Realtime routing"
"Germany","Frankfurt am Main","Verkehrsverbund Rhein-Neckar","Realtime routing"
"Germany","Frankfurt am Main","traffiQ","Realtime routing"
"Germany","Frankfurt am Main","vlexx","Realtime routing"
"Germany","Frankfurt am Main","ÖBB","Realtime routing"
"Germany","Freiburg","BahnTouristikExpress","Realtime routing"
"Germany","Freiburg","DB Fernverkehr (Codesharing)","Realtime routing"
"Germany","Freiburg","DB Fernverkehr AG","Realtime routing"
"Germany","Freiburg","DB Regio AG Baden-Württemberg","Realtime routing"
"Germany","Freiburg","Ecolines Estonia OU","Estimated routing"
"Germany","Freiburg","Eurolines SA","Estimated routing"
"Germany","Freiburg","FlixBus","Timetable routing"
"Germany","Freiburg","FlixTrain","Timetable routing"
"Germany","Freiburg","Freiburger Verkehrs AG","Realtime routing"
"Germany","Freiburg","SBB GmbH","Realtime routing"
"Germany","Freiburg","SBB GmbH (Grenzverkehr)","Realtime routing"
"Germany","Freiburg","SBG SüdbadenBus GmbH","Realtime routing"
"Germany","Freiburg","SNCF","Realtime routing"
"Germany","Freiburg","SNCF VOYAGEURS","Realtime routing"
"Germany","Freiburg","Schweizerische Bundesbahnen SBB","Realtime routing"
"Germany","Freiburg","Südbadenbus","Realtime routing"
"Germany","Freiburg","Südwestdeutsche Verkehrs-AG","Realtime routing"
"Germany","Freiburg","TRENITALIA","Timetable routing"
"Germany","Freiburg","ÖBB","Realtime routing"
"Germany","Fürth","DB Regio AG Bayern","Realtime routing"
"Germany","Fürth","FlixBus","Timetable routing"
"Germany","Fürth","Lyst-Reisen Stefan Lyding KG","Realtime routing"
"Germany","Fürth","Nahreisezug","Realtime routing"
"Germany","Fürth","Omnibusverkehr Franken","Realtime routing"
"Germany","Fürth","Schmetterling Reisen","Realtime routing"
"Germany","Fürth","Stadtverkehr Fürth","Realtime routing"
"Germany","Fürth","VerkehrsAG Nürnberg","Realtime routing"
"Germany","Gelsenkirchen","BVR Busverkehr Rheinland GmbH","Realtime routing"
"Germany","Gelsenkirchen","Bochum-Gelsenkirchener Straßenbahnen AG","Realtime routing"
"Germany","Gelsenkirchen","DB Fernverkehr AG","Realtime routing"
"Germany","Gelsenkirchen","DB Regio AG NRW","Realtime routing"
"Germany","Gelsenkirchen","Essener Verkehrs AG","Realtime routing"
"Germany","Gelsenkirchen","FlixBus","Timetable routing"
"Germany","Gelsenkirchen","NX National Express Rail GmbH","Realtime routing"
"Germany","Gelsenkirchen","Nahreisezug","Realtime routing"
"Germany","Gelsenkirchen","Stadtwerke Oberhausen AG","Realtime routing"
"Germany","Gelsenkirchen","TRI Train Rental GmbH","Realtime routing"
"Germany","Gelsenkirchen","VIAS Rail GmbH","Realtime routing"
"Germany","Gelsenkirchen","Vestische Straßenbahnen GmbH","Realtime routing"
"Germany","Gelsenkirchen","eurobahn","Realtime routing"
"Germany","Göttingen","DB Fernverkehr (Codesharing)","Realtime routing"
"Germany","Göttingen","DB Fernverkehr AG","Realtime routing"
"Germany","Göttingen","DB Regio AG Nord","Realtime routing"
"Germany","Göttingen","DB Regio AG Südost","Realtime routing"
"Germany","Göttingen","Ecolines Estonia OU","Estimated routing"
"Germany","Göttingen","FlixBus","Timetable routing"
"Germany","Göttingen","Göttinger Verkehrsbetriebe (GöVB)","Realtime routing"
"Germany","Göttingen","NordWestBahn","Realtime routing"
"Germany","Göttingen","Regiobus Uhlendorff GmbH & Co. KG","Realtime routing"
"Germany","Göttingen","Regionalbus Braunschweig","Realtime routing"
"Germany","Göttingen","Regionalbus Braunschweig GmbH","Realtime routing"
"Germany","Göttingen","Scheithauer Reisen","Realtime routing"
"Germany","Göttingen","Schweizerische Bundesbahnen SBB","Realtime routing"
"Germany","Göttingen","VSN-Direkt","Realtime routing"
"Germany","Göttingen","cantus Verkehrsgesellschaft","Realtime routing"
"Germany","Göttingen","metronom Eisenbahngesellschaft mbH","Realtime routing"
"Germany","Göttingen","ÖBB","Realtime routing"
"Germany","Hagen","BVR Busverkehr Rheinland GmbH","Realtime routing"
"Germany","Hagen","Bochum-Gelsenkirchener Straßenbahnen AG","Realtime routing"
"Germany","Hagen","DB Fernverkehr AG","Realtime routing"
"Germany","Hagen","DB Regio AG NRW","Realtime routing"
"Germany","Hagen","Eurobahn","Realtime routing"
"Germany","Hagen","Hagener Straßenbahn AG","Realtime routing"
"Germany","Hagen","Hessische Landesbahn","Realtime routing"
"Germany","Hagen","Märkische VG","Realtime routing"
"Germany","Hagen","NX National Express Rail GmbH","Realtime routing"
"Germany","Hagen","Nachtzug","Realtime routing"
"Germany","Hagen","Nahreisezug","Realtime routing"
"Germany","Hagen","National Express","Realtime routing"
"Germany","Hagen","TCS Ersatzverkehr","Realtime routing"
"Germany","Hagen","VIAS Rail GmbH","Realtime routing"
"Germany","Hagen","Verkehrsgesellschaft Ennepe-Ruhr mbH","Realtime routing"
"Germany","Hagen","eurobahn","Realtime routing"
"Germany","Hagen","go.on.","Realtime routing"
"Germany","Halle (Saale)","ABELLIO Rail Mitteldeutschland GmbH","Realtime routing"
"Germany","Halle (Saale)","ABELLO Rail Mitteldeutschland GmbH","Realtime routing"
"Germany","Halle (Saale)","DB Fernverkehr (Codesharing)","Realtime routing"
"Germany","Halle (Saale)","DB Fernverkehr AG","Realtime routing"
"Germany","Halle (Saale)","DB Regio AG","Realtime routing"
"Germany","Halle (Saale)","DB Regio AG Südost","Realtime routing"
"Germany","Halle (Saale)","FlixBus","Timetable routing"
"Germany","Halle (Saale)","FlixTrain","Timetable routing"
"Germany","Halle (Saale)","Hallesche Verkehrs-AG","Realtime routing"
"Germany","Halle (Saale)","Merseburg Querfurt","Realtime routing"
"Germany","Halle (Saale)","Nachtzug","Realtime routing"
"Germany","Halle (Saale)","Nahreisezug","Realtime routing"
"Germany","Halle (Saale)","Omnibusbetrieb Saalekreis GmbH","Realtime routing"
"Germany","Halle (Saale)","RV Start Deutschland GmbH Mitteldeutschland","Realtime routing"
"Germany","Halle (Saale)","SNCF VOYAGEURS","Realtime routing"
"Germany","Halle (Saale)","Verkehrsgesellschaft Südharz mbH","Realtime routing"
"Germany","Hamburg","AKN Eisenbahn AG","Realtime routing"
"Germany","Hamburg","Autokraft Kiel","Realtime routing"
"Germany","Hamburg","BahnTouristikExpress","Realtime routing"
"Germany","Hamburg","Betreiber: ecoVista","Realtime routing"
"Germany","Hamburg","BlaBlaCar Bus","Timetable routing"
"Germany","Hamburg","DB Fernverkehr (Codesharing)","Realtime routing"
"Germany","Hamburg","DB Fernverkehr AG","Realtime routing"
"Germany","Hamburg","DB Nord","Realtime routing"
"Germany","Hamburg","DB Regio AG Nord","Realtime routing"
"Germany","Hamburg","DB Regio Bus Mitte","Realtime routing"
"Germany","Hamburg","DSB","Timetable routing"
"Germany","Hamburg","Deutsche Bahn AG","Timetable routing"
"Germany","Hamburg","Ecolines Estonia OU","Estimated routing"
"Germany","Hamburg","Eurolines SA","Estimated routing"
"Germany","Hamburg","FlixBus","Timetable routing"
"Germany","Hamburg","FlixTrain","Timetable routing"
"Germany","Hamburg","Hamburger Verkehrsverbund","Realtime routing"
"Germany","Hamburg","KVG Stade GmbH & Co. KG","Realtime routing"
"Germany","Hamburg","Keolis","Realtime routing"
"Germany","Hamburg","MSM Partyzug","Realtime routing"
"Germany","Hamburg","NS Int","Realtime routing"
"Germany","Hamburg","Nachtzug","Realtime routing"
"Germany","Hamburg","Nahreisezug","Realtime routing"
"Germany","Hamburg","Nordbahn Eisenbahngesellschaft","Realtime routing"
"Germany","Hamburg","OEBB Personenverkehr AG Kundenservice","Timetable routing"
"Germany","Hamburg","RV Start Deutschland GmbH Unterelbe","Realtime routing"
"Germany","Hamburg","Regionalverkehre Start Deutschland (Niedersachsen-Mitte)","Realtime routing"
"Germany","Hamburg","S-Bahn Hamburg","Realtime routing"
"Germany","Hamburg","SJ","Timetable routing"
"Germany","Hamburg","SJ AB","Timetable routing"
"Germany","Hamburg","Schweizerische Bundesbahnen SBB","Realtime routing"
"Germany","Hamburg","Snälltåget","Realtime routing"
"Germany","Hamburg","Usedomer Bäder Bahn Bus","Realtime routing"
"Germany","Hamburg","ecoVista im Auftrag InfraGo und Erixx","Realtime routing"
"Germany","Hamburg","metronom Eisenbahngesellschaft mbH","Realtime routing"
"Germany","Hamburg","ÖBB","Realtime routing"
"Germany","Hamburg","Železničná spoločnosť Slovensko, a.s.","Timetable routing"
"Germany","Hamm","DB Fernverkehr AG","Realtime routing"
"Germany","Hamm","Ecolines Estonia OU","Estimated routing"
"Germany","Hamm","Eurobahn","Realtime routing"
"Germany","Hamm","NX National Express Rail GmbH","Realtime routing"
"Germany","Hamm","National Express","Realtime routing"
"Germany","Hamm","TRI Train Rental GmbH","Realtime routing"
"Germany","Hamm","VGM/VRL","Realtime routing"
"Germany","Hamm","eurobahn","Realtime routing"
"Germany","Hamm","ÖBB","Realtime routing"
"Germany","Hanover","DB Fernverkehr (Codesharing)","Realtime routing"
"Germany","Hanover","DB Fernverkehr AG","Realtime routing"
"Germany","Hanover","DB Regio AG Nord","Realtime routing"
"Germany","Hanover","Ecolines Estonia OU","Estimated routing"
"Germany","Hanover","Eurolines SA","Estimated routing"
"Germany","Hanover","FlixBus","Realtime routing"
"Germany","Hanover","Großraumverkehr Hannover","Realtime routing"
"Germany","Hanover","RegioBus Hannover GmbH","Realtime routing"
"Germany","Hanover","Regionalverkehre Start Deutschland (Niedersachsen-Mitte)","Realtime routing"
"Germany","Hanover","S-Bahn Hannover","Realtime routing"
"Germany","Hanover","S-Bahn Hannover (Transdev)","Realtime routing"
"Germany","Hanover","Schweizerische Bundesbahnen SBB","Realtime routing"
"Germany","Hanover","WestfalenBahn","Realtime routing"
"Germany","Hanover","enno","Realtime routing"
"Germany","Hanover","erixx","Realtime routing"
"Germany","Hanover","metronom Eisenbahngesellschaft mbH","Realtime routing"
"Germany","Hanover","ÖBB","Realtime routing"
"Germany","Hanover","üstra Hannoversche Verkehrsbetriebe AG","Realtime routing"
"Germany","Heidelberg","BlaBlaCar Bus","Timetable routing"
"Germany","Heidelberg","DB Fernverkehr (Codesharing)","Realtime routing"
"Germany","Heidelberg","DB Fernverkehr AG","Realtime routing"
"Germany","Heidelberg","DB Regio AG Mitte Region Hessen","Realtime routing"
"Germany","Heidelberg","DB Regio AG Mitte Region Südwest","Realtime routing"
"Germany","Heidelberg","Eurolines SA","Estimated routing"
"Germany","Heidelberg","FlixBus","Timetable routing"
"Germany","Heidelberg","FlixTrain","Timetable routing"
"Germany","Heidelberg","Heidelberger Straßen- und Bergbahn GmbH","Timetable routing"
"Germany","Heidelberg","RNV Rhein-Neckar-Verkehr GmbH","Timetable routing"
"Germany","Heidelberg","SWEG Bahn Stuttgart","Realtime routing"
"Germany","Heidelberg","SÜWEX","Realtime routing"
"Germany","Heidelberg","Verkehrsunternehmen","Timetable routing"
"Germany","Heidelberg","Verkehrsverbund Rhein-Neckar","Realtime routing"
"Germany","Heidelberg","ÖBB","Realtime routing"
"Germany","Heilbronn","Albtal-Verkehrs-Gesellschaft","Realtime routing"
"Germany","Heilbronn","Albtal-Verkehrs-Gesellschaft mbH","Timetable routing"
"Germany","Heilbronn","DB Regio AG Mitte Region Hessen","Realtime routing"
"Germany","Heilbronn","DB RegioNetz Verkehrs GmbH Westfrankenbahn","Realtime routing"
"Germany","Heilbronn","Eurolines SA","Estimated routing"
"Germany","Heilbronn","FlixBus","Timetable routing"
"Germany","Heilbronn","Go-Ahead","Realtime routing"
"Germany","Heilbronn","Heilbronner Nahverkehr","Realtime routing"
"Germany","Heilbronn","SWEG Bahn Stuttgart","Realtime routing"
"Germany","Heilbronn","VVS","Timetable routing"
"Germany","Herne","Bochum-Gelsenkirchener Straßenbahnen AG","Realtime routing"
"Germany","Herne","DB Fernverkehr AG","Realtime routing"
"Germany","Herne","DB Regio AG NRW","Realtime routing"
"Germany","Herne","NX National Express Rail GmbH","Realtime routing"
"Germany","Herne","Nahreisezug","Realtime routing"
"Germany","Herne","Straßenbahn Herne – Castrop-Rauxel GmbH","Realtime routing"
"Germany","Herne","TRI Train Rental GmbH","Realtime routing"
"Germany","Herne","VIAS Rail GmbH","Realtime routing"
"Germany","Herne","Vestische Straßenbahnen GmbH","Realtime routing"
"Germany","Herne","eurobahn","Realtime routing"
"Germany","Hildesheim","DB Fernverkehr AG","Realtime routing"
"Germany","Hildesheim","FlixBus","Timetable routing"
"Germany","Hildesheim","Hildesheim","Realtime routing"
"Germany","Hildesheim","RV Start Deutschland GmbH Niedersachsen-Mitte","Realtime routing"
"Germany","Hildesheim","RVHI Regionalverkehr Hildesheim GmbH","Realtime routing"
"Germany","Hildesheim","Regionalverkehre Start Deutschland (Niedersachsen-Mitte)","Realtime routing"
"Germany","Hildesheim","S-Bahn Hannover","Realtime routing"
"Germany","Hildesheim","S-Bahn Hannover (Transdev)","Realtime routing"
"Germany","Hildesheim","SVHI Stadtverkehr Hildesheim GmbH","Realtime routing"
"Germany","Hildesheim","enno","Realtime routing"
"Germany","Hildesheim","erixx","Realtime routing"
"Germany","Ingolstadt","Bayerische Regiobahn","Realtime routing"
"Germany","Ingolstadt","DB Fernverkehr AG","Realtime routing"
"Germany","Ingolstadt","DB Regio AG Bayern","Realtime routing"
"Germany","Ingolstadt","Deutsche Bahn AG","Timetable routing"
"Germany","Ingolstadt","Ecolines Estonia OU","Estimated routing"
"Germany","Ingolstadt","FlixBus","Timetable routing"
"Germany","Ingolstadt","Ingolstadt","Realtime routing"
"Germany","Ingolstadt","Landkreis Neuburg-Schrobenhausen","Realtime routing"
"Germany","Ingolstadt","Nahreisezug","Realtime routing"
"Germany","Ingolstadt","OEBB Personenverkehr AG Kundenservice","Timetable routing"
"Germany","Ingolstadt","Omnipart","Realtime routing"
"Germany","Ingolstadt","Regionalbus Ostbayern","Realtime routing"
"Germany","Ingolstadt","Verkehrsverbund Großraum Nürnberg","Realtime routing"
"Germany","Ingolstadt","agilis","Realtime routing"
"Germany","Ingolstadt","ÖBB","Realtime routing"
"Germany","Jena","ABELLIO Rail Mitteldeutschland GmbH","Realtime routing"
"Germany","Jena","DB Fernverkehr (Codesharing)","Realtime routing"
"Germany","Jena","DB Fernverkehr AG","Realtime routing"
"Germany","Jena","DB Regio AG Bayern","Realtime routing"
"Germany","Jena","DB Regio AG Südost","Realtime routing"
"Germany","Jena","Erfurter Bahn","Realtime routing"
"Germany","Jena","Erfurter Bahn Express","Realtime routing"
"Germany","Jena","FlixBus","Timetable routing"
"Germany","Jena","Jenaer Nahverkehr GmbH","Realtime routing"
"Germany","Jena","KomBus GmbH","Realtime routing"
"Germany","Jena","Personenverkehrsgesellschaft mbH Weimarer Land","Realtime routing"
"Germany","Jena","Verkehrsgesellschaft mbH","Realtime routing"
"Germany","Jena","Verkehrsunternehmen Andreas Schröder","Realtime routing"
"Germany","Karlsruhe","Albtal-Verkehrs-Gesellschaft","Realtime routing"
"Germany","Karlsruhe","Albtal-Verkehrs-Gesellschaft mbH","Timetable routing"
"Germany","Karlsruhe","BlaBlaCar Bus","Timetable routing"
"Germany","Karlsruhe","DB Fernverkehr (Codesharing)","Realtime routing"
"Germany","Karlsruhe","DB Fernverkehr AG","Realtime routing"
"Germany","Karlsruhe","DB Regio AG Baden-Württemberg","Realtime routing"
"Germany","Karlsruhe","DB Regio AG Mitte","Realtime routing"
"Germany","Karlsruhe","DB Regio AG Mitte Region Hessen","Realtime routing"
"Germany","Karlsruhe","DB Regio AG Mitte Region Südwest","Realtime routing"
"Germany","Karlsruhe","DB Regio Mitte","Realtime routing"
"Germany","Karlsruhe","Ecolines Estonia OU","Estimated routing"
"Germany","Karlsruhe","Eurolines SA","Estimated routing"
"Germany","Karlsruhe","FlixBus","Timetable routing"
"Germany","Karlsruhe","FlixTrain","Timetable routing"
"Germany","Karlsruhe","Friedrich Müller Omnibusunternehmen GmbH","Timetable routing"
"Germany","Karlsruhe","Go-Ahead","Realtime routing"
"Germany","Karlsruhe","Karlsruher Verkehrsverbund","Realtime routing"
"Germany","Karlsruhe","SNCF VOYAGEURS","Realtime routing"
"Germany","Karlsruhe","SWEG Bahn Stuttgart","Realtime routing"
"Germany","Karlsruhe","Schweizerische Bundesbahnen SBB","Realtime routing"
"Germany","Karlsruhe","Soc. Marino Srl","Timetable routing"
"Germany","Karlsruhe","Stadtbahn Karlsruhe SEV","Realtime routing"
"Germany","Karlsruhe","SÜWEX","Realtime routing"
"Germany","Karlsruhe","TRENITALIA","Timetable routing"
"Germany","Karlsruhe","Taxi-Funk-Zentrale Karlsruhe eG","Timetable routing"
"Germany","Karlsruhe","VVS","Timetable routing"
"Germany","Karlsruhe","Verkehrsbetriebe Karlsruhe GmbH","Timetable routing"
"Germany","Karlsruhe","ÖBB","Realtime routing"
"Germany","Kiel","Autokraft Kiel","Realtime routing"
"Germany","Kiel","DB Fernverkehr AG","Realtime routing"
"Germany","Kiel","DB Regio AG Nord","Realtime routing"
"Germany","Kiel","Ecolines","Estimated routing"
"Germany","Kiel","FlixBus","Timetable routing"
"Germany","Kiel","Hamburger Verkehrsverbund","Realtime routing"
"Germany","Kiel","Kieler Verkehrsgesellschaft","Realtime routing"
"Germany","Kiel","Nordbahn Eisenbahngesellschaft","Realtime routing"
"Germany","Kiel","Verkehrsbetriebe Kreis Plön","Realtime routing"
"Germany","Kiel","erixx","Realtime routing"
"Germany","Krefeld","BVR Busverkehr Rheinland GmbH","Realtime routing"
"Germany","Krefeld","DB Fernverkehr AG","Realtime routing"
"Germany","Krefeld","DB Regio AG NRW","Realtime routing"
"Germany","Krefeld","Duisburger Verkehrsgesellschaft AG","Realtime routing"
"Germany","Krefeld","FlixBus","Timetable routing"
"Germany","Krefeld","NX National Express Rail GmbH","Realtime routing"
"Germany","Krefeld","National Express","Realtime routing"
"Germany","Krefeld","Niederrheinische Verkehrsbetriebe AG","Realtime routing"
"Germany","Krefeld","RheinRuhrBahn","Realtime routing"
"Germany","Krefeld","Rheinbahn AG","Realtime routing"
"Germany","Krefeld","SEV NX SEV National Express Rail GmbH","Realtime routing"
"Germany","Krefeld","SWK Mobil GmbH","Realtime routing"
"Germany","Krefeld","TRI Train Rental GmbH","Realtime routing"
"Germany","Krefeld","VIAS Rail GmbH","Realtime routing"
"Germany","Leipzig","ABELLIO Rail Mitteldeutschland GmbH","Realtime routing"
"Germany","Leipzig","DB Fernverkehr (Codesharing)","Realtime routing"
"Germany","Leipzig","DB Fernverkehr AG","Realtime routing"
"Germany","Leipzig","DB Regio AG","Realtime routing"
"Germany","Leipzig","DB Regio AG Südost","Realtime routing"
"Germany","Leipzig","Ecolines Estonia OU","Estimated routing"
"Germany","Leipzig","Erfurter Bahn","Realtime routing"
"Germany","Leipzig","Erfurter Bahn Express","Realtime routing"
"Germany","Leipzig","FlixBus","Timetable routing"
"Germany","Leipzig","FlixTrain","Timetable routing"
"Germany","Leipzig","LVB","Realtime routing"
"Germany","Leipzig","Merseburg Querfurt","Realtime routing"
"Germany","Leipzig","Mitteldeutsche Regiobahn","Realtime routing"
"Germany","Leipzig","Nordsachsen Mobil","Realtime routing"
"Germany","Leipzig","Omnibusbetrieb Saalekreis GmbH","Realtime routing"
"Germany","Leipzig","Regionalbus Leipzig GmbH","Realtime routing"
"Germany","Leipzig","Schweizerische Bundesbahnen SBB","Realtime routing"
"Germany","Leipzig","THÜSACneu","Realtime routing"
"Germany","Leipzig","ÖBB","Realtime routing"
"Germany","Leverkusen","BSM Bahnen der Stadt Monheim","Realtime routing"
"Germany","Leverkusen","Bahnen der Stadt Monheim","Realtime routing"
"Germany","Leverkusen","DB DB - Regio AG, Region NRW","Realtime routing"
"Germany","Leverkusen","DB Regio AG NRW","Realtime routing"
"Germany","Leverkusen","FlixBus","Timetable routing"
"Germany","Leverkusen","KVB Kölner Verkehrs-Betriebe AG","Realtime routing"
"Germany","Leverkusen","NX National Express Rail GmbH","Realtime routing"
"Germany","Leverkusen","Nahreisezug","Realtime routing"
"Germany","Leverkusen","National Express","Realtime routing"
"Germany","Leverkusen","RVK Regionalverkehr Köln GmbH NL Wermelsk.","Realtime routing"
"Germany","Leverkusen","SEV NX SEV National Express Rail GmbH","Realtime routing"
"Germany","Leverkusen","SEV Schienenersatzverkehr Deutsche Bahn AG","Realtime routing"
"Germany","Leverkusen","TRI Train Rental GmbH","Realtime routing"
"Germany","Leverkusen","Verkehrsverbund Rhein-Sieg","Realtime routing"
"Germany","Leverkusen","go.on.","Realtime routing"
"Germany","Leverkusen","wupsi wupsi GmbH","Realtime routing"
"Germany","Ludwigshafen am Rhein","DB Fernverkehr AG","Realtime routing"
"Germany","Ludwigshafen am Rhein","DB Regio AG Mitte","Realtime routing"
"Germany","Ludwigshafen am Rhein","DB Regio AG Mitte Region Südwest","Realtime routing"
"Germany","Ludwigshafen am Rhein","Nahreisezug","Realtime routing"
"Germany","Ludwigshafen am Rhein","RNV Rhein-Neckar-Verkehr GmbH","Timetable routing"
"Germany","Ludwigshafen am Rhein","SNCF VOYAGEURS","Realtime routing"
"Germany","Ludwigshafen am Rhein","SÜWEX","Realtime routing"
"Germany","Ludwigshafen am Rhein","VRN","Timetable routing"
"Germany","Ludwigshafen am Rhein","Verkehrsverbund Rhein-Neckar","Realtime routing"
"Germany","Lübeck","Autokraft Kiel","Realtime routing"
"Germany","Lübeck","DB Fernverkehr AG","Realtime routing"
"Germany","Lübeck","DB Nord","Realtime routing"
"Germany","Lübeck","DB Regio AG Nord","Realtime routing"
"Germany","Lübeck","Ecolines","Estimated routing"
"Germany","Lübeck","FlixBus","Timetable routing"
"Germany","Lübeck","Hamburger Verkehrsverbund","Realtime routing"
"Germany","Lübeck","Stadtverkehr Lübeck","Realtime routing"
"Germany","Lübeck","Verkehrsgemeinschaft Westmecklenburg","Realtime routing"
"Germany","Lübeck","erixx","Realtime routing"
"Germany","Magdeburg","BördeBus Verkehrsgesellschaft","Realtime routing"
"Germany","Magdeburg","DB Fernverkehr AG","Realtime routing"
"Germany","Magdeburg","DB Regio AG","Realtime routing"
"Germany","Magdeburg","DB Regio AG Südost","Realtime routing"
"Germany","Magdeburg","Ecolines Estonia OU","Estimated routing"
"Germany","Magdeburg","FlixBus","Timetable routing"
"Germany","Magdeburg","KVG Salzland","Realtime routing"
"Germany","Magdeburg","Magdeburger Verkehrsbetriebe AG","Realtime routing"
"Germany","Magdeburg","NJL","Realtime routing"
"Germany","Magdeburg","ODEG Ostdeutsche Eisenbahn GmbH","Realtime routing"
"Germany","Magdeburg","PVG Salzwedel","Realtime routing"
"Germany","Magdeburg","Personenverkehrsgesellschaft Altmarkkreis Salzwedel mbH","Realtime routing"
"Germany","Magdeburg","RV Start Deutschland GmbH Mitteldeutschland","Realtime routing"
"Germany","Magdeburg","Start Mitteldeutschland","Realtime routing"
"Germany","Mainz","DB Fernverkehr (Codesharing)","Realtime routing"
"Germany","Mainz","DB Fernverkehr AG","Realtime routing"
"Germany","Mainz","DB Regio AG Mitte","Realtime routing"
"Germany","Mainz","DB Regio AG Mitte Region Hessen","Realtime routing"
"Germany","Mainz","DB Regio AG Mitte Region Südwest","Realtime routing"
"Germany","Mainz","FlixBus","Timetable routing"
"Germany","Mainz","Hessische Landesbahn","Realtime routing"
"Germany","Mainz","KRN Kommunalverkehr Rhein-Nahe GmbH","Timetable routing"
"Germany","Mainz","Mainzer Mobilität","Timetable routing"
"Germany","Mainz","MittelrheinBahn (Trans Regio)","Realtime routing"
"Germany","Mainz","NMBS/SNCB","Realtime routing"
"Germany","Mainz","NS Int","Realtime routing"
"Germany","Mainz","Nahreisezug","Realtime routing"
"Germany","Mainz","SNCF VOYAGEURS","Realtime routing"
"Germany","Mainz","SÜWEX","Realtime routing"
"Germany","Mainz","TR trans regio Deutsche Regionalbahn GmbH","Realtime routing"
"Germany","Mainz","Verkehrsverbund Rhein-Neckar","Realtime routing"
"Germany","Mainz","vlexx","Realtime routing"
"Germany","Mannheim","BlaBlaCar Bus","Timetable routing"
"Germany","Mannheim","Busverkehr Rhein-Neckar GmbH","Timetable routing"
"Germany","Mannheim","DB Fernverkehr (Codesharing)","Realtime routing"
"Germany","Mannheim","DB Fernverkehr AG","Realtime routing"
"Germany","Mannheim","DB Regio AG Mitte","Realtime routing"
"Germany","Mannheim","DB Regio AG Mitte Region Hessen","Realtime routing"
"Germany","Mannheim","DB Regio AG Mitte Region Südwest","Realtime routing"
"Germany","Mannheim","Ecolines Estonia OU","Estimated routing"
"Germany","Mannheim","Eurolines SA","Estimated routing"
"Germany","Mannheim","FlixBus","Timetable routing"
"Germany","Mannheim","FlixTrain","Timetable routing"
"Germany","Mannheim","NMBS/SNCB","Realtime routing"
"Germany","Mannheim","NS Int","Realtime routing"
"Germany","Mannheim","Nahreisezug","Realtime routing"
"Germany","Mannheim","RNV Rhein-Neckar-Verkehr GmbH","Timetable routing"
"Germany","Mannheim","SNCF VOYAGEURS","Realtime routing"
"Germany","Mannheim","SWEG Bahn Stuttgart","Realtime routing"
"Germany","Mannheim","Schweizerische Bundesbahnen SBB","Realtime routing"
"Germany","Mannheim","Soc. Marino Srl","Timetable routing"
"Germany","Mannheim","SÜWEX","Realtime routing"
"Germany","Mannheim","TRENITALIA","Timetable routing"
"Germany","Mannheim","Verkehrsverbund Rhein-Neckar","Realtime routing"
"Germany","Mannheim","ÖBB","Realtime routing"
"Germany","Moers","BVR Busverkehr Rheinland GmbH","Realtime routing"
"Germany","Moers","Duisburger Verkehrsgesellschaft AG","Realtime routing"
"Germany","Moers","Niederrheinische Verkehrsbetriebe AG","Realtime routing"
"Germany","Moers","RheinRuhrBahn","Realtime routing"
"Germany","Moers","SWK Mobil GmbH","Realtime routing"
"Germany","Munich","Bayerische Oberlandbahn","Realtime routing"
"Germany","Munich","Bayerische Regiobahn","Realtime routing"
"Germany","Munich","BlaBlaCar Bus","Timetable routing"
"Germany","Munich","DB Fernverkehr AG","Realtime routing"
"Germany","Munich","DB Regio AG Bayern","Realtime routing"
"Germany","Munich","DB RegioNetz Verkehrs GmbH Südostbayernbahn","Realtime routing"
"Germany","Munich","Deutsche Bahn AG","Timetable routing"
"Germany","Munich","Ecolines Estonia OU","Estimated routing"
"Germany","Munich","Eurolines SA","Estimated routing"
"Germany","Munich","FlixBus","Timetable routing"
"Germany","Munich","GYRB Go-Ahead Bayern GmbH","Realtime routing"
"Germany","Munich","GYRE Go-Ahead Bayern GmbH","Realtime routing"
"Germany","Munich","HZZP","Realtime routing"
"Germany","Munich","MAV","Realtime routing"
"Germany","Munich","Meridian","Realtime routing"
"Germany","Munich","Münchner Verkehrs- und Tarifverbund","Realtime routing"
"Germany","Munich","NMBS/SNCB","Realtime routing"
"Germany","Munich","NS Int","Realtime routing"
"Germany","Munich","Nachtzug","Realtime routing"
"Germany","Munich","Nahreisezug","Realtime routing"
"Germany","Munich","OEBB Personenverkehr AG Kundenservice","Timetable routing"
"Germany","Munich","PKP Intercity","Realtime routing"
"Germany","Munich","Regionalbus Ostbayern","Realtime routing"
"Germany","Munich","SNCF VOYAGEURS","Realtime routing"
"Germany","Munich","Snälltåget","Realtime routing"
"Germany","Munich","Stadtwerke München","Realtime routing"
"Germany","Munich","TRENITALIA","Timetable routing"
"Germany","Munich","WESTbahn","Realtime routing"
"Germany","Munich","WESTbahn Management GmbH","Timetable routing"
"Germany","Munich","Westbahn","Timetable routing"
"Germany","Munich","alex - Die Länderbahn GmbH DLB","Realtime routing"
"Germany","Munich","ÖBB","Realtime routing"
"Germany","Mönchengladbach","BVR Busverkehr Rheinland GmbH","Realtime routing"
"Germany","Mönchengladbach","DB DB - Regio AG, Region NRW","Realtime routing"
"Germany","Mönchengladbach","DB Fernverkehr AG","Realtime routing"
"Germany","Mönchengladbach","DB Regio AG NRW","Realtime routing"
"Germany","Mönchengladbach","Eurobahn","Realtime routing"
"Germany","Mönchengladbach","FlixBus","Timetable routing"
"Germany","Mönchengladbach","NEW Viersen","Realtime routing"
"Germany","Mönchengladbach","NEW mobil und aktiv Mönchengladbach GmbH","Realtime routing"
"Germany","Mönchengladbach","NS Int","Realtime routing"
"Germany","Mönchengladbach","NX National Express Rail GmbH","Realtime routing"
"Germany","Mönchengladbach","Nachtzug","Realtime routing"
"Germany","Mönchengladbach","National Express","Realtime routing"
"Germany","Mönchengladbach","SEV Schienenersatzverkehr Deutsche Bahn AG","Realtime routing"
"Germany","Mönchengladbach","TCS Ersatzverkehr","Realtime routing"
"Germany","Mönchengladbach","VIAS Rail GmbH","Realtime routing"
"Germany","Mönchengladbach","WestVerkehr","Realtime routing"
"Germany","Mönchengladbach","eurobahn","Realtime routing"
"Germany","Mülheim an der Ruhr","DB Regio AG NRW","Realtime routing"
"Germany","Mülheim an der Ruhr","Duisburger Verkehrsgesellschaft AG","Realtime routing"
"Germany","Mülheim an der Ruhr","Essener Verkehrs AG","Realtime routing"
"Germany","Mülheim an der Ruhr","Mülheimer VerkehrsGesellschaft mbH","Realtime routing"
"Germany","Mülheim an der Ruhr","NX National Express Rail GmbH","Realtime routing"
"Germany","Mülheim an der Ruhr","Nahreisezug","Realtime routing"
"Germany","Mülheim an der Ruhr","National Express","Realtime routing"
"Germany","Mülheim an der Ruhr","Rheinbahn AG","Realtime routing"
"Germany","Mülheim an der Ruhr","Stadtwerke Oberhausen AG","Realtime routing"
"Germany","Mülheim an der Ruhr","TRI Train Rental GmbH","Realtime routing"
"Germany","Münster","DB Fernverkehr AG","Realtime routing"
"Germany","Münster","DB Regio AG NRW","Realtime routing"
"Germany","Münster","Deutsche Bahn AG","Timetable routing"
"Germany","Münster","Ecolines Estonia OU","Estimated routing"
"Germany","Münster","Eurolines SA","Estimated routing"
"Germany","Münster","FlixBus","Timetable routing"
"Germany","Münster","MSM Partyzug","Realtime routing"
"Germany","Münster","NX National Express Rail GmbH","Realtime routing"
"Germany","Münster","Nachtzug","Realtime routing"
"Germany","Münster","National Express","Realtime routing"
"Germany","Münster","OEBB Personenverkehr AG Kundenservice","Timetable routing"
"Germany","Münster","VGM/VRL","Realtime routing"
"Germany","Münster","WestfalenBahn","Realtime routing"
"Germany","Münster","eurobahn","Realtime routing"
"Germany","Münster","ÖBB","Realtime routing"
"Germany","Neuss","BVR Busverkehr Rheinland GmbH","Realtime routing"
"Germany","Neuss","DB DB - Regio AG, Region NRW","Realtime routing"
"Germany","Neuss","DB Fernverkehr AG","Realtime routing"
"Germany","Neuss","DB Regio AG NRW","Realtime routing"
"Germany","Neuss","Eurobahn","Realtime routing"
"Germany","Neuss","NEW mobil und aktiv Mönchengladbach GmbH","Realtime routing"
"Germany","Neuss","NX National Express Rail GmbH","Realtime routing"
"Germany","Neuss","Nahreisezug","Realtime routing"
"Germany","Neuss","National Express","Realtime routing"
"Germany","Neuss","REGIOBAHN","Realtime routing"
"Germany","Neuss","Rheinbahn AG","Realtime routing"
"Germany","Neuss","SEV NX SEV National Express Rail GmbH","Realtime routing"
"Germany","Neuss","SEV Schienenersatzverkehr Deutsche Bahn AG","Realtime routing"
"Germany","Neuss","Stadtwerke Neuss GmbH","Realtime routing"
"Germany","Neuss","TCS Ersatzverkehr","Realtime routing"
"Germany","Neuss","TRI Train Rental GmbH","Realtime routing"
"Germany","Neuss","VIAS Rail GmbH","Realtime routing"
"Germany","Neuss","eurobahn","Realtime routing"
"Germany","Nuremberg","BlaBlaCar Bus","Timetable routing"
"Germany","Nuremberg","DB Fernverkehr AG","Realtime routing"
"Germany","Nuremberg","DB Regio AG Bayern","Realtime routing"
"Germany","Nuremberg","Deutsche Bahn AG","Timetable routing"
"Germany","Nuremberg","Ecolines Estonia OU","Estimated routing"
"Germany","Nuremberg","Erlanger Stadtverkehr","Realtime routing"
"Germany","Nuremberg","Eurolines SA","Estimated routing"
"Germany","Nuremberg","FlixBus","Timetable routing"
"Germany","Nuremberg","Go-Ahead","Realtime routing"
"Germany","Nuremberg","Nahreisezug","Realtime routing"
"Germany","Nuremberg","OEBB Personenverkehr AG Kundenservice","Timetable routing"
"Germany","Nuremberg","Omnibusverkehr Franken","Realtime routing"
"Germany","Nuremberg","Schmetterling Reisen","Realtime routing"
"Germany","Nuremberg","Schwabach","Realtime routing"
"Germany","Nuremberg","Stadtverkehr Fürth","Realtime routing"
"Germany","Nuremberg","VerkehrsAG Nürnberg","Realtime routing"
"Germany","Nuremberg","agilis-Schnellzug","Realtime routing"
"Germany","Nuremberg","deu.mobil GmbH","Realtime routing"
"Germany","Nuremberg","go.on.","Realtime routing"
"Germany","Nuremberg","ÖBB","Realtime routing"
"Germany","Oberhausen","BVR Busverkehr Rheinland GmbH","Realtime routing"
"Germany","Oberhausen","DB Fernverkehr (Codesharing)","Realtime routing"
"Germany","Oberhausen","DB Fernverkehr AG","Realtime routing"
"Germany","Oberhausen","DB Regio AG NRW","Realtime routing"
"Germany","Oberhausen","Duisburger Verkehrsgesellschaft AG","Realtime routing"
"Germany","Oberhausen","Essener Verkehrs AG","Realtime routing"
"Germany","Oberhausen","FlixBus","Timetable routing"
"Germany","Oberhausen","Mülheimer VerkehrsGesellschaft mbH","Realtime routing"
"Germany","Oberhausen","NS Int","Realtime routing"
"Germany","Oberhausen","NX National Express Rail GmbH","Realtime routing"
"Germany","Oberhausen","Nahreisezug","Realtime routing"
"Germany","Oberhausen","National Express","Realtime routing"
"Germany","Oberhausen","Niederrheinische Verkehrsbetriebe AG","Realtime routing"
"Germany","Oberhausen","RheinRuhrBahn","Realtime routing"
"Germany","Oberhausen","Stadtwerke Oberhausen AG","Realtime routing"
"Germany","Oberhausen","TRI Train Rental GmbH","Realtime routing"
"Germany","Oberhausen","VIAS","Realtime routing"
"Germany","Oberhausen","VIAS Rail GmbH","Realtime routing"
"Germany","Oberhausen","Vestische Straßenbahnen GmbH","Realtime routing"
"Germany","Oberhausen","eurobahn","Realtime routing"
"Germany","Offenbach am Main","DB Regio AG Bayern","Realtime routing"
"Germany","Offenbach am Main","DB Regio AG Mitte Region Hessen","Realtime routing"
"Germany","Offenbach am Main","KVG OF - Faisy BAIM","Realtime routing"
"Germany","Offenbach am Main","Nahreisezug","Realtime routing"
"Germany","Offenbach am Main","OVB - Microbus","Realtime routing"
"Germany","Offenbach am Main","RMV","Realtime routing"
"Germany","Offenbach am Main","traffiQ","Realtime routing"
"Germany","Oldenburg (Oldb.)","AM Bus","Realtime routing"
"Germany","Oldenburg (Oldb.)","Bruns Reisen GmbH Bad Zwischenahn","Realtime routing"
"Germany","Oldenburg (Oldb.)","DB Fernverkehr (Codesharing)","Realtime routing"
"Germany","Oldenburg (Oldb.)","DB Fernverkehr AG","Realtime routing"
"Germany","Oldenburg (Oldb.)","DB Regio AG Nord","Realtime routing"
"Germany","Oldenburg (Oldb.)","Ecolines Estonia OU","Estimated routing"
"Germany","Oldenburg (Oldb.)","FlixBus","Timetable routing"
"Germany","Oldenburg (Oldb.)","Gebken Reisen GmbH","Realtime routing"
"Germany","Oldenburg (Oldb.)","Gerdes Reisen","Realtime routing"
"Germany","Oldenburg (Oldb.)","Hutfilters Reisedienst GmbH & Co.","Realtime routing"
"Germany","Oldenburg (Oldb.)","NordWestBahn","Realtime routing"
"Germany","Oldenburg (Oldb.)","SBV Janßen GmbH & Co. KG","Realtime routing"
"Germany","Oldenburg (Oldb.)","Verkehr und Wasser GmbH (VWG)","Realtime routing"
"Germany","Oldenburg (Oldb.)","Verkehr und Wasser Oldenburg","Realtime routing"
"Germany","Oldenburg (Oldb.)","Verkehrsbetriebe Oldenburger Land","Realtime routing"
"Germany","Oldenburg (Oldb.)","Weser-Ems-Bus","Realtime routing"
"Germany","Oldenburg (Oldb.)","Wilmering","Realtime routing"
"Germany","Osnabrück","DB Fernverkehr AG","Realtime routing"
"Germany","Osnabrück","DB Regio AG NRW","Realtime routing"
"Germany","Osnabrück","DB Regio AG Nord","Realtime routing"
"Germany","Osnabrück","DB RegioNetz Verkehrs GmbH Kurhessenbahn","Realtime routing"
"Germany","Osnabrück","Ecolines Estonia OU","Estimated routing"
"Germany","Osnabrück","Eurobahn","Realtime routing"
"Germany","Osnabrück","FlixBus","Timetable routing"
"Germany","Osnabrück","MSM Partyzug","Realtime routing"
"Germany","Osnabrück","NS Int","Realtime routing"
"Germany","Osnabrück","Nachtzug","Realtime routing"
"Germany","Osnabrück","NordWestBahn","Realtime routing"
"Germany","Osnabrück","P. Hummert Omnibus GmbH","Realtime routing"
"Germany","Osnabrück","Reisebüro Beckermann","Realtime routing"
"Germany","Osnabrück","Reisebüro Winkelmann GmbH","Realtime routing"
"Germany","Osnabrück","SWO Mobil GmbH","Realtime routing"
"Germany","Osnabrück","Schrage Reisen","Realtime routing"
"Germany","Osnabrück","VGM/VRL","Realtime routing"
"Germany","Osnabrück","Verkehrsgemeinschaft Osnabrück","Realtime routing"
"Germany","Osnabrück","Verkehrsgesellschaft Landkreis Osnabrück","Realtime routing"
"Germany","Osnabrück","Weser-Ems-Bus","Realtime routing"
"Germany","Osnabrück","Weser-Ems-Bus Betrieb Osnabrück","Realtime routing"
"Germany","Osnabrück","WestfalenBahn","Realtime routing"
"Germany","Osnabrück","Willy Hummert Omnibusverkehr GmbH","Realtime routing"
"Germany","Osnabrück","eurobahn","Realtime routing"
"Germany","Paderborn","DB Fernverkehr AG","Realtime routing"
"Germany","Paderborn","DB RegioNetz Verkehrs GmbH Kurhessenbahn","Realtime routing"
"Germany","Paderborn","FlixBus","Timetable routing"
"Germany","Paderborn","National Express","Realtime routing"
"Germany","Paderborn","NordWestBahn","Realtime routing"
"Germany","Paderborn","S-Bahn Hannover","Realtime routing"
"Germany","Paderborn","S-Bahn Hannover (Transdev)","Realtime routing"
"Germany","Paderborn","Verkehrsgesellschaft Paderborn/Höxter","Realtime routing"
"Germany","Paderborn","eurobahn","Realtime routing"
"Germany","Pforzheim","Albtal-Verkehrs-Gesellschaft","Realtime routing"
"Germany","Pforzheim","Albtal-Verkehrs-Gesellschaft mbH","Timetable routing"
"Germany","Pforzheim","DB Fernverkehr AG","Realtime routing"
"Germany","Pforzheim","DB ZugBus Regionalverkehr Alb-Bodensee","Realtime routing"
"Germany","Pforzheim","FlixBus","Timetable routing"
"Germany","Pforzheim","Go-Ahead","Realtime routing"
"Germany","Pforzheim","Landkreis Calw","Realtime routing"
"Germany","Pforzheim","Regionalbusverkehr Südwest","Realtime routing"
"Germany","Pforzheim","SWEG Bahn Stuttgart","Realtime routing"
"Germany","Pforzheim","Stadtbahn Karlsruhe SEV","Realtime routing"
"Germany","Pforzheim","VVS","Timetable routing"
"Germany","Pforzheim","Verkehrsverbund Pforzheim-Enzkreis","Realtime routing"
"Germany","Potsdam","Berliner Verkehrsbetriebe","Realtime routing"
"Germany","Potsdam","DB Fernverkehr AG","Realtime routing"
"Germany","Potsdam","DB Regio AG","Realtime routing"
"Germany","Potsdam","DB Regiobus OST","Realtime routing"
"Germany","Potsdam","Fahrplaneditor","Realtime routing"
"Germany","Potsdam","FlixBus","Timetable routing"
"Germany","Potsdam","Günter Anger Güterverkehrs GmbH & Co. Omnibusvermietung KG","Realtime routing"
"Germany","Potsdam","Havelbus Verkehrsgesellschaft mbH","Realtime routing"
"Germany","Potsdam","ODEG Ostdeutsche Eisenbahn GmbH","Realtime routing"
"Germany","Potsdam","RV Start Deutschland GmbH Mitteldeutschland","Realtime routing"
"Germany","Potsdam","Regiobus Potsdam Mittelmark GmbH","Realtime routing"
"Germany","Potsdam","S-Bahn Berlin GmbH","Realtime routing"
"Germany","Potsdam","Start Mitteldeutschland","Realtime routing"
"Germany","Potsdam","Verkehrsbetrieb Potsdam GmbH","Realtime routing"
"Germany","Potsdam","Verkehrsgesell. Teltow-Fläming","Realtime routing"
"Germany","Potsdam","Verkehrsgesellschaft Teltow-Fläming mbH","Realtime routing"
"Germany","Potsdam","regiobus Potsdam Mittelmark GmbH","Realtime routing"
"Germany","Recklinghausen","DB Fernverkehr AG","Realtime routing"
"Germany","Recklinghausen","DB Regio AG NRW","Realtime routing"
"Germany","Recklinghausen","Nahreisezug","Realtime routing"
"Germany","Recklinghausen","Vestische Straßenbahnen GmbH","Realtime routing"
"Germany","Regensburg","BlaBlaCar Bus","Timetable routing"
"Germany","Regensburg","DB Fernverkehr AG","Realtime routing"
"Germany","Regensburg","DB Regio AG Bayern","Realtime routing"
"Germany","Regensburg","Eurolines SA","Estimated routing"
"Germany","Regensburg","FlixBus","Timetable routing"
"Germany","Regensburg","Gesellschaft zur Förderung des ÖPNV Regensburg","Realtime routing"
"Germany","Regensburg","Nahreisezug","Realtime routing"
"Germany","Regensburg","Regensburger Verkehrsverbund","Realtime routing"
"Germany","Regensburg","agilis","Realtime routing"
"Germany","Regensburg","agilis-Schnellzug","Realtime routing"
"Germany","Regensburg","alex - Die Länderbahn GmbH DLB","Realtime routing"
"Germany","Regensburg","deu.mobil GmbH","Realtime routing"
"Germany","Regensburg","go.on.","Realtime routing"
"Germany","Regensburg","oberpfalzbahn - Die Länderbahn GmbH DLB","Realtime routing"
"Germany","Regensburg","ÖBB","Realtime routing"
"Germany","Remscheid","BVR Busverkehr Rheinland GmbH","Realtime routing"
"Germany","Remscheid","OVAG Oberbergische Verkehrsgesellschaft mbH","Realtime routing"
"Germany","Remscheid","REGIOBAHN","Realtime routing"
"Germany","Remscheid","RVK Regionalverkehr Köln GmbH NL Wermelsk.","Realtime routing"
"Germany","Remscheid","RheinRuhrBahn","Realtime routing"
"Germany","Remscheid","SR Stadtwerke Remscheid GmbH","Realtime routing"
"Germany","Remscheid","Stadwerke Remscheid GmbH","Realtime routing"
"Germany","Remscheid","Verkehrsverbund Rhein-Sieg","Realtime routing"
"Germany","Remscheid","WSW mobil GmbH","Realtime routing"
"Germany","Reutlingen","DB Regio AG Baden-Württemberg","Realtime routing"
"Germany","Reutlingen","DB ZugBus Regionalverkehr Alb-Bodensee","Realtime routing"
"Germany","Reutlingen","FlixBus","Timetable routing"
"Germany","Reutlingen","Neckar-Donau","Realtime routing"
"Germany","Reutlingen","Regionalverkehr Alb-Bodensee","Realtime routing"
"Germany","Reutlingen","SWEG - Eisenbahn","Realtime routing"
"Germany","Reutlingen","SWEG Bahn Stuttgart","Realtime routing"
"Germany","Reutlingen","VVS","Timetable routing"
"Germany","Reutlingen","Verkehrsverbund Stuttgart","Realtime routing"
"Germany","Rostock","DB Fernverkehr AG","Realtime routing"
"Germany","Rostock","DB Regio AG","Realtime routing"
"Germany","Rostock","DB Regio AG Nordost","Realtime routing"
"Germany","Rostock","Deutsche Bahn AG","Timetable routing"
"Germany","Rostock","Fahrplaneditor","Realtime routing"
"Germany","Rostock","FlixBus","Timetable routing"
"Germany","Rostock","Nahreisezug","Realtime routing"
"Germany","Rostock","ODEG Ostdeutsche Eisenbahn GmbH","Realtime routing"
"Germany","Rostock","Verkehrsgemeinschaft Müritz-Oderhaff","Realtime routing"
"Germany","Rostock","Verkehrsverbund Warnow","Realtime routing"
"Germany","Saarbrucken","BlaBlaCar Bus","Timetable routing"
"Germany","Saarbrucken","DB Fernverkehr AG","Realtime routing"
"Germany","Saarbrucken","DB Regio AG Mitte","Realtime routing"
"Germany","Saarbrucken","DB Regio AG Mitte Region Südwest","Realtime routing"
"Germany","Saarbrucken","Deutsche Bahn AG","Timetable routing"
"Germany","Saarbrucken","FlixBus","Timetable routing"
"Germany","Saarbrucken","Nahreisezug","Realtime routing"
"Germany","Saarbrucken","Neunkircher Verkehrs GmbH","Realtime routing"
"Germany","Saarbrucken","Reise Fischer GmbH","Realtime routing"
"Germany","Saarbrucken","SNCF","Realtime routing"
"Germany","Saarbrucken","SNCF VOYAGEURS","Realtime routing"
"Germany","Saarbrucken","Saar-Mobil GmbH","Realtime routing"
"Germany","Saarbrucken","Saarbahn GmbH","Realtime routing"
"Germany","Saarbrucken","Société Nationale des Chemins de Fer Luxembourgeois","Realtime routing"
"Germany","Saarbrucken","SÜWEX","Realtime routing"
"Germany","Saarbrucken","Völklinger Verkehrsbetriebe GmbH","Realtime routing"
"Germany","Saarbrucken","vlexx","Realtime routing"
"Germany","Salzgitter","DB Regio AG Nord","Realtime routing"
"Germany","Salzgitter","FlixBus","Timetable routing"
"Germany","Salzgitter","HarzBus GbR","Realtime routing"
"Germany","Salzgitter","Kraftverkehrsgesellschaft mbH Braunschweig","Realtime routing"
"Germany","Salzgitter","Tarifverb Region Braunschweig","Realtime routing"
"Germany","Salzgitter","Verkehrsbetriebe Bachstein","Realtime routing"
"Germany","Salzgitter","erixx","Realtime routing"
"Germany","Siegen","DB DB - Regio AG, Region NRW","Realtime routing"
"Germany","Siegen","DB Fernverkehr (Codesharing)","Realtime routing"
"Germany","Siegen","DB Fernverkehr AG","Realtime routing"
"Germany","Siegen","DB Regio AG NRW","Realtime routing"
"Germany","Siegen","DB RegioNetz Verkehrs GmbH Kurhessenbahn","Realtime routing"
"Germany","Siegen","FlixBus","Timetable routing"
"Germany","Siegen","HLB Hessische Landesbahn GmbH","Realtime routing"
"Germany","Siegen","Hessische Landesbahn","Realtime routing"
"Germany","Siegen","Nahreisezug","Realtime routing"
"Germany","Siegen","SEV Schienenersatzverkehr Deutsche Bahn AG","Realtime routing"
"Germany","Siegen","TRI Train Rental GmbH","Realtime routing"
"Germany","Siegen","VIAS Rail GmbH","Realtime routing"
"Germany","Siegen","Verkehrsgemeinschaft Westfalen-Süd","Realtime routing"
"Germany","Solingen","Bahnen der Stadt Monheim","Realtime routing"
"Germany","Solingen","DB Fernverkehr AG","Realtime routing"
"Germany","Solingen","DB Regio AG NRW","Realtime routing"
"Germany","Solingen","NX National Express Rail GmbH","Realtime routing"
"Germany","Solingen","National Express","Realtime routing"
"Germany","Solingen","RVK Regionalverkehr Köln GmbH NL Wermelsk.","Realtime routing"
"Germany","Solingen","RheinRuhrBahn","Realtime routing"
"Germany","Solingen","Rheinbahn AG","Realtime routing"
"Germany","Solingen","SEV NX SEV National Express Rail GmbH","Realtime routing"
"Germany","Solingen","SEV Schienenersatzverkehr Deutsche Bahn AG","Realtime routing"
"Germany","Solingen","Stadtwerke Solingen GmbH","Realtime routing"
"Germany","Solingen","Stadwerke Remscheid GmbH","Realtime routing"
"Germany","Solingen","Verkehrsverbund Rhein-Sieg","Realtime routing"
"Germany","Solingen","WSW mobil GmbH","Realtime routing"
"Germany","Solingen","go.on.","Realtime routing"
"Germany","Solingen","wupsi wupsi GmbH","Realtime routing"
"Germany","Stuttgart","DB Fernverkehr (Codesharing)","Realtime routing"
"Germany","Stuttgart","DB Fernverkehr AG","Realtime routing"
"Germany","Stuttgart","DB Regio AG Baden-Württemberg","Realtime routing"
"Germany","Stuttgart","DB ZugBus Regionalverkehr Alb-Bodensee","Realtime routing"
"Germany","Stuttgart","Deutsche Bahn AG","Timetable routing"
"Germany","Stuttgart","FPLAN VHB SBP","Realtime routing"
"Germany","Stuttgart","FlixBus","Timetable routing"
"Germany","Stuttgart","FlixTrain","Timetable routing"
"Germany","Stuttgart","Go-Ahead","Realtime routing"
"Germany","Stuttgart","Go-Ahead Baden-Württemberg GmbH","Realtime routing"
"Germany","Stuttgart","HZZP","Realtime routing"
"Germany","Stuttgart","MAV","Realtime routing"
"Germany","Stuttgart","NS Int","Realtime routing"
"Germany","Stuttgart","OEBB Personenverkehr AG Kundenservice","Timetable routing"
"Germany","Stuttgart","SNCF VOYAGEURS","Realtime routing"
"Germany","Stuttgart","SWEG Bahn Stuttgart","Realtime routing"
"Germany","Stuttgart","Schweizerische Bundesbahnen SBB","Realtime routing"
"Germany","Stuttgart","VVS","Timetable routing"
"Germany","Stuttgart","Verkehrsverbund Stuttgart","Realtime routing"
"Germany","Stuttgart","WESTbahn","Realtime routing"
"Germany","Stuttgart","WESTbahn Management GmbH","Timetable routing"
"Germany","Stuttgart","Westbahn","Timetable routing"
"Germany","Stuttgart","ÖBB","Realtime routing"
"Germany","Treves","CFL","Realtime routing"
"Germany","Treves","Chemins de Fer Luxembourgeois","Realtime routing"
"Germany","Treves","DB DB - Regio AG, Region NRW","Realtime routing"
"Germany","Treves","DB Regio AG Mitte","Realtime routing"
"Germany","Treves","DB Regio AG Mitte Region Südwest","Realtime routing"
"Germany","Treves","FlixBus","Timetable routing"
"Germany","Treves","Nahreisezug","Realtime routing"
"Germany","Treves","Régime Général des Transports Routiers","Realtime routing"
"Germany","Treves","SNCF VOYAGEURS","Realtime routing"
"Germany","Treves","Société Nationale des Chemins de Fer Luxembourgeois","Realtime routing"
"Germany","Treves","Stadtwerke Trier","Realtime routing"
"Germany","Treves","SÜWEX","Realtime routing"
"Germany","Treves","Verkehrsverbund Rhein-Neckar","Realtime routing"
"Germany","Treves","vlexx","Realtime routing"
"Germany","Ulm","BlaBlaCar Bus","Timetable routing"
"Germany","Ulm","DB Fernverkehr AG","Realtime routing"
"Germany","Ulm","DB Regio AG Baden-Württemberg","Realtime routing"
"Germany","Ulm","DB Regio AG Bayern","Realtime routing"
"Germany","Ulm","DB ZugBus Regionalverkehr Alb-Bodensee","Realtime routing"
"Germany","Ulm","Deutsche Bahn AG","Timetable routing"
"Germany","Ulm","Donau-Iller-Nahverkehrs-GmbH (UL+BC)","Realtime routing"
"Germany","Ulm","Ecolines Estonia OU","Estimated routing"
"Germany","Ulm","Eurolines SA","Estimated routing"
"Germany","Ulm","FlixBus","Timetable routing"
"Germany","Ulm","GYRE Go-Ahead Bayern GmbH","Realtime routing"
"Germany","Ulm","Go-Ahead Baden-Württemberg GmbH","Realtime routing"
"Germany","Ulm","HZZP","Realtime routing"
"Germany","Ulm","MAV","Realtime routing"
"Germany","Ulm","NS Int","Realtime routing"
"Germany","Ulm","Nahreisezug","Realtime routing"
"Germany","Ulm","OEBB Personenverkehr AG Kundenservice","Timetable routing"
"Germany","Ulm","Omnipart","Realtime routing"
"Germany","Ulm","SNCF VOYAGEURS","Realtime routing"
"Germany","Ulm","Schwäbische Alb-Bahn","Realtime routing"
"Germany","Ulm","Südwestdeutsche Verkehrs-AG","Realtime routing"
"Germany","Ulm","VVS","Timetable routing"
"Germany","Ulm","WESTbahn","Realtime routing"
"Germany","Ulm","WESTbahn Management GmbH","Timetable routing"
"Germany","Ulm","Westbahn","Timetable routing"
"Germany","Ulm","agilis","Realtime routing"
"Germany","Ulm","ÖBB","Realtime routing"
"Germany","Wiesbaden","DB Fernverkehr AG","Realtime routing"
"Germany","Wiesbaden","DB Regio AG Mitte Region Hessen","Realtime routing"
"Germany","Wiesbaden","DB Regio AG Mitte Region Südwest","Realtime routing"
"Germany","Wiesbaden","ESWE direkt","Realtime routing"
"Germany","Wiesbaden","FlixBus","Timetable routing"
"Germany","Wiesbaden","Hessische Landesbahn","Realtime routing"
"Germany","Wiesbaden","Mainzer Mobilität","Timetable routing"
"Germany","Wiesbaden","Nahreisezug","Realtime routing"
"Germany","Wiesbaden","RMV","Realtime routing"
"Germany","Wiesbaden","RTV Direkt","Realtime routing"
"Germany","Wiesbaden","VIAS GmbH","Realtime routing"
"Germany","Wiesbaden","VIAS Rail GmbH","Realtime routing"
"Germany","Wiesbaden","Verkehrsverbund Rhein-Neckar","Realtime routing"
"Germany","Wiesbaden","vlexx","Realtime routing"
"Germany","Wolfsburg","DB Fernverkehr AG","Realtime routing"
"Germany","Wolfsburg","Haller Busbetrieb GmbH","Realtime routing"
"Germany","Wolfsburg","Kraftverkehrsgesellschaft mbH Braunschweig","Realtime routing"
"Germany","Wolfsburg","Personenverkehrsgesellschaft Altmarkkreis Salzwedel mbH","Realtime routing"
"Germany","Wolfsburg","RV Start Deutschland GmbH Mitteldeutschland","Realtime routing"
"Germany","Wolfsburg","Tarifverb Region Braunschweig","Realtime routing"
"Germany","Wolfsburg","Verkehrsbetriebe Bachstein","Realtime routing"
"Germany","Wolfsburg","Verkehrsgesellschaft Landkreis Gifhorn mbH","Realtime routing"
"Germany","Wolfsburg","Wolfsburger Verkehrs-GmbH","Realtime routing"
"Germany","Wolfsburg","enno","Realtime routing"
"Germany","Wuppertal","BVR Busverkehr Rheinland GmbH","Realtime routing"
"Germany","Wuppertal","DB Fernverkehr AG","Realtime routing"
"Germany","Wuppertal","DB Regio AG NRW","Realtime routing"
"Germany","Wuppertal","Eurobahn","Realtime routing"
"Germany","Wuppertal","FlixBus","Timetable routing"
"Germany","Wuppertal","NX National Express Rail GmbH","Realtime routing"
"Germany","Wuppertal","Nahreisezug","Realtime routing"
"Germany","Wuppertal","National Express","Realtime routing"
"Germany","Wuppertal","OVAG Oberbergische Verkehrsgesellschaft mbH","Realtime routing"
"Germany","Wuppertal","REGIOBAHN","Realtime routing"
"Germany","Wuppertal","RheinRuhrBahn","Realtime routing"
"Germany","Wuppertal","Rheinbahn AG","Realtime routing"
"Germany","Wuppertal","SEV NX SEV National Express Rail GmbH","Realtime routing"
"Germany","Wuppertal","SEV Schienenersatzverkehr Deutsche Bahn AG","Realtime routing"
"Germany","Wuppertal","SR Stadtwerke Remscheid GmbH","Realtime routing"
"Germany","Wuppertal","Stadtwerke Solingen GmbH","Realtime routing"
"Germany","Wuppertal","Stadwerke Remscheid GmbH","Realtime routing"
"Germany","Wuppertal","TCS Ersatzverkehr","Realtime routing"
"Germany","Wuppertal","Verkehrsgesellschaft Ennepe-Ruhr mbH","Realtime routing"
"Germany","Wuppertal","WSW mobil GmbH","Realtime routing"
"Germany","Wuppertal","eurobahn","Realtime routing"
"Germany","Wuppertal","go.on.","Realtime routing"
"Germany","Würzburg","DB Fernverkehr AG","Realtime routing"
"Germany","Würzburg","DB Regio AG Bayern","Realtime routing"
"Germany","Würzburg","DB Regio AG Südost","Realtime routing"
"Germany","Würzburg","FlixBus","Timetable routing"
"Germany","Würzburg","GYRB Go-Ahead Bayern GmbH","Realtime routing"
"Germany","Würzburg","GYRE Go-Ahead Bayern GmbH","Realtime routing"
"Germany","Würzburg","Go-Ahead","Realtime routing"
"Germany","Würzburg","Grasmann-Reisen GmbH","Realtime routing"
"Germany","Würzburg","Nahreisezug","Realtime routing"
"Germany","Würzburg","Omnibusverkehr Franken","Realtime routing"
"Germany","Würzburg","Verkehrsverbund Rhein-Neckar","Realtime routing"
"Germany","Würzburg","Würzburger Verkehrsverbund","Realtime routing"
"Germany","Würzburg","ÖBB","Realtime routing"
"Greece","Athens","Athens Urban Transport Organization","Estimated routing"
"Greece","Athens","HELLENIC TRAIN SA","Realtime routing"
"Greece","Athens","Urban Rail Transport S.A.","Estimated routing"
"Greece","Chania","HERE","Estimated routing"
"Greece","Kallithea","Athens Urban Transport Organization","Estimated routing"
"Greece","Kallithea","Urban Rail Transport S.A.","Estimated routing"
"Greece","Peristeri","Athens Urban Transport Organization","Estimated routing"
"Greece","Peristeri","Urban Rail Transport S.A.","Estimated routing"
"Greece","Piraeus","Athens Urban Transport Organization","Estimated routing"
"Greece","Piraeus","HELLENIC TRAIN SA","Realtime routing"
"Greece","Piraeus","Urban Rail Transport S.A.","Estimated routing"
"Greece","Thessaloniki","FlixBus","Timetable routing"
"Greece","Thessaloniki","HELLENIC TRAIN SA","Realtime routing"
"Greece","Thessaloniki","HERE","Estimated routing"
"Greece","Volos","HELLENIC TRAIN SA","Realtime routing"
"Greece","Volos","HERE Technologies","Estimated routing"
"Guadeloupe","Les Abymes","STAC KARULIS","Timetable routing"
"Hungary","Budapest","BKK","Timetable routing"
"Hungary","Budapest","BlaBlaCar Bus","Timetable routing"
"Hungary","Budapest","Budapesti Közlekedési Zártkörűen Működő Részvénytársaság","Estimated routing"
"Hungary","Budapest","Ceske Drahy","Realtime routing"
"Hungary","Budapest","Eurolines SA","Estimated routing"
"Hungary","Budapest","FlixBus","Timetable routing"
"Hungary","Budapest","GYSEV","Timetable routing"
"Hungary","Budapest","Gyermekvasút","Timetable routing"
"Hungary","Budapest","MAV","Realtime routing"
"Hungary","Budapest","Magyar Allamvasutak","Timetable routing"
"Hungary","Budapest","MÁV","Timetable routing"
"Hungary","Budapest","MÁV Személyszállítási Zrt. - Helyközi busz","Timetable routing"
"Hungary","Budapest","MÁV Személyszállítási Zrt. - HÉV","Timetable routing"
"Hungary","Budapest","OEBB Personenverkehr AG Kundenservice","Timetable routing"
"Hungary","Budapest","Weekendbus","Estimated routing"
"Hungary","Budapest","ZSSK","Realtime routing"
"Hungary","Budapest","Železničná spoločnosť Slovensko, a.s.","Timetable routing"
"Hungary","Gyor","Eurolines SA","Estimated routing"
"Hungary","Gyor","FlixBus","Timetable routing"
"Hungary","Gyor","GYSEV","Timetable routing"
"Hungary","Gyor","MAV","Realtime routing"
"Hungary","Gyor","Magyar Allamvasutak","Timetable routing"
"Hungary","Gyor","MÁV","Timetable routing"
"Hungary","Gyor","MÁV Személyszállítási Zrt. - Győr","Timetable routing"
"Hungary","Gyor","MÁV Személyszállítási Zrt. - Helyközi busz","Timetable routing"
"Hungary","Gyor","OEBB Personenverkehr AG Kundenservice","Timetable routing"
"Hungary","Kecskemet","FlixBus","Timetable routing"
"Hungary","Kecskemet","MÁV","Timetable routing"
"Hungary","Kecskemet","MÁV Személyszállítási Zrt. - Helyközi busz","Timetable routing"
"Hungary","Miskolc","FlixBus","Timetable routing"
"Hungary","Miskolc","MVK Zrt. (Miskolc)","Timetable routing"
"Hungary","Miskolc","MÁV","Timetable routing"
"Hungary","Miskolc","MÁV Személyszállítási Zrt. - Helyközi busz","Timetable routing"
"Hungary","Miskolc","Železničná spoločnosť Slovensko, a.s.","Timetable routing"
"Hungary","Nyiregyhaza","Magyar Allamvasutak","Timetable routing"
"Hungary","Nyiregyhaza","MÁV","Timetable routing"
"Hungary","Nyiregyhaza","MÁV Személyszállítási Zrt. - Helyközi busz","Timetable routing"
"Hungary","Nyiregyhaza","MÁV Személyszállítási Zrt. - Nyíregyháza","Timetable routing"
"Hungary","Nyiregyhaza","OEBB Personenverkehr AG Kundenservice","Timetable routing"
"Hungary","Pecs","MÁV","Timetable routing"
"Hungary","Pecs","MÁV Személyszállítási Zrt. - Helyközi busz","Timetable routing"
"Hungary","Pecs","Tüke Busz Zrt.","Timetable routing"
"Hungary","Szekesfehervar","FlixBus","Timetable routing"
"Hungary","Szekesfehervar","MÁV","Timetable routing"
"Hungary","Szekesfehervar","MÁV Személyszállítási Zrt. - Helyközi busz","Timetable routing"
"Hungary","Szekesfehervar","MÁV Személyszállítási Zrt. - Székesfehérvár","Timetable routing"
"India","Ahmedabad","Ahmedabad Janmarg Limited","Estimated routing"
"India","Ahmedabad","Ahmedabad Municipal Transport Services","Estimated routing"
"India","Ahmedabad","Gujarat Metro Rail Corporation","Estimated routing"
"India","Ahmedabad","Indian Railways","Estimated routing"
"India","Ambarnath","Mumbai Suburban Railway","Estimated routing"
"India","Ambarnath","Navi Mumbai Municipal Transport","Estimated routing"
"India","Barasat","Indian Railways","Estimated routing"
"India","Bhubaneswar","Dreamteam Shahara","Estimated routing"
"India","Bhubaneswar","Indian Railways","Estimated routing"
"India","Chandigarh","Chandigarh Transport Undertaking","Estimated routing"
"India","Chandigarh","Indian Railways","Estimated routing"
"India","Chennai","Chennai Metro Rail Ltd","Estimated routing"
"India","Chennai","Chennai Metro Transport Corporation","Estimated routing"
"India","Chennai","Indian Railways","Estimated routing"
"India","Chinchwad","Indian Railways","Estimated routing"
"India","Chinchwad","PMPML","Estimated routing"
"India","Chinchwad","Pune Metro Rail","Estimated routing"
"India","Delhi","Delhi Bus Transit DTC","Estimated routing"
"India","Delhi","Delhi Bus Transit HOHO","Estimated routing"
"India","Delhi","Delhi Integrated Multi-Modal Transit System","Estimated routing"
"India","Delhi","Delhi Integrated Multi-Modal Transit System Ltd.","Realtime routing"
"India","Delhi","Delhi Metro Rail Corporation","Timetable routing"
"India","Delhi","Delhi Transport Corporation","Realtime routing"
"India","Delhi","Indian Railways","Estimated routing"
"India","Gurgaon","Delhi Bus Transit DTC","Estimated routing"
"India","Gurgaon","Delhi Metro Rail Corporation","Timetable routing"
"India","Gurgaon","Delhi Transport Corporation","Realtime routing"
"India","Gurgaon","Gurugram Metropolitan City Bus Limited","Estimated routing"
"India","Gurgaon","Indian Railways","Estimated routing"
"India","Gurgaon","Rapid Metro Gurgaon","Estimated routing"
"India","Hyderabad","APSRTC","Estimated routing"
"India","Hyderabad","Hyderabad Metro Rail","Estimated routing"
"India","Hyderabad","Indian Railways","Estimated routing"
"India","Kolkata","Indian Railways","Estimated routing"
"India","Kolkata","Kolkata Metro Rail","Estimated routing"
"India","Kolkata","West Bengal Transport Corporation","Estimated routing"
"India","Kulti","Indian Railways","Estimated routing"
"India","Mangalore","Indian Railways","Estimated routing"
"India","Mangalore","Mangalore City Transport","Estimated routing"
"India","Mumbai","BEST (Brihanmumbai Electric Supply & Transport)","Estimated routing"
"India","Mumbai","Indian Railways","Estimated routing"
"India","Mumbai","MUMBAI METRO RAIL CORPORATION LTD.","Timetable routing"
"India","Mumbai","Mumbai Ferry","Estimated routing"
"India","Mumbai","Mumbai Metropolitan Region Development Authority (MMRDA)","Estimated routing"
"India","Mumbai","Mumbai Suburban Railway","Estimated routing"
"India","Mumbai","Navi Mumbai Municipal Transport","Estimated routing"
"India","Nagpur","Indian Railways","Estimated routing"
"India","Nagpur","Nagpur Bus","Estimated routing"
"India","Nagpur","Nagpur Metro Rail Corporation Limited","Estimated routing"
"India","Navi Mumbai","BEST (Brihanmumbai Electric Supply & Transport)","Estimated routing"
"India","Navi Mumbai","Mumbai Suburban Railway","Estimated routing"
"India","Navi Mumbai","Navi Mumbai Metro","Estimated routing"
"India","Navi Mumbai","Navi Mumbai Municipal Transport","Estimated routing"
"India","Panvel","BEST (Brihanmumbai Electric Supply & Transport)","Estimated routing"
"India","Panvel","Indian Railways","Estimated routing"
"India","Panvel","Mumbai Suburban Railway","Estimated routing"
"India","Panvel","Navi Mumbai Municipal Transport","Estimated routing"
"India","Pune","Indian Railways","Estimated routing"
"India","Pune","PMPML","Estimated routing"
"India","Pune","Pune Metro Rail","Estimated routing"
"India","Rajkot","Indian Railways","Estimated routing"
"India","Rajkot","RAJKOT MASS TRANSPORT SERVICE","Estimated routing"
"India","Serampur Uttarpara","Indian Railways","Estimated routing"
"India","Sultanpur Lodhi","Indian Railways","Estimated routing"
"India","Tenali","Indian Railways","Estimated routing"
"India","Thanesar","Indian Railways","Estimated routing"
"India","Thanjavur","Indian Railways","Estimated routing"
"India","Thanjavur","TAMIL NADU STATE TRANSPORT CORPORATION","Estimated routing"
"India","Titagarh","Indian Railways","Estimated routing"
"India","Tumkur","Indian Railways","Estimated routing"
"India","Tumkur","Tumkur City Bus Service","Estimated routing"
"India","Ulhasnagar","Mumbai Suburban Railway","Estimated routing"
"India","Vadodara","Indian Railways","Estimated routing"
"India","Vadodara","VTCOS","Estimated routing"
"Indonesia","Babakan Ciparay","ANGKOT","Estimated routing"
"Indonesia","Babakan Ciparay","Angkot Kota Bandung","Estimated routing"
"Indonesia","Babakan Ciparay","DAMRI","Estimated routing"
"Indonesia","Babakan Ciparay","Metro Jabar Trans","Estimated routing"
"Indonesia","Babakan Ciparay","Trans Metro Bandung","Estimated routing"
"Indonesia","Bandung Kulon","ANGKOT","Estimated routing"
"Indonesia","Bandung Kulon","Angkot Kota Bandung","Estimated routing"
"Indonesia","Bandung Kulon","DAMRI","Estimated routing"
"Indonesia","Bandung Kulon","Metro Jabar Trans","Estimated routing"
"Indonesia","Bandung Kulon","Trans Metro Bandung","Estimated routing"
"Indonesia","Banjarsari","ANGKOT","Estimated routing"
"Indonesia","Banjarsari","DAMRI","Estimated routing"
"Indonesia","Banjarsari","JavaRail","Estimated routing"
"Indonesia","Banjarsari","PT KAI Commuter","Estimated routing"
"Indonesia","Banjarsari","PT. KAI","Estimated routing"
"Indonesia","Banyumanik","ANGKOT","Estimated routing"
"Indonesia","Banyumanik","TRANS SEMARANG","Estimated routing"
"Indonesia","Batununggal","ANGKOT","Estimated routing"
"Indonesia","Batununggal","Angkot Kota Bandung","Estimated routing"
"Indonesia","Batununggal","DAMRI","Estimated routing"
"Indonesia","Batununggal","JavaRail","Estimated routing"
"Indonesia","Batununggal","Metro Jabar Trans","Estimated routing"
"Indonesia","Batununggal","PT. KAI","Estimated routing"
"Indonesia","Batununggal","Trans Metro Bandung","Estimated routing"
"Indonesia","Beji","ANGKOT","Estimated routing"
"Indonesia","Beji","DEBORAH WAHANA MULTITRANS","Estimated routing"
"Indonesia","Beji","KOPAJA","Estimated routing"
"Indonesia","Beji","KWK","Estimated routing"
"Indonesia","Beji","MIKROLET","Estimated routing"
"Indonesia","Beji","PT KAI Commuter","Estimated routing"
"Indonesia","Beji","Transjakarta","Timetable routing"
"Indonesia","Bekasi Barat","ANGKOT","Estimated routing"
"Indonesia","Bekasi Barat","HARAPAN JAYA","Estimated routing"
"Indonesia","Bekasi Barat","KWK","Estimated routing"
"Indonesia","Bekasi Barat","MIKROLET","Estimated routing"
"Indonesia","Bekasi Barat","PT KAI Commuter","Estimated routing"
"Indonesia","Bekasi Barat","Transjakarta","Timetable routing"
"Indonesia","Bekasi Selatan","ANGKOT","Estimated routing"
"Indonesia","Bekasi Selatan","BLUE BIRD","Estimated routing"
"Indonesia","Bekasi Selatan","DAMRI","Estimated routing"
"Indonesia","Bekasi Selatan","JavaRail","Estimated routing"
"Indonesia","Bekasi Selatan","KWK","Estimated routing"
"Indonesia","Bekasi Selatan","MAYASARI","Estimated routing"
"Indonesia","Bekasi Selatan","MIKROLET","Estimated routing"
"Indonesia","Bekasi Selatan","PPD","Estimated routing"
"Indonesia","Bekasi Selatan","PT KAI Commuter","Estimated routing"
"Indonesia","Bekasi Selatan","PT. KAI","Estimated routing"
"Indonesia","Bekasi Selatan","RAILINK","Estimated routing"
"Indonesia","Bekasi Selatan","Transjakarta","Timetable routing"
"Indonesia","Bekasi Timur","AGRA MAS","Estimated routing"
"Indonesia","Bekasi Timur","ANGKOT","Estimated routing"
"Indonesia","Bekasi Timur","DAMRI","Estimated routing"
"Indonesia","Bekasi Timur","MAYASARI","Estimated routing"
"Indonesia","Bekasi Timur","Transjakarta","Timetable routing"
"Indonesia","Bekasi Utara","ANGKOT","Estimated routing"
"Indonesia","Bekasi Utara","HARAPAN JAYA","Estimated routing"
"Indonesia","Bekasi Utara","KWK","Estimated routing"
"Indonesia","Bekasi Utara","Transjakarta","Timetable routing"
"Indonesia","Biring Kanaya","ANGKOT","Estimated routing"
"Indonesia","Blimbing","ANGKOT","Estimated routing"
"Indonesia","Blimbing","PT. KAI","Estimated routing"
"Indonesia","Bogor Barat","AGRA MAS","Estimated routing"
"Indonesia","Bogor Barat","ANGKOT","Estimated routing"
"Indonesia","Bogor Barat","APTB","Estimated routing"
"Indonesia","Bogor Barat","SINAR JAYA MEGAH LANGGENG","Estimated routing"
"Indonesia","Bogor Selatan","AGRA MAS","Estimated routing"
"Indonesia","Bogor Selatan","ANGKOT","Estimated routing"
"Indonesia","Bogor Selatan","JavaRail","Estimated routing"
"Indonesia","Bogor Selatan","PT. KAI","Estimated routing"
"Indonesia","Bogor Tengah","ANGKOT","Estimated routing"
"Indonesia","Bogor Tengah","DAMRI","Estimated routing"
"Indonesia","Bogor Tengah","JavaRail","Estimated routing"
"Indonesia","Bogor Tengah","PT KAI Commuter","Estimated routing"
"Indonesia","Bogor Tengah","PT. KAI","Estimated routing"
"Indonesia","Bogor Tengah","SINAR JAYA MEGAH LANGGENG","Estimated routing"
"Indonesia","Bogor Tengah","Transjakarta","Timetable routing"
"Indonesia","Bogor Utara","ANGKOT","Estimated routing"
"Indonesia","Bogor Utara","APTB","Estimated routing"
"Indonesia","Bogor Utara","SINAR JAYA MEGAH LANGGENG","Estimated routing"
"Indonesia","Bojong Gede","ANGKOT","Estimated routing"
"Indonesia","Bojong Gede","PT KAI Commuter","Estimated routing"
"Indonesia","Bojongloa Kaler","ANGKOT","Estimated routing"
"Indonesia","Bojongloa Kaler","Angkot Kota Bandung","Estimated routing"
"Indonesia","Bojongloa Kaler","DAMRI","Estimated routing"
"Indonesia","Bojongloa Kaler","Metro Jabar Trans","Estimated routing"
"Indonesia","Bojongloa Kaler","Trans Metro Bandung","Estimated routing"
"Indonesia","Bojongsoang","ANGKOT","Estimated routing"
"Indonesia","Cibinong","AGRA MAS","Estimated routing"
"Indonesia","Cibinong","ANGKOT","Estimated routing"
"Indonesia","Cibinong","DAMRI","Estimated routing"
"Indonesia","Cibinong","KOPERASI SERBA USAHA BERSAMA","Estimated routing"
"Indonesia","Cibinong","MAYASARI","Estimated routing"
"Indonesia","Cibinong","METROMINI","Estimated routing"
"Indonesia","Cibinong","PPD","Estimated routing"
"Indonesia","Cibinong","PT KAI Commuter","Estimated routing"
"Indonesia","Cibungbulang","ANGKOT","Estimated routing"
"Indonesia","Cimanggis","ANGKOT","Estimated routing"
"Indonesia","Cimanggis","KWK","Estimated routing"
"Indonesia","Cimanggis","MAYASARI","Estimated routing"
"Indonesia","Cimanggis","METROMINI","Estimated routing"
"Indonesia","Cimanggis","Transjakarta","Timetable routing"
"Indonesia","Ciparay","ANGKOT","Estimated routing"
"Indonesia","Ciparay","DAMRI","Estimated routing"
"Indonesia","Ciparay","Metro Jabar Trans","Estimated routing"
"Indonesia","Ciputat","ANGKOT","Estimated routing"
"Indonesia","Ciputat","KOANTAS BIMA","Estimated routing"
"Indonesia","Ciputat","KWK","Estimated routing"
"Indonesia","Ciputat","METROMINI","Estimated routing"
"Indonesia","Ciputat","MIKROLET","Estimated routing"
"Indonesia","Ciputat","PT KAI Commuter","Estimated routing"
"Indonesia","Ciputat","Transjakarta","Timetable routing"
"Indonesia","Coblong","ANGKOT","Estimated routing"
"Indonesia","Coblong","Angkot Kota Bandung","Estimated routing"
"Indonesia","Coblong","DAMRI","Estimated routing"
"Indonesia","Coblong","Metro Jabar Trans","Estimated routing"
"Indonesia","Coblong","Trans Metro Bandung","Estimated routing"
"Indonesia","Dayeuhkolot","ANGKOT","Estimated routing"
"Indonesia","Dayeuhkolot","DAMRI","Estimated routing"
"Indonesia","Dayeuhkolot","Metro Jabar Trans","Estimated routing"
"Indonesia","Depok","PT KAI Commuter","Estimated routing"
"Indonesia","Depok","PT. KAI","Estimated routing"
"Indonesia","Depok","TRANS JOGJA","Estimated routing"
"Indonesia","Driyorejo","ANGKOT","Estimated routing"
"Indonesia","Gubeng","ANGKOT","Estimated routing"
"Indonesia","Gubeng","DAMRI","Estimated routing"
"Indonesia","Gubeng","Suroboyo Bus","Estimated routing"
"Indonesia","Gubeng","Trans Semanggi Surabaya","Estimated routing"
"Indonesia","Gubeng","Wira Wiri","Estimated routing"
"Indonesia","Gunung Putri","ANGKOT","Estimated routing"
"Indonesia","Gunung Putri","DAMRI","Estimated routing"
"Indonesia","Gunung Putri","KOPERASI SERBA USAHA BERSAMA","Estimated routing"
"Indonesia","Gunung Putri","MAYASARI","Estimated routing"
"Indonesia","Gunung Putri","METROMINI","Estimated routing"
"Indonesia","Gunung Putri","PT KAI Commuter","Estimated routing"
"Indonesia","Gunung Putri","Transjakarta","Timetable routing"
"Indonesia","Ilir Barat I","ANGKOT","Estimated routing"
"Indonesia","Ilir Barat I","TRANS MUSI","Estimated routing"
"Indonesia","Ilir Timur II","ANGKOT","Estimated routing"
"Indonesia","Ilir Timur II","DAMRI","Estimated routing"
"Indonesia","Ilir Timur II","PT. KAI","Estimated routing"
"Indonesia","Ilir Timur II","TRANS MUSI","Estimated routing"
"Indonesia","Jakarta","AGRA MAS","Estimated routing"
"Indonesia","Jakarta","ANGKOT","Estimated routing"
"Indonesia","Jakarta","APB","Estimated routing"
"Indonesia","Jakarta","APTB","Estimated routing"
"Indonesia","Jakarta","ARH","Estimated routing"
"Indonesia","Jakarta","BLUE BIRD","Estimated routing"
"Indonesia","Jakarta","DAMRI","Estimated routing"
"Indonesia","Jakarta","DEBORAH WAHANA MULTITRANS","Estimated routing"
"Indonesia","Jakarta","DIAN MITRA","Estimated routing"
"Indonesia","Jakarta","DSU","Estimated routing"
"Indonesia","Jakarta","HARAPAN JAYA","Estimated routing"
"Indonesia","Jakarta","JavaRail","Estimated routing"
"Indonesia","Jakarta","KOANTAS BIMA","Estimated routing"
"Indonesia","Jakarta","KOPAJA","Estimated routing"
"Indonesia","Jakarta","KOPAMI JAYA","Estimated routing"
"Indonesia","Jakarta","KOPERASI SERBA USAHA BERSAMA","Estimated routing"
"Indonesia","Jakarta","KWK","Estimated routing"
"Indonesia","Jakarta","LORENA","Estimated routing"
"Indonesia","Jakarta","MAYASARI","Estimated routing"
"Indonesia","Jakarta","METROMINI","Estimated routing"
"Indonesia","Jakarta","MIKROLET","Estimated routing"
"Indonesia","Jakarta","PPD","Estimated routing"
"Indonesia","Jakarta","PT KAI Commuter","Estimated routing"
"Indonesia","Jakarta","PT Kereta Cepat Indonesia China (KCIC)","Estimated routing"
"Indonesia","Jakarta","PT. KAI","Estimated routing"
"Indonesia","Jakarta","PT. LRT Jakarta","Estimated routing"
"Indonesia","Jakarta","PT. MRT Jakarta","Estimated routing"
"Indonesia","Jakarta","RAILINK","Estimated routing"
"Indonesia","Jakarta","SINAR JAYA MEGAH LANGGENG","Estimated routing"
"Indonesia","Jakarta","TRANSHALIM","Estimated routing"
"Indonesia","Jakarta","Transjakarta","Timetable routing"
"Indonesia","Jatiasih","ANGKOT","Estimated routing"
"Indonesia","Jatiasih","MAYASARI","Estimated routing"
"Indonesia","Jatiasih","Transjakarta","Timetable routing"
"Indonesia","Jatisampurna","ANGKOT","Estimated routing"
"Indonesia","Jatisampurna","KWK","Estimated routing"
"Indonesia","Jatisampurna","MAYASARI","Estimated routing"
"Indonesia","Jatisampurna","METROMINI","Estimated routing"
"Indonesia","Jebres","ANGKOT","Estimated routing"
"Indonesia","Jebres","DAMRI","Estimated routing"
"Indonesia","Jebres","JavaRail","Estimated routing"
"Indonesia","Jebres","PT. KAI","Estimated routing"
"Indonesia","Kartasura","DAMRI","Estimated routing"
"Indonesia","Katapang","ANGKOT","Estimated routing"
"Indonesia","Katapang","Metro Jabar Trans","Estimated routing"
"Indonesia","Kebomas","ANGKOT","Estimated routing"
"Indonesia","Kebomas","Trans Jatim","Estimated routing"
"Indonesia","Kedungkandang","ANGKOT","Estimated routing"
"Indonesia","Kenjeran","ANGKOT","Estimated routing"
"Indonesia","Kenjeran","DAMRI","Estimated routing"
"Indonesia","Kenjeran","Trans Jatim","Estimated routing"
"Indonesia","Kenjeran","Trans Semanggi Surabaya","Estimated routing"
"Indonesia","Kenjeran","Wira Wiri","Estimated routing"
"Indonesia","Klojen","ANGKOT","Estimated routing"
"Indonesia","Klojen","JavaRail","Estimated routing"
"Indonesia","Klojen","PT. KAI","Estimated routing"
"Indonesia","Krembangan","ANGKOT","Estimated routing"
"Indonesia","Krembangan","DAMRI","Estimated routing"
"Indonesia","Krembangan","JavaRail","Estimated routing"
"Indonesia","Krembangan","PT. KAI","Estimated routing"
"Indonesia","Krembangan","Suroboyo Bus","Estimated routing"
"Indonesia","Krembangan","Wira Wiri","Estimated routing"
"Indonesia","Lawang","ANGKOT","Estimated routing"
"Indonesia","Lawang","JavaRail","Estimated routing"
"Indonesia","Lawang","PT. KAI","Estimated routing"
"Indonesia","Lembang","ANGKOT","Estimated routing"
"Indonesia","Lembang","Angkot Kota Bandung","Estimated routing"
"Indonesia","Lembang","Metro Jabar Trans","Estimated routing"
"Indonesia","Lowokwaru","ANGKOT","Estimated routing"
"Indonesia","Majalaya","ANGKOT","Estimated routing"
"Indonesia","Majalaya","DAMRI","Estimated routing"
"Indonesia","Makassar","ANGKOT","Estimated routing"
"Indonesia","Manggala","ANGKOT","Estimated routing"
"Indonesia","Margaasih","ANGKOT","Estimated routing"
"Indonesia","Margahayu","ANGKOT","Estimated routing"
"Indonesia","Medan","ANGKOT","Estimated routing"
"Indonesia","Medan","PT Railink","Estimated routing"
"Indonesia","Medan","PT. KAI","Estimated routing"
"Indonesia","Medan Deli","ANGKOT","Estimated routing"
"Indonesia","Medan Helvetia","ANGKOT","Estimated routing"
"Indonesia","Medan Sunggal","ANGKOT","Estimated routing"
"Indonesia","Medan Tembung","ANGKOT","Estimated routing"
"Indonesia","Medan Timur","ANGKOT","Estimated routing"
"Indonesia","Mergangsan","JavaRail","Estimated routing"
"Indonesia","Mergangsan","PT KAI Commuter","Estimated routing"
"Indonesia","Mergangsan","PT Railink","Estimated routing"
"Indonesia","Mergangsan","PT. KAI","Estimated routing"
"Indonesia","Mergangsan","TRANS JOGJA","Estimated routing"
"Indonesia","Mojoroto","ANGKOT","Estimated routing"
"Indonesia","Pakis","ANGKOT","Estimated routing"
"Indonesia","Pamulang","ANGKOT","Estimated routing"
"Indonesia","Pamulang","MIKROLET","Estimated routing"
"Indonesia","Pamulang","Transjakarta","Timetable routing"
"Indonesia","Panak Kukang","ANGKOT","Estimated routing"
"Indonesia","Pancoran Mas","ANGKOT","Estimated routing"
"Indonesia","Pancoran Mas","DEBORAH WAHANA MULTITRANS","Estimated routing"
"Indonesia","Pancoran Mas","HIBA UTAMA","Estimated routing"
"Indonesia","Pancoran Mas","KOPAJA","Estimated routing"
"Indonesia","Pancoran Mas","KWK","Estimated routing"
"Indonesia","Pancoran Mas","PT KAI Commuter","Estimated routing"
"Indonesia","Pancoran Mas","Transjakarta","Timetable routing"
"Indonesia","Parung","ANGKOT","Estimated routing"
"Indonesia","Pedurungan","ANGKOT","Estimated routing"
"Indonesia","Pedurungan","TRANS SEMARANG","Estimated routing"
"Indonesia","Pondok Aren","ANGKOT","Estimated routing"
"Indonesia","Pondok Aren","KWK","Estimated routing"
"Indonesia","Pondok Aren","Transjakarta","Timetable routing"
"Indonesia","Pondokgede","ANGKOT","Estimated routing"
"Indonesia","Pondokgede","KWK","Estimated routing"
"Indonesia","Pondokgede","METROMINI","Estimated routing"
"Indonesia","Pondokgede","MIKROLET","Estimated routing"
"Indonesia","Pondokgede","Transjakarta","Timetable routing"
"Indonesia","Rancaekek","ANGKOT","Estimated routing"
"Indonesia","Rancaekek","DAMRI","Estimated routing"
"Indonesia","Rancaekek","Metro Jabar Trans","Estimated routing"
"Indonesia","Rancaekek","PT. KAI","Estimated routing"
"Indonesia","Rappocini","ANGKOT","Estimated routing"
"Indonesia","Sawahan","ANGKOT","Estimated routing"
"Indonesia","Sawahan","DAMRI","Estimated routing"
"Indonesia","Sawahan","Wira Wiri","Estimated routing"
"Indonesia","Sawangan","ANGKOT","Estimated routing"
"Indonesia","Sawangan","Transjakarta","Timetable routing"
"Indonesia","Seberang Ulu I","ANGKOT","Estimated routing"
"Indonesia","Seberang Ulu I","PT. KAI","Estimated routing"
"Indonesia","Seberang Ulu I","TRANS MUSI","Estimated routing"
"Indonesia","Semampir","ANGKOT","Estimated routing"
"Indonesia","Semampir","Trans Jatim","Estimated routing"
"Indonesia","Semarang Barat","ANGKOT","Estimated routing"
"Indonesia","Semarang Barat","TRANS SEMARANG","Estimated routing"
"Indonesia","Sukajadi","ANGKOT","Estimated routing"
"Indonesia","Sukajadi","Angkot Kota Bandung","Estimated routing"
"Indonesia","Sukajadi","DAMRI","Estimated routing"
"Indonesia","Sukajadi","Metro Jabar Trans","Estimated routing"
"Indonesia","Sukajadi","Trans Metro Bandung","Estimated routing"
"Indonesia","Sukmajaya","ANGKOT","Estimated routing"
"Indonesia","Sukmajaya","Transjakarta","Timetable routing"
"Indonesia","Sukomanunggal","ANGKOT","Estimated routing"
"Indonesia","Sukomanunggal","DAMRI","Estimated routing"
"Indonesia","Sukomanunggal","Trans Semanggi Surabaya","Estimated routing"
"Indonesia","Sukomanunggal","Wira Wiri","Estimated routing"
"Indonesia","Sukun","ANGKOT","Estimated routing"
"Indonesia","Wonokromo","ANGKOT","Estimated routing"
"Indonesia","Wonokromo","DAMRI","Estimated routing"
"Indonesia","Wonokromo","Suroboyo Bus","Estimated routing"
"Indonesia","Wonokromo","Trans Semanggi Surabaya","Estimated routing"
"Indonesia","Wonokromo","Wira Wiri","Estimated routing"
"Ireland","Cork","Aircoach","Realtime routing"
"Ireland","Cork","Barrys Coaches","Realtime routing"
"Ireland","Cork","Bus Éireann","Realtime routing"
"Ireland","Cork","Citylink","Realtime routing"
"Ireland","Cork","Dublin Coach","Realtime routing"
"Ireland","Cork","Harrington's Ardgroom","Realtime routing"
"Ireland","Cork","Iarnród Éireann / Irish Rail","Realtime routing"
"Ireland","Cork","TFI Local Link Cork","Realtime routing"
"Ireland","Cork","West Cork Connect","Realtime routing"
"Ireland","Dublin","Aircoach","Realtime routing"
"Ireland","Dublin","Ashbourne Connect","Realtime routing"
"Ireland","Dublin","Balbriggan Express","Realtime routing"
"Ireland","Dublin","Bus Eireann","Realtime routing"
"Ireland","Dublin","Bus Átha Cliath – Dublin Bus","Realtime routing"
"Ireland","Dublin","Bus Éireann","Realtime routing"
"Ireland","Dublin","Citylink","Realtime routing"
"Ireland","Dublin","Collins Coaches","Realtime routing"
"Ireland","Dublin","Dublin Coach","Realtime routing"
"Ireland","Dublin","Dublin Express","Realtime routing"
"Ireland","Dublin","Express Bus","Realtime routing"
"Ireland","Dublin","Go-Ahead Ireland","Realtime routing"
"Ireland","Dublin","Goldline Express","Realtime routing"
"Ireland","Dublin","Iarnród Éireann / Irish Rail","Realtime routing"
"Ireland","Dublin","J.J Kavanagh & Sons","Realtime routing"
"Ireland","Dublin","Joe Moroney Coach Hire Ltd","Realtime routing"
"Ireland","Dublin","Kearns Transport","Realtime routing"
"Ireland","Dublin","Keelings Retail UC","Realtime routing"
"Ireland","Dublin","LUAS","Realtime routing"
"Ireland","Dublin","Matthews Coach Hire","Realtime routing"
"Ireland","Dublin","McConnon Travel","Realtime routing"
"Ireland","Dublin","Nitelink, Dublin Bus","Realtime routing"
"Ireland","Dublin","Nolan Coaches","Realtime routing"
"Ireland","Dublin","Slevins Coaches","Realtime routing"
"Ireland","Dublin","St.Kevin's Bus Service","Realtime routing"
"Ireland","Dublin","Swords Express","Realtime routing"
"Ireland","Dublin","TFI Local Link Kildare South Dublin","Realtime routing"
"Ireland","Dublin","TU Dublin Blanchardstown","Realtime routing"
"Ireland","Dublin","Translink Northern Ireland Rail","Realtime routing"
"Ireland","Dublin","Transport for Wales","Realtime routing"
"Ireland","Dublin","Wexford Bus","Realtime routing"
"Israel","Ashdod","אגד","Timetable routing"
"Israel","Ashdod","אלקטרה אפיקים","Timetable routing"
"Israel","Ashdod","דן בדרום","Timetable routing"
"Israel","Ashdod","מטרופולין","Timetable routing"
"Israel","Ashdod","נתיב אקספרס","Timetable routing"
"Israel","Ashdod","קווים","Timetable routing"
"Israel","Ashdod","רכבת ישראל","Timetable routing"
"Israel","Ashdod","תנופה","Timetable routing"
"Israel","Ashkelon","אגד","Timetable routing"
"Israel","Ashkelon","אלקטרה אפיקים","Timetable routing"
"Israel","Ashkelon","גלים","Timetable routing"
"Israel","Ashkelon","דן בדרום","Timetable routing"
"Israel","Ashkelon","מטרופולין","Timetable routing"
"Israel","Ashkelon","רכבת ישראל","Timetable routing"
"Israel","Bat Yam","אגד","Timetable routing"
"Israel","Bat Yam","דן","Timetable routing"
"Israel","Bat Yam","מטרופולין","Timetable routing"
"Israel","Bat Yam","סופרבוס","Timetable routing"
"Israel","Bat Yam","תבל","Timetable routing"
"Israel","Be'er Sheva","אגד","Timetable routing"
"Israel","Be'er Sheva","אלקטרה אפיקים תחבורה","Timetable routing"
"Israel","Be'er Sheva","גלים","Timetable routing"
"Israel","Be'er Sheva","דן באר שבע","Timetable routing"
"Israel","Be'er Sheva","דן בדרום","Timetable routing"
"Israel","Be'er Sheva","מטרופולין","Timetable routing"
"Israel","Be'er Sheva","קווים","Timetable routing"
"Israel","Be'er Sheva","רכבת ישראל","Timetable routing"
"Israel","Bnei Berak","אגד","Timetable routing"
"Israel","Bnei Berak","אלקטרה אפיקים","Timetable routing"
"Israel","Bnei Berak","בית שמש אקספרס","Timetable routing"
"Israel","Bnei Berak","גלים","Timetable routing"
"Israel","Bnei Berak","דן","Timetable routing"
"Israel","Bnei Berak","דרך אגד עוטף ירושלים","Timetable routing"
"Israel","Bnei Berak","מטרופולין","Timetable routing"
"Israel","Bnei Berak","נסיעות ותיירות","Timetable routing"
"Israel","Bnei Berak","נתיב אקספרס","Timetable routing"
"Israel","Bnei Berak","סופרבוס","Timetable routing"
"Israel","Bnei Berak","קווים","Timetable routing"
"Israel","Bnei Berak","רכבת ישראל","Timetable routing"
"Israel","Bnei Berak","תבל","Timetable routing"
"Israel","Bnei Berak","תנופה","Timetable routing"
"Israel","Haifa","אגד","Timetable routing"
"Israel","Haifa","גי.בי.טורס","Timetable routing"
"Israel","Haifa","כבל אקספרס","Timetable routing"
"Israel","Haifa","כרמלית","Timetable routing"
"Israel","Haifa","מטרופולין","Timetable routing"
"Israel","Haifa","נסיעות ותיירות","Timetable routing"
"Israel","Haifa","נתיב אקספרס","Timetable routing"
"Israel","Haifa","סופרבוס","Timetable routing"
"Israel","Haifa","קווים","Timetable routing"
"Israel","Haifa","רכבת ישראל","Timetable routing"
"Israel","Hasharon","אגד","Timetable routing"
"Israel","Hasharon","אלקטרה אפיקים","Timetable routing"
"Israel","Hasharon","אקסטרה","Timetable routing"
"Israel","Hasharon","מטרופולין","Timetable routing"
"Israel","Hasharon","נסיעות ותיירות","Timetable routing"
"Israel","Hasharon","נתיב אקספרס","Timetable routing"
"Israel","Hasharon","סופרבוס","Timetable routing"
"Israel","Hasharon","קווים","Timetable routing"
"Israel","Hasharon","רכבת ישראל","Timetable routing"
"Israel","Hasharon","תנופה","Timetable routing"
"Israel","Holon","אגד","Timetable routing"
"Israel","Holon","אלקטרה אפיקים","Timetable routing"
"Israel","Holon","בית שמש אקספרס","Timetable routing"
"Israel","Holon","דן","Timetable routing"
"Israel","Holon","מטרופולין","Timetable routing"
"Israel","Holon","סופרבוס","Timetable routing"
"Israel","Holon","קווים","Timetable routing"
"Israel","Holon","רכבת ישראל","Timetable routing"
"Israel","Jerusalem","אגד","Timetable routing"
"Israel","Jerusalem","אלקטרה אפיקים תחבורה","Timetable routing"
"Israel","Jerusalem","אקסטרה ירושלים","Timetable routing"
"Israel","Jerusalem","גלים","Timetable routing"
"Israel","Jerusalem","דן בדרום","Timetable routing"
"Israel","Jerusalem","דרך אגד עוטף ירושלים","Timetable routing"
"Israel","Jerusalem","ירושלים - עיסאוויה מחנה שעפאט איחוד","Timetable routing"
"Israel","Jerusalem","ירושלים-אבו-תור-ענאתא איחוד","Timetable routing"
"Israel","Jerusalem","ירושלים-אלווסט איחוד","Timetable routing"
"Israel","Jerusalem","ירושלים-דרום איחוד","Timetable routing"
"Israel","Jerusalem","ירושלים-הר הזיתים","Timetable routing"
"Israel","Jerusalem","ירושלים-צור באהר איחוד","Timetable routing"
"Israel","Jerusalem","ירושלים-רמאללה איחוד","Timetable routing"
"Israel","Jerusalem","כפיר","Timetable routing"
"Israel","Jerusalem","מטרופולין","Timetable routing"
"Israel","Jerusalem","נתיב אקספרס","Timetable routing"
"Israel","Jerusalem","סופרבוס","Timetable routing"
"Israel","Jerusalem","קווים","Timetable routing"
"Israel","Jerusalem","רכבת ישראל","Timetable routing"
"Israel","Jerusalem","תנופה","Timetable routing"
"Israel","Netanya","אגד","Timetable routing"
"Israel","Netanya","אקסטרה","Timetable routing"
"Israel","Netanya","מטרופולין","Timetable routing"
"Israel","Netanya","נסיעות ותיירות","Timetable routing"
"Israel","Netanya","נתיב אקספרס","Timetable routing"
"Israel","Netanya","סופרבוס","Timetable routing"
"Israel","Netanya","קווים","Timetable routing"
"Israel","Netanya","רכבת ישראל","Timetable routing"
"Israel","Netanya","תנופה","Timetable routing"
"Israel","Petah Tiqwa","אגד","Timetable routing"
"Israel","Petah Tiqwa","אלקטרה אפיקים","Timetable routing"
"Israel","Petah Tiqwa","בית שמש אקספרס","Timetable routing"
"Israel","Petah Tiqwa","דן","Timetable routing"
"Israel","Petah Tiqwa","דרך אגד עוטף ירושלים","Timetable routing"
"Israel","Petah Tiqwa","מטרופולין","Timetable routing"
"Israel","Petah Tiqwa","סופרבוס","Timetable routing"
"Israel","Petah Tiqwa","קווים","Timetable routing"
"Israel","Petah Tiqwa","רכבת ישראל","Timetable routing"
"Israel","Petah Tiqwa","תבל","Timetable routing"
"Israel","Petah Tiqwa","תנופה","Timetable routing"
"Israel","Ramat Gan","אגד","Timetable routing"
"Israel","Ramat Gan","אלקטרה אפיקים","Timetable routing"
"Israel","Ramat Gan","בית שמש אקספרס","Timetable routing"
"Israel","Ramat Gan","גלים","Timetable routing"
"Israel","Ramat Gan","דן","Timetable routing"
"Israel","Ramat Gan","דרך אגד עוטף ירושלים","Timetable routing"
"Israel","Ramat Gan","יונייטד טורס","Timetable routing"
"Israel","Ramat Gan","מטרופולין","Timetable routing"
"Israel","Ramat Gan","נסיעות ותיירות","Timetable routing"
"Israel","Ramat Gan","נתיב אקספרס","Timetable routing"
"Israel","Ramat Gan","סופרבוס","Timetable routing"
"Israel","Ramat Gan","קווים","Timetable routing"
"Israel","Ramat Gan","תבל","Timetable routing"
"Israel","Ramat Gan","תנופה","Timetable routing"
"Israel","Rehovot","אגד","Timetable routing"
"Israel","Rehovot","אלקטרה אפיקים","Timetable routing"
"Israel","Rehovot","בית שמש אקספרס","Timetable routing"
"Israel","Rehovot","מטרופולין","Timetable routing"
"Israel","Rehovot","קווים","Timetable routing"
"Israel","Rehovot","רכבת ישראל","Timetable routing"
"Israel","Rehovot","תנופה","Timetable routing"
"Israel","Rishon Letsiyon","אגד","Timetable routing"
"Israel","Rishon Letsiyon","אלקטרה אפיקים","Timetable routing"
"Israel","Rishon Letsiyon","בית שמש אקספרס","Timetable routing"
"Israel","Rishon Letsiyon","דן","Timetable routing"
"Israel","Rishon Letsiyon","מטרופולין","Timetable routing"
"Israel","Rishon Letsiyon","סופרבוס","Timetable routing"
"Israel","Rishon Letsiyon","קווים","Timetable routing"
"Israel","Rishon Letsiyon","רכבת ישראל","Timetable routing"
"Israel","Rishon Letsiyon","תנופה","Timetable routing"
"Israel","Tel Aviv","אגד","Timetable routing"
"Israel","Tel Aviv","אודליה מוניות בעמ","Timetable routing"
"Israel","Tel Aviv","אלקטרה אפיקים","Timetable routing"
"Israel","Tel Aviv","בית שמש אקספרס","Timetable routing"
"Israel","Tel Aviv","גלים","Timetable routing"
"Israel","Tel Aviv","דן","Timetable routing"
"Israel","Tel Aviv","דן בדרום","Timetable routing"
"Israel","Tel Aviv","דרך אגד עוטף ירושלים","Timetable routing"
"Israel","Tel Aviv","יונייטד טורס","Timetable routing"
"Israel","Tel Aviv","מוניות רב קווית 4-5","Timetable routing"
"Israel","Tel Aviv","מטרופולין","Timetable routing"
"Israel","Tel Aviv","נסיעות ותיירות","Timetable routing"
"Israel","Tel Aviv","נתיב אקספרס","Timetable routing"
"Israel","Tel Aviv","סופרבוס","Timetable routing"
"Israel","Tel Aviv","קווים","Timetable routing"
"Israel","Tel Aviv","רכבת ישראל","Timetable routing"
"Israel","Tel Aviv","תבל","Timetable routing"
"Israel","Tel Aviv","תנופה","Timetable routing"
"Italy","Aprilia","Cotral","Timetable routing"
"Italy","Aprilia","FlixBus","Timetable routing"
"Italy","Aprilia","TRENITALIA","Timetable routing"
"Italy","Ardea","Cotral","Timetable routing"
"Italy","Bari","Amtab S.p.A","Timetable routing"
"Italy","Bari","FC - FSE - Ferrovie del Sud Est S.r.l.","Timetable routing"
"Italy","Bari","Ferrotramviaria spa - Ferrovie del Nord Barese","Timetable routing"
"Italy","Bari","FlixBus","Timetable routing"
"Italy","Bari","JADROLINIJA","Timetable routing"
"Italy","Bari","Soc. Marino Srl","Timetable routing"
"Italy","Bari","TRENITALIA","Timetable routing"
"Italy","Bologna","BlaBlaCar Bus","Timetable routing"
"Italy","Bologna","DB Fernverkehr AG","Realtime routing"
"Italy","Bologna","Deutsche Bahn AG","Timetable routing"
"Italy","Bologna","Eurolines SA","Estimated routing"
"Italy","Bologna","FlixBus","Timetable routing"
"Italy","Bologna","Marconi Express","Timetable routing"
"Italy","Bologna","OEBB Personenverkehr AG Kundenservice","Timetable routing"
"Italy","Bologna","Schweizerische Bundesbahnen SBB","Realtime routing"
"Italy","Bologna","Soc. Marino Srl","Timetable routing"
"Italy","Bologna","Sonstige Verkehrsunternehmen","Timetable routing"
"Italy","Bologna","TPER","Estimated routing"
"Italy","Bologna","TPER spa","Timetable routing"
"Italy","Bologna","TRENITALIA","Timetable routing"
"Italy","Bologna","TRENITALIA S.p.A.","Timetable routing"
"Italy","Bologna","Trenitalia-TPER","Timetable routing"
"Italy","Bologna","ÖBB","Realtime routing"
"Italy","Brescia","Apam Esercizio SpA servizio Extraurbano","Timetable routing"
"Italy","Brescia","BlaBlaCar Bus","Timetable routing"
"Italy","Brescia","Brescia Trasporti SpA","Timetable routing"
"Italy","Brescia","Eurolines SA","Estimated routing"
"Italy","Brescia","FlixBus","Timetable routing"
"Italy","Brescia","Schweizerische Bundesbahnen SBB","Realtime routing"
"Italy","Brescia","Soc. Marino Srl","Timetable routing"
"Italy","Brescia","TRENITALIA","Timetable routing"
"Italy","Brescia","TRENITALIA S.p.A.","Timetable routing"
"Italy","Brescia","Trenitalia-TPER","Timetable routing"
"Italy","Brescia","Trenord","Timetable routing"
"Italy","Cagliari","A.S.P. DI PANI FRANCA DANIELA E CHRISTIAN SNC","Timetable routing"
"Italy","Cagliari","ARST SpA - Trasporti Regionali Della Sardegna","Timetable routing"
"Italy","Cagliari","AUTOLINEE ANTONIO MURGIA S.R.L.","Timetable routing"
"Italy","Cagliari","AUTOLINEE BAIRE S.R.L.","Timetable routing"
"Italy","Cagliari","AUTOLINEE DEL GOLFO SRL","Timetable routing"
"Italy","Cagliari","AUTOLINEE TREXENTA SNC","Timetable routing"
"Italy","Cagliari","CAREDDU MADDALO","Timetable routing"
"Italy","Cagliari","CTM Spa","Timetable routing"
"Italy","Cagliari","DEDONI SARDINIA S.R.L.","Timetable routing"
"Italy","Cagliari","Grimaldi Group S.p.A","Timetable routing"
"Italy","Cagliari","LOGUDORO TOURS S.R.L.","Timetable routing"
"Italy","Cagliari","TRENITALIA","Timetable routing"
"Italy","Cagliari","TURMO TRAVEL SRL","Timetable routing"
"Italy","Cagliari","VACCA VIAGGI DI ANDREA E PIETRO PAOLO VACCA & C. SNC","Timetable routing"
"Italy","Campagnano di Roma","Cotral","Timetable routing"
"Italy","Cave","Cotral","Timetable routing"
"Italy","Chieti","FlixBus","Timetable routing"
"Italy","Chieti","La Panoramica","Estimated routing"
"Italy","Chieti","Soc. Marino Srl","Timetable routing"
"Italy","Chieti","TRENITALIA","Timetable routing"
"Italy","Fara in Sabina","Cotral","Timetable routing"
"Italy","Fara in Sabina","TRENITALIA","Timetable routing"
"Italy","Ferrara","FlixBus","Timetable routing"
"Italy","Ferrara","Soc. Marino Srl","Timetable routing"
"Italy","Ferrara","Sonstige Verkehrsunternehmen","Timetable routing"
"Italy","Ferrara","TPER","Estimated routing"
"Italy","Ferrara","TPER spa","Timetable routing"
"Italy","Ferrara","TRENITALIA","Timetable routing"
"Italy","Ferrara","Trenitalia-TPER","Timetable routing"
"Italy","Fiano Romano","Cotral","Timetable routing"
"Italy","Fiumicino","BIS","Realtime routing"
"Italy","Fiumicino","Cotral","Timetable routing"
"Italy","Fiumicino","FlixBus","Timetable routing"
"Italy","Fiumicino","Soc. Marino Srl","Timetable routing"
"Italy","Fiumicino","TRENITALIA","Timetable routing"
"Italy","Fiumicino","TRENITALIA S.p.A.","Timetable routing"
"Italy","Fiumicino","TUSCIA","Realtime routing"
"Italy","Florence","Autolinee Toscane - ExtraUrbano Arezzo","Timetable routing"
"Italy","Florence","Autolinee Toscane - ExtraUrbano Empolese Valdelsa","Timetable routing"
"Italy","Florence","Autolinee Toscane - ExtraUrbano Firenze","Timetable routing"
"Italy","Florence","Autolinee Toscane - ExtraUrbano Prato","Timetable routing"
"Italy","Florence","Autolinee Toscane - ExtraUrbano Siena","Timetable routing"
"Italy","Florence","Autolinee Toscane - Linee Regionali","Timetable routing"
"Italy","Florence","Autolinee Toscane - Urbano Area Metropolitana Fiorentina","Timetable routing"
"Italy","Florence","FlixBus","Timetable routing"
"Italy","Florence","GEST S.p.A.","Timetable routing"
"Italy","Florence","Piùbus","Estimated routing"
"Italy","Florence","TRENITALIA","Timetable routing"
"Italy","Florence","TRENITALIA S.p.A.","Timetable routing"
"Italy","Florence","Terravision","Estimated routing"
"Italy","Florence","ÖBB","Realtime routing"
"Italy","Forlì","FlixBus","Timetable routing"
"Italy","Forlì","Soc. Marino Srl","Timetable routing"
"Italy","Forlì","Start Romagna S.p.A.","Estimated routing"
"Italy","Forlì","Start Romagna bacino di Ravenna","Estimated routing"
"Italy","Forlì","TRENITALIA","Timetable routing"
"Italy","Forlì","TRENITALIA S.p.A.","Timetable routing"
"Italy","Forlì","Trenitalia-TPER","Timetable routing"
"Italy","Formello","Cotral","Timetable routing"
"Italy","Frosinone","Cotral","Timetable routing"
"Italy","Frosinone","FlixBus","Timetable routing"
"Italy","Frosinone","Soc. Marino Srl","Timetable routing"
"Italy","Frosinone","TRENITALIA","Timetable routing"
"Italy","Genoa","AMT Genova","Timetable routing"
"Italy","Genoa","Azienda Mobilità e Trasporti S.p.A.","Estimated routing"
"Italy","Genoa","BlaBlaCar Bus","Timetable routing"
"Italy","Genoa","Eurolines SA","Estimated routing"
"Italy","Genoa","FlixBus","Timetable routing"
"Italy","Genoa","Soc. Marino Srl","Timetable routing"
"Italy","Genoa","TRENITALIA","Timetable routing"
"Italy","Genoa","TRENITALIA S.p.A.","Timetable routing"
"Italy","Genoa","Trenitalia-TPER","Timetable routing"
"Italy","Genoa","Trenord","Timetable routing"
"Italy","Gorizia","APT_GORIZIA","Estimated routing"
"Italy","Gorizia","TRENITALIA","Timetable routing"
"Italy","Grottaferrata","ATR Mobility","Realtime routing"
"Italy","Grottaferrata","Cotral","Timetable routing"
"Italy","Guidonia Montecelio","ATR Mobility","Realtime routing"
"Italy","Guidonia Montecelio","Atac","Realtime routing"
"Italy","Guidonia Montecelio","Cotral","Timetable routing"
"Italy","Guidonia Montecelio","TRENITALIA","Timetable routing"
"Italy","La Spezia","ATC","Timetable routing"
"Italy","La Spezia","Autolinee Toscane - ExtraUrbano Massa Carrara","Timetable routing"
"Italy","La Spezia","FlixBus","Timetable routing"
"Italy","La Spezia","Soc. Marino Srl","Timetable routing"
"Italy","La Spezia","TRENITALIA","Timetable routing"
"Italy","La Spezia","TRENITALIA S.p.A.","Timetable routing"
"Italy","La Spezia","Trenitalia-TPER","Timetable routing"
"Italy","La Spezia","Trenord","Timetable routing"
"Italy","Leghorn","Autolinee Toscane - ExtraUrbano Livorno","Timetable routing"
"Italy","Leghorn","Autolinee Toscane - ExtraUrbano Pisa","Timetable routing"
"Italy","Leghorn","Autolinee Toscane - Urbano Livorno","Timetable routing"
"Italy","Leghorn","Autolinee Toscane - Urbano Rosignano Marittimo","Timetable routing"
"Italy","Leghorn","FlixBus","Timetable routing"
"Italy","Leghorn","Soc. Marino Srl","Timetable routing"
"Italy","Leghorn","TRENITALIA","Timetable routing"
"Italy","Leghorn","TRENITALIA S.p.A.","Timetable routing"
"Italy","Leghorn","Toremar Toscana Regionale Marittima Spa","Timetable routing"
"Italy","Mentana","Cotral","Timetable routing"
"Italy","Messina","FlixBus","Timetable routing"
"Italy","Messina","Messina","Timetable routing"
"Italy","Messina","TRENITALIA","Timetable routing"
"Italy","Milan","AMAT Milano","Timetable routing"
"Italy","Milan","Airpullman","Timetable routing"
"Italy","Milan","Autostradale S.r.l.","Estimated routing"
"Italy","Milan","BlaBlaCar Bus","Timetable routing"
"Italy","Milan","DB Fernverkehr AG","Realtime routing"
"Italy","Milan","Eurolines SA","Estimated routing"
"Italy","Milan","FlixBus","Timetable routing"
"Italy","Milan","Interimsfahrplan / Horaire interimaire / Orario ad interim","Realtime routing"
"Italy","Milan","Malpensa Shuttle","Estimated routing"
"Italy","Milan","Movibus srl","Timetable routing"
"Italy","Milan","NET S.r.l. Nord Est Trasporti","Timetable routing"
"Italy","Milan","Orio Shuttle","Estimated routing"
"Italy","Milan","SNCF VOYAGEURS","Realtime routing"
"Italy","Milan","STAV Vigevano S.p.A.","Timetable routing"
"Italy","Milan","Schweizerische Bundesbahnen SBB","Realtime routing"
"Italy","Milan","Soc. Marino Srl","Timetable routing"
"Italy","Milan","Societa' Consortile Alessandrina Trasporti A Responsabilita' Limitata","Timetable routing"
"Italy","Milan","Star Mobility","Timetable routing"
"Italy","Milan","TRENITALIA","Timetable routing"
"Italy","Milan","TRENITALIA S.p.A.","Timetable routing"
"Italy","Milan","TreNord","Realtime routing"
"Italy","Milan","Trenitalia","Realtime routing"
"Italy","Milan","Trenitalia-TPER","Timetable routing"
"Italy","Milan","Trenord","Timetable routing"
"Italy","Monza","AMAT Milano","Timetable routing"
"Italy","Monza","Interimsfahrplan / Horaire interimaire / Orario ad interim","Realtime routing"
"Italy","Monza","Malpensa Shuttle","Estimated routing"
"Italy","Monza","NET S.r.l. Nord Est Trasporti","Timetable routing"
"Italy","Monza","Orio Shuttle","Estimated routing"
"Italy","Monza","Schweizerische Bundesbahnen SBB","Realtime routing"
"Italy","Monza","Soc. Marino Srl","Timetable routing"
"Italy","Monza","TRENITALIA","Timetable routing"
"Italy","Monza","TreNord","Realtime routing"
"Italy","Monza","Trenord","Timetable routing"
"Italy","Naples","Azienda Napoletana Mobilità","Timetable routing"
"Italy","Naples","BlaBlaCar Bus","Timetable routing"
"Italy","Naples","Curreri Service","Estimated routing"
"Italy","Naples","Eav srl - Divisione Autolinea","Timetable routing"
"Italy","Naples","Eav srl - Divisione Ferrovia","Timetable routing"
"Italy","Naples","FlixBus","Timetable routing"
"Italy","Naples","Grimaldi Group S.p.A","Timetable routing"
"Italy","Naples","Soc. Marino Srl","Timetable routing"
"Italy","Naples","Sonstige Verkehrsunternehmen","Timetable routing"
"Italy","Naples","TRENITALIA","Timetable routing"
"Italy","Naples","Trenitalia","Timetable routing"
"Italy","Novara","BlaBlaCar Bus","Timetable routing"
"Italy","Novara","FlixBus","Timetable routing"
"Italy","Novara","Soc. Marino Srl","Timetable routing"
"Italy","Novara","TRENITALIA","Timetable routing"
"Italy","Novara","Trenord","Timetable routing"
"Italy","Padua","ACTVs.p.a","Timetable routing"
"Italy","Padua","Busitalia Veneto","Estimated routing"
"Italy","Padua","DB Fernverkehr AG","Realtime routing"
"Italy","Padua","Deutsche Bahn AG","Timetable routing"
"Italy","Padua","Eurolines SA","Estimated routing"
"Italy","Padua","FlixBus","Timetable routing"
"Italy","Padua","Mobilità di Marca","Timetable routing"
"Italy","Padua","Schweizerische Bundesbahnen SBB","Realtime routing"
"Italy","Padua","Soc. Marino Srl","Timetable routing"
"Italy","Padua","Sonstige Verkehrsunternehmen","Timetable routing"
"Italy","Padua","TRENITALIA","Timetable routing"
"Italy","Padua","Trenitalia","Timetable routing"
"Italy","Padua","Trenitalia-TPER","Timetable routing"
"Italy","Palermo","AMAT Palermo S.p.A.","Estimated routing"
"Italy","Palermo","FlixBus","Timetable routing"
"Italy","Palermo","Grimaldi Group S.p.A","Timetable routing"
"Italy","Palermo","Prestia e Comandè","Estimated routing"
"Italy","Palermo","TRENITALIA","Timetable routing"
"Italy","Palestrina","Cotral","Timetable routing"
"Italy","Palombara Sabina","Cotral","Timetable routing"
"Italy","Pomezia","Atac","Realtime routing"
"Italy","Pomezia","Cotral","Timetable routing"
"Italy","Pomezia","TRENITALIA","Timetable routing"
"Italy","Pomezia","TROIANI","Realtime routing"
"Italy","Pordenone","ATAP S.P.A. Pordenone","Estimated routing"
"Italy","Pordenone","ATVO S.p.A.","Estimated routing"
"Italy","Pordenone","FlixBus","Timetable routing"
"Italy","Pordenone","Soc. Marino Srl","Timetable routing"
"Italy","Pordenone","TRENITALIA","Timetable routing"
"Italy","Pordenone","ÖBB","Realtime routing"
"Italy","Prato","Autolinee Toscane - ExtraUrbano Firenze","Timetable routing"
"Italy","Prato","Autolinee Toscane - ExtraUrbano Prato","Timetable routing"
"Italy","Prato","Autolinee Toscane - Linee Regionali","Timetable routing"
"Italy","Prato","Autolinee Toscane - Urbano Area Metropolitana Fiorentina","Timetable routing"
"Italy","Prato","Autolinee Toscane - Urbano Prato","Timetable routing"
"Italy","Prato","FlixBus","Timetable routing"
"Italy","Prato","Soc. Marino Srl","Timetable routing"
"Italy","Prato","TRENITALIA","Timetable routing"
"Italy","Prato","TRENITALIA S.p.A.","Timetable routing"
"Italy","Prato","Trenitalia-TPER","Timetable routing"
"Italy","Ravenna","FlixBus","Timetable routing"
"Italy","Ravenna","Soc. Marino Srl","Timetable routing"
"Italy","Ravenna","Start Romagna S.p.A.","Estimated routing"
"Italy","Ravenna","Start Romagna bacino di Ravenna","Estimated routing"
"Italy","Ravenna","TPER spa","Timetable routing"
"Italy","Ravenna","TRENITALIA","Timetable routing"
"Italy","Ravenna","TRENITALIA S.p.A.","Timetable routing"
"Italy","Ravenna","Trenitalia-TPER","Timetable routing"
"Italy","Reggio di Calabria","A.T.A.M - Azienda Trasporti per l'Area Metropolitana S.p.A.","Timetable routing"
"Italy","Reggio di Calabria","Autolinee Federico S.P.A.","Timetable routing"
"Italy","Reggio di Calabria","Autolinee Tripodi Cavalier Domenico S.R.L.","Timetable routing"
"Italy","Reggio di Calabria","Azienda Transporti per l'Area Metropolitana di Reggio Calabria","Estimated routing"
"Italy","Reggio di Calabria","Costa Viola Bus S.R.L.","Timetable routing"
"Italy","Reggio di Calabria","Ferrovie Della Calabria S.R.L.","Timetable routing"
"Italy","Reggio di Calabria","FlixBus","Timetable routing"
"Italy","Reggio di Calabria","Lirosi Autoservizi S.R.L.","Timetable routing"
"Italy","Reggio di Calabria","Mediterraneabus S.P.A.","Timetable routing"
"Italy","Reggio di Calabria","Nicola Brosio & F.lli s.r.l.","Timetable routing"
"Italy","Reggio di Calabria","S.C.A.R. S.R.L.","Timetable routing"
"Italy","Reggio di Calabria","TRENITALIA","Timetable routing"
"Italy","Rimini","FlixBus","Timetable routing"
"Italy","Rimini","Shuttle Rimini-San Marino","Timetable routing"
"Italy","Rimini","Soc. Marino Srl","Timetable routing"
"Italy","Rimini","Start Romagna S.p.A.","Estimated routing"
"Italy","Rimini","Start Romagna bacino di Rimini","Estimated routing"
"Italy","Rimini","TRENITALIA","Timetable routing"
"Italy","Rimini","TRENITALIA S.p.A.","Timetable routing"
"Italy","Rimini","Trenitalia-TPER","Timetable routing"
"Italy","Rome","ATR Mobility","Realtime routing"
"Italy","Rome","Atac","Realtime routing"
"Italy","Rome","Atral","Estimated routing"
"Italy","Rome","BIS","Realtime routing"
"Italy","Rome","BlaBlaCar Bus","Timetable routing"
"Italy","Rome","Cotral","Timetable routing"
"Italy","Rome","Cotral S.p.A.","Estimated routing"
"Italy","Rome","FlixBus","Timetable routing"
"Italy","Rome","OEBB Personenverkehr AG Kundenservice","Timetable routing"
"Italy","Rome","Soc. Marino Srl","Timetable routing"
"Italy","Rome","Sonstige Verkehrsunternehmen","Timetable routing"
"Italy","Rome","TRENITALIA","Timetable routing"
"Italy","Rome","TRENITALIA S.p.A.","Timetable routing"
"Italy","Rome","TROIANI","Realtime routing"
"Italy","Rome","TUSCIA","Realtime routing"
"Italy","Rome","Terravision","Estimated routing"
"Italy","Rome","ÖBB","Realtime routing"
"Italy","Trento","BlaBlaCar Bus","Timetable routing"
"Italy","Trento","DB Fernverkehr AG","Realtime routing"
"Italy","Trento","Deutsche Bahn AG","Timetable routing"
"Italy","Trento","FlixBus","Timetable routing"
"Italy","Trento","Soc. Marino Srl","Timetable routing"
"Italy","Trento","TRENITALIA","Timetable routing"
"Italy","Trento","Trenord","Timetable routing"
"Italy","Trento","Trentino trasporti S.p.A.","Timetable routing"
"Italy","Turin","BlaBlaCar Bus","Timetable routing"
"Italy","Turin","Eurolines SA","Estimated routing"
"Italy","Turin","FlixBus","Timetable routing"
"Italy","Turin","GTT Servizi Turistici","Realtime routing"
"Italy","Turin","GTT Servizio Extraurbano","Realtime routing"
"Italy","Turin","GTT Servizio Urbano","Realtime routing"
"Italy","Turin","SNCF VOYAGEURS","Realtime routing"
"Italy","Turin","Soc. Marino Srl","Timetable routing"
"Italy","Turin","Societa' Consortile Alessandrina Trasporti A Responsabilita' Limitata","Timetable routing"
"Italy","Turin","TRENITALIA","Timetable routing"
"Italy","Turin","Trenitalia-TPER","Timetable routing"
"Italy","Velletri","Cotral","Timetable routing"
"Italy","Velletri","TRENITALIA","Timetable routing"
"Italy","Verona","Azienda Trasporti Verona","Estimated routing"
"Italy","Verona","Azienda Trasporti Verona S.p.A.","Timetable routing"
"Italy","Verona","BlaBlaCar Bus","Timetable routing"
"Italy","Verona","DB Fernverkehr AG","Realtime routing"
"Italy","Verona","Deutsche Bahn AG","Timetable routing"
"Italy","Verona","Eurolines SA","Estimated routing"
"Italy","Verona","FlixBus","Timetable routing"
"Italy","Verona","Schweizerische Bundesbahnen SBB","Realtime routing"
"Italy","Verona","Soc. Marino Srl","Timetable routing"
"Italy","Verona","TRENITALIA","Timetable routing"
"Italy","Verona","Trenitalia-TPER","Timetable routing"
"Italy","Verona","Trenord","Timetable routing"
"Kazakhstan","Enbekshikazakhskiy rayon","Автобусный парк города Есик","Estimated routing"
"Kazakhstan","Enbekshikazakhskiy rayon","ТОО BUS Trade","Estimated routing"
"Kazakhstan","Enbekshikazakhskiy rayon","ТОО Беркут","Estimated routing"
"Kazakhstan","Enbekshikazakhskiy rayon","ТОО Шелек-Тулпар","Estimated routing"
"Kazakhstan","Enbekshikazakhskiy rayon","предприятие города Есик","Estimated routing"
"Kazakhstan","Iliyskiy rayon","ТОО Бату Тревел Компаниясы","Estimated routing"
"Kazakhstan","Iliyskiy rayon","ТОО Жедел","Estimated routing"
"Kazakhstan","Iliyskiy rayon","ТОО Капшагайский автобусный парк","Estimated routing"
"Kazakhstan","Iliyskiy rayon","ТОО Киикбай","Estimated routing"
"Kazakhstan","Iliyskiy rayon","ТОО ПК Туран-Экспресс","Estimated routing"
"Kazakhstan","Iliyskiy rayon","ТОО Самат-Транс","Estimated routing"
"Kazakhstan","Iliyskiy rayon","ТОО Самат-транс","Estimated routing"
"Kazakhstan","Iliyskiy rayon","ТОО Саяхат","Estimated routing"
"Kazakhstan","Karasayskiy rayon","Transit agency (Almaty)","Estimated routing"
"Kazakhstan","Karasayskiy rayon","Каскеленский автопарк","Estimated routing"
"Kazakhstan","Karasayskiy rayon","ТОО АлматыЭлектроТранс","Estimated routing"
"Kazakhstan","Karasayskiy rayon","ТОО Каскленский автопарк","Estimated routing"
"Kazakhstan","Kyzylzharskiy rayon","ИП Айдаков А.В","Estimated routing"
"Kazakhstan","Kyzylzharskiy rayon","ИП Айдаков А.В.","Estimated routing"
"Kazakhstan","Kyzylzharskiy rayon","ИП Завьялов Е.И.","Estimated routing"
"Kazakhstan","Kyzylzharskiy rayon","ИП Копылова А.А","Estimated routing"
"Kazakhstan","Kyzylzharskiy rayon","ИП Кусаинов Б.С","Estimated routing"
"Kazakhstan","Kyzylzharskiy rayon","ИП Кусаинов Б.С.","Estimated routing"
"Kazakhstan","Kyzylzharskiy rayon","ИП Рахимжанова Г.И","Estimated routing"
"Kazakhstan","Kyzylzharskiy rayon","ИП Семенова Г.П","Estimated routing"
"Kazakhstan","Kyzylzharskiy rayon","ИП Сухов В.Н","Estimated routing"
"Kazakhstan","Kyzylzharskiy rayon","ИП Сыздыков К.А","Estimated routing"
"Kazakhstan","Kyzylzharskiy rayon","КТЖ АО Пригородные перевозки (аренда ОАО РЖД)","Estimated routing"
"Kazakhstan","Kyzylzharskiy rayon","ТОО Kyzylzhar Buses","Estimated routing"
"Kazakhstan","Kyzylzharskiy rayon","ТОО Петропавловск-Nord","Estimated routing"
"Kazakhstan","Kyzylzharskiy rayon","ТОО СтепногорскАвтоТранс","Estimated routing"
"Kazakhstan","Kyzylzharskiy rayon","ТООВэлта","Estimated routing"
"Kazakhstan","Kyzylzharskiy rayon","ТООПартнер-Авто","Estimated routing"
"Kazakhstan","Kyzylzharskiy rayon","ТООПетропавловск-Nord","Estimated routing"
"Kazakhstan","Pavlodarskiy rayon","Transit agency (Mezhdurechensk)","Estimated routing"
"Kazakhstan","Pavlodarskiy rayon","Transit agency (Pavlodar)","Estimated routing"
"Kazakhstan","Pavlodarskiy rayon","АО Трамвайное управление города Павлодара","Estimated routing"
"Kazakhstan","Pavlodarskiy rayon","КТЖ - «Пригородные перевозки»","Estimated routing"
"Kazakhstan","Pavlodarskiy rayon","ТОО Павлодарский Автокомбинат","Estimated routing"
"Kazakhstan","Pavlodarskiy rayon","ТОО Пассажирский транспортный альянс","Estimated routing"
"Kazakhstan","Pavlodarskiy rayon","ТОО РАС","Estimated routing"
"Kazakhstan","Pavlodarskiy rayon","ТОО Рас","Estimated routing"
"Kazakhstan","Pavlodarskiy rayon","ТОО ТФ Таксомотор","Estimated routing"
"Kazakhstan","Pavlodarskiy rayon","ТООАвтобусный парк №1","Estimated routing"
"Kazakhstan","Saryagashskiy rayon","Transit agency (Saryagash)","Estimated routing"
"Kazakhstan","Talgarskiy rayon","ТОО АлматыЭлектроТранс","Estimated routing"
"Kazakhstan","Talgarskiy rayon","ТОО Думан Транс","Estimated routing"
"Kazakhstan","Talgarskiy rayon","ТОО Думан транс","Estimated routing"
"Kazakhstan","Talgarskiy rayon","ТОО ДуманТранс","Estimated routing"
"Kazakhstan","Talgarskiy rayon","ТОО Талгарский автопарк","Estimated routing"
"Kazakhstan","Talgarskiy rayon","ТОО Тулпар-экспресс","Estimated routing"
"Kazakhstan","Talgarskiy rayon","ТОО Шелек-Тулпар","Estimated routing"
"Kazakhstan","Talgarskiy rayon","Талгарский автопарк","Estimated routing"
"Kyrgyzstan","Bishkek","Transit agency (Bishkek)","Estimated routing"
"Kyrgyzstan","Bishkek","БП «Бишкекское троллейбусное управление»","Estimated routing"
"Kyrgyzstan","Bishkek","КТЖ","Estimated routing"
"Kyrgyzstan","Bishkek","Кыргыз Темир Жолу","Estimated routing"
"Kyrgyzstan","Bishkek","МП «Бишкекское троллейбусное управление»","Estimated routing"
"Kyrgyzstan","Bishkek","МУП «Бишкекское троллейбусное управление»","Estimated routing"
"Kyrgyzstan","Bishkek","ОсОО «Бишкекское пассажирское автотранспортное предприятие»","Estimated routing"
"Kyrgyzstan","Bishkek","ОсОО «Лига»","Estimated routing"
"Kyrgyzstan","Bishkek","ОсОО «Шыдыр Жол Кей Джи»","Estimated routing"
"Kyrgyzstan","Bishkek","ОсОО «Шыдыр Жол Кей Джи» (Специальный маршрут для рынка «Дордой)","Estimated routing"
"Kyrgyzstan","Bishkek","ОсОО «ЭКО Пассажирские Перевозки»","Estimated routing"
"Kyrgyzstan","Bishkek","ОсОО «ЭКО Пассажирские перевозки»","Estimated routing"
"Latvia","Daugavpils","AS CATA","Estimated routing"
"Latvia","Daugavpils","AS Daugavpils satiksme","Estimated routing"
"Latvia","Daugavpils","AS Pasažieru vilciens","Estimated routing"
"Latvia","Daugavpils","SIA Dagavpils autobusu parks","Estimated routing"
"Latvia","Daugavpils","SIA Daugavpils autobusu parks","Estimated routing"
"Latvia","Daugavpils","SIA Daugavpils autobusu parks AS Lux Express Estonia","Estimated routing"
"Latvia","Daugavpils","SIA Daugavpils autobusu parks SIA NORMA-A","Estimated routing"
"Latvia","Daugavpils","SIA Daugavpils autobusu parks SIA Norma-A (Eclines)","Estimated routing"
"Latvia","Daugavpils","SIA Daugavpils autobusu parks SIA Norma-A (Ecolines)","Estimated routing"
"Latvia","Daugavpils","SIA Dautrans","Estimated routing"
"Latvia","Daugavpils","SIA Jēkabpils autobusu parks","Estimated routing"
"Latvia","Riga","AS ''Liepājas autobusu parks","Estimated routing"
"Latvia","Riga","AS ''Tallink Grupp''","Estimated routing"
"Latvia","Riga","AS :Liepājas autobusu parks","Estimated routing"
"Latvia","Riga","AS CATA","Estimated routing"
"Latvia","Riga","AS CATA AS Nordeka","Estimated routing"
"Latvia","Riga","AS Liepājas autobusu parks","Estimated routing"
"Latvia","Riga","AS Liepājas autobusu parks SIA Latvijas Sabiedriskais Autobuss","Estimated routing"
"Latvia","Riga","AS Liepājas autobusu parks SIA Norma-A (Ecolines)","Estimated routing"
"Latvia","Riga","AS Lux Express Estonia","Timetable routing"
"Latvia","Riga","AS Nordeka","Estimated routing"
"Latvia","Riga","AS Nordeka SIA Aips","Estimated routing"
"Latvia","Riga","AS Pasažieru vilciems","Estimated routing"
"Latvia","Riga","AS Pasažieru vilciens","Estimated routing"
"Latvia","Riga","AS Tallink Grupp","Estimated routing"
"Latvia","Riga","AS Talsu autotransports","Estimated routing"
"Latvia","Riga","AS Talsu autotrnsports","Estimated routing"
"Latvia","Riga","As Nordeka","Estimated routing"
"Latvia","Riga","ECOLINES","Estimated routing"
"Latvia","Riga","Ecolines Estonia OU","Estimated routing"
"Latvia","Riga","FlixBus","Timetable routing"
"Latvia","Riga","Lux Express Estonia AS","Estimated routing"
"Latvia","Riga","Norma A SIA","Estimated routing"
"Latvia","Riga","Norma-A SIA","Timetable routing"
"Latvia","Riga","Olego transportas UAB/OLLEX (buss Ollex)","Estimated routing"
"Latvia","Riga","PS Rīgas mikroautobusu satiksme","Estimated routing"
"Latvia","Riga","River Cruise Latvia","Estimated routing"
"Latvia","Riga","Rīgas satiksme","Timetable routing"
"Latvia","Riga","SIA CITRONS MEDIA","Estimated routing"
"Latvia","Riga","SIA Daugavpils autobusu parks","Estimated routing"
"Latvia","Riga","SIA Daugavpils autobusu parks AS Lux Express Estonia","Estimated routing"
"Latvia","Riga","SIA Dobeles autobusu parks","Estimated routing"
"Latvia","Riga","SIA Galss buss","Estimated routing"
"Latvia","Riga","SIA Jēkabpils autobusu parks","Estimated routing"
"Latvia","Riga","SIA LATLINES","Estimated routing"
"Latvia","Riga","SIA Latvijas Sabiedriskais Autobuss","Estimated routing"
"Latvia","Riga","SIA Norma A (Ecolines)","Estimated routing"
"Latvia","Riga","SIA Norma-A","Estimated routing"
"Latvia","Riga","SIA Norma-A (Ecolines)","Estimated routing"
"Latvia","Riga","SIA Norma-A (Ecolines) PSIA Ventspils reiss","Estimated routing"
"Latvia","Riga","SIA Rigabycanal","Estimated routing"
"Latvia","Riga","SIA Sabiedriskais autobuss","Estimated routing"
"Latvia","Riga","SIA VTU Valmiera","Estimated routing"
"Latvia","Riga","SIA VTU Valmiera SIA Norma-A (Ecolines)","Estimated routing"
"Lithuania","Kaunas","Akcinė bendrovė ""Lietuvos geležinkeliai""","Estimated routing"
"Lithuania","Kaunas","Birštono sav.","Timetable routing"
"Lithuania","Kaunas","ECOLINES","Estimated routing"
"Lithuania","Kaunas","Ecolines Estonia OU","Estimated routing"
"Lithuania","Kaunas","FlixBus","Timetable routing"
"Lithuania","Kaunas","Jonavos r. sav.","Timetable routing"
"Lithuania","Kaunas","Kauno m. sav.","Timetable routing"
"Lithuania","Kaunas","Kauno miesto savivaldybės administracija","Timetable routing"
"Lithuania","Kaunas","Lietuvos transporto saugos administracija","Timetable routing"
"Lithuania","Kaunas","Palangos m. sav.","Timetable routing"
"Lithuania","Kaunas","SIA LATLINES","Estimated routing"
"Lithuania","Kaunas","ГП Минсктранс","Estimated routing"
"Lithuania","Klaipeda","Akcinė bendrovė ""Lietuvos geležinkeliai""","Estimated routing"
"Lithuania","Klaipeda","Akcinė bendrovė ""SMILTYNĖS PERKĖLA""","Timetable routing"
"Lithuania","Klaipeda","Klaipėdos m. sav.","Timetable routing"
"Lithuania","Klaipeda","Kretingos r. sav.","Timetable routing"
"Lithuania","Klaipeda","Lietuvos transporto saugos administracija","Timetable routing"
"Lithuania","Klaipeda","Olego transportas UAB/OLLEX (buss Ollex)","Estimated routing"
"Lithuania","Klaipeda","Palangos m. sav.","Timetable routing"
"Lithuania","Klaipeda","Šilutės r. sav.","Timetable routing"
"Lithuania","Panevzys","AS Lux Express Estonia","Timetable routing"
"Lithuania","Panevzys","Akcinė bendrovė ""Lietuvos geležinkeliai""","Estimated routing"
"Lithuania","Panevzys","Anykščių r. sav.","Timetable routing"
"Lithuania","Panevzys","Biržų r. sav.","Timetable routing"
"Lithuania","Panevzys","Ecolines Estonia OU","Estimated routing"
"Lithuania","Panevzys","FlixBus","Timetable routing"
"Lithuania","Panevzys","Kupiškio r. sav.","Timetable routing"
"Lithuania","Panevzys","Lietuvos transporto saugos administracija","Timetable routing"
"Lithuania","Panevzys","Palangos m. sav.","Timetable routing"
"Lithuania","Panevzys","Panevėžio m. sav.","Timetable routing"
"Lithuania","Panevzys","SIA LATLINES","Estimated routing"
"Lithuania","Siauliai","Akcinė bendrovė ""Lietuvos geležinkeliai""","Estimated routing"
"Lithuania","Siauliai","Akmenės r. sav.","Timetable routing"
"Lithuania","Siauliai","FlixBus","Timetable routing"
"Lithuania","Siauliai","Kelmės r. sav.","Timetable routing"
"Lithuania","Siauliai","Lietuvos transporto saugos administracija","Timetable routing"
"Lithuania","Siauliai","Norma-A SIA","Estimated routing"
"Lithuania","Siauliai","Olego transportas UAB/OLLEX (buss Ollex)","Estimated routing"
"Lithuania","Siauliai","Pakruojo r. sav.","Timetable routing"
"Lithuania","Siauliai","Palangos m. sav.","Timetable routing"
"Lithuania","Siauliai","Radviliškio r. sav.","Timetable routing"
"Lithuania","Siauliai","SIA LATLINES","Estimated routing"
"Lithuania","Siauliai","Uždaroji akcinė bendrovė Kuršėnų autobusų parkas","Timetable routing"
"Lithuania","Siauliai","Šiaulių m. sav.","Timetable routing"
"Lithuania","Siauliai","Šiaulių r. sav.","Timetable routing"
"Lithuania","Vilnius","AS Lux Express Estonia","Timetable routing"
"Lithuania","Vilnius","Akcinė bendrovė ""Lietuvos geležinkeliai""","Estimated routing"
"Lithuania","Vilnius","ECOLINES","Estimated routing"
"Lithuania","Vilnius","Ecolines Estonia OU","Estimated routing"
"Lithuania","Vilnius","FlixBus","Timetable routing"
"Lithuania","Vilnius","Lietuvos nacionalinis muziejus","Estimated routing"
"Lithuania","Vilnius","Lietuvos transporto saugos administracija","Timetable routing"
"Lithuania","Vilnius","Lux Express Estonia AS","Estimated routing"
"Lithuania","Vilnius","Palangos m. sav.","Timetable routing"
"Lithuania","Vilnius","SIA LATLINES","Estimated routing"
"Lithuania","Vilnius","SIA Norma-A","Estimated routing"
"Lithuania","Vilnius","Trakų r. sav.","Timetable routing"
"Lithuania","Vilnius","Uždaroji akcinė bendrovė Širvintų autobusų parkas","Timetable routing"
"Lithuania","Vilnius","Vilniaus m. sav.","Timetable routing"
"Lithuania","Vilnius","Vilniaus r. sav.","Timetable routing"
"Lithuania","Vilnius","Šalčininkų r. sav.","Timetable routing"
"Lithuania","Vilnius","Švenčionių r. sav.","Timetable routing"
"Lithuania","Vilnius","ГП Минсктранс","Estimated routing"
"Lithuania","Vilnius","ГП Минсктранс ЗАО ТОКS","Estimated routing"
"Luxembourg","Luxembourg","BlaBlaCar Bus","Timetable routing"
"Luxembourg","Luxembourg","CFL","Realtime routing"
"Luxembourg","Luxembourg","Chemins de Fer Luxembourgeois","Realtime routing"
"Luxembourg","Luxembourg","Eurolines SA","Estimated routing"
"Luxembourg","Luxembourg","FlixBus","Timetable routing"
"Luxembourg","Luxembourg","Luxtram","Realtime routing"
"Luxembourg","Luxembourg","NMBS/SNCB","Realtime routing"
"Luxembourg","Luxembourg","Régime Général des Transports Routiers","Realtime routing"
"Luxembourg","Luxembourg","SNCF VOYAGEURS","Realtime routing"
"Luxembourg","Luxembourg","Société Nationale des Chemins de Fer Luxembourgeois","Realtime routing"
"Luxembourg","Luxembourg","Stadtwerke Trier","Realtime routing"
"Luxembourg","Luxembourg","SÜWEX","Realtime routing"
"Luxembourg","Luxembourg","TEC Namur - Luxembourg","Realtime routing"
"Luxembourg","Luxembourg","Ville de Luxembourg - Service Autobus","Realtime routing"
"Malaysia","George Town","Rapid Penang","Estimated routing"
"Malaysia","Kuala Lumpur","GoKL","Estimated routing"
"Malaysia","Kuala Lumpur","KLIA ekspres","Estimated routing"
"Malaysia","Kuala Lumpur","KTMB","Estimated routing"
"Malaysia","Kuala Lumpur","Keretapi Tanah Melayu Berhad","Estimated routing"
"Malaysia","Kuala Lumpur","Rangkaian Pengangkutan Integrasi Deras","Estimated routing"
"Malaysia","Kuala Lumpur","Rapid KL","Realtime routing"
"Mexico","Guadalajara","Mi Macro","Estimated routing"
"Mexico","Guadalajara","Mi Transporte","Estimated routing"
"Mexico","Guadalajara","Mi Transporte Eléctrico","Estimated routing"
"Mexico","Guadalajara","Mi Tren","Estimated routing"
"Mexico","Guadalajara","SiTren","Estimated routing"
"Mexico","Guadalajara","Sistema de Tren Eléctrico Urbano Guadalajara","Estimated routing"
"Mexico","Mexico City","Corredores Concesionados","Timetable routing"
"Mexico","Mexico City","Ferrocarriles Suburbanos","Timetable routing"
"Mexico","Mexico City","Metrobus","Realtime routing"
"Mexico","Mexico City","Red de Transporte de Pasajeros","Timetable routing"
"Mexico","Mexico City","Sistema de Transporte Colectivo Metro","Timetable routing"
"Mexico","Mexico City","Trolebús","Timetable routing"
"Mexico","Tlalnepantla de Baz","Corredores Concesionados","Timetable routing"
"Mexico","Tlalnepantla de Baz","Ferrocarriles Suburbanos","Timetable routing"
"Mexico","Tlalnepantla de Baz","Red de Transporte de Pasajeros","Timetable routing"
"Mexico","Tlaquepaque","Mi Macro","Estimated routing"
"Mexico","Tlaquepaque","Mi Transporte","Estimated routing"
"Mexico","Tlaquepaque","Mi Tren","Estimated routing"
"Mexico","Tlaquepaque","Sistema de Tren Eléctrico Urbano Guadalajara","Estimated routing"
"Mexico","Tonalá","Mi Macro","Estimated routing"
"Mexico","Tonalá","Mi Transporte","Estimated routing"
"Mexico","Tonalá","Mi Transporte Eléctrico","Estimated routing"
"Mexico","Tonalá","SiTren","Estimated routing"
"Moldova","Balti","Calea Ferată din Moldova","Estimated routing"
"Moldova","Balti","Cernov-TVIC","Estimated routing"
"Moldova","Balti","Lursenia-Trans","Estimated routing"
"Moldova","Balti","Transit agency (Beltsy)","Estimated routing"
"Moldova","Balti","Vanfoltur","Estimated routing"
"Moldova","Balti","lursenia-Trans","Estimated routing"
"Moldova","Balti","Бельцкий ГорЭлектроТранс","Estimated routing"
"Moldova","Balti","МП Троллейбусное управление","Estimated routing"
"Moldova","Balti","Перевозчик города Бельцы","Estimated routing"
"Moldova","Kishinev","Calea Ferată din Moldova","Estimated routing"
"Moldova","Kishinev","FlixBus","Timetable routing"
"Moldova","Kishinev","Parcul Urban De Autobuze Chisinau","Estimated routing"
"Moldova","Kishinev","RTEC (Троллейбусное депо №1 и №2)","Estimated routing"
"Moldova","Kishinev","RTEC (Троллейбусное депо №2)","Estimated routing"
"Moldova","Kishinev","RteC","Estimated routing"
"Moldova","Kishinev","RteC троллейбусное депо 1","Estimated routing"
"Moldova","Kishinev","RteC(Троллейбусное депо 3 )","Estimated routing"
"Moldova","Kishinev","Transit agency (Chisinau)","Estimated routing"
"Moldova","Kishinev","ГУП RteC","Estimated routing"
"Moldova","Kishinev","Городской автобусный парк","Estimated routing"
"Moldova","Kishinev","МП Городской автобусный парк","Estimated routing"
"Moldova","Kishinev","ООО Белгородский автовокзал","Estimated routing"
"Monaco","Monaco","CAM","Estimated routing"
"Monaco","Monaco","Compagnie des Autobus de Monaco","Realtime routing"
"Monaco","Monaco","ZOU ! Express","Realtime routing"
"Monaco","Monaco","ZOU ! Proximité","Realtime routing"
"Monaco","Monaco","Zest","Realtime routing"
"Monaco","Monaco-Ville","CAM","Estimated routing"
"Monaco","Monaco-Ville","Compagnie des Autobus de Monaco","Realtime routing"
"Monaco","Monaco-Ville","OCEdefault","Realtime routing"
"Monaco","Monaco-Ville","SNCF Voyageurs SA","Realtime routing"
"Monaco","Monaco-Ville","ZOU ! Express","Realtime routing"
"Monaco","Monaco-Ville","ZOU ! Proximité","Realtime routing"
"Monaco","Monaco-Ville","Zest","Realtime routing"
"Netherlands","'s-Hertogenbosch","Arriva","Realtime routing"
"Netherlands","'s-Hertogenbosch","Bravo (Arriva)","Realtime routing"
"Netherlands","'s-Hertogenbosch","DB Fernverkehr AG","Realtime routing"
"Netherlands","'s-Hertogenbosch","FlixBus","Timetable routing"
"Netherlands","'s-Hertogenbosch","NS","Realtime routing"
"Netherlands","'s-Hertogenbosch","NS Int","Realtime routing"
"Netherlands","'s-Hertogenbosch","Nachtzug","Realtime routing"
"Netherlands","'s-Hertogenbosch","Nederlandse Spoorwegen","Realtime routing"
"Netherlands","'s-Hertogenbosch","RRReis","Realtime routing"
"Netherlands","Amersfoort","Arriva","Realtime routing"
"Netherlands","Amersfoort","Keolis","Realtime routing"
"Netherlands","Amersfoort","NS","Realtime routing"
"Netherlands","Amersfoort","NS Int","Realtime routing"
"Netherlands","Amersfoort","Nederlandse Spoorwegen","Realtime routing"
"Netherlands","Amersfoort","RRReis","Realtime routing"
"Netherlands","Amersfoort","RRReis Keolis","Realtime routing"
"Netherlands","Amersfoort","U-OV","Realtime routing"
"Netherlands","Amersfoort","ÖBB","Realtime routing"
"Netherlands","Amsterdam","Arriva","Realtime routing"
"Netherlands","Amsterdam","BlaBlaCar Bus","Timetable routing"
"Netherlands","Amsterdam","Connexxion","Realtime routing"
"Netherlands","Amsterdam","DB Fernverkehr (Codesharing)","Realtime routing"
"Netherlands","Amsterdam","DB Fernverkehr AG","Realtime routing"
"Netherlands","Amsterdam","Eurolines SA","Estimated routing"
"Netherlands","Amsterdam","Eurostar","Realtime routing"
"Netherlands","Amsterdam","FlixBus","Realtime routing"
"Netherlands","Amsterdam","GVB","Realtime routing"
"Netherlands","Amsterdam","Keolis","Realtime routing"
"Netherlands","Amsterdam","MeerPlus","Realtime routing"
"Netherlands","Amsterdam","NS","Realtime routing"
"Netherlands","Amsterdam","NS Int","Realtime routing"
"Netherlands","Amsterdam","Nachtzug","Realtime routing"
"Netherlands","Amsterdam","Nederlandse Spoorwegen","Realtime routing"
"Netherlands","Amsterdam","Schweizerische Bundesbahnen SBB","Realtime routing"
"Netherlands","Amsterdam","Transdev","Realtime routing"
"Netherlands","Amsterdam","U-OV","Realtime routing"
"Netherlands","Amsterdam","allGo (Keolis)","Realtime routing"
"Netherlands","Amsterdam","ÖBB","Realtime routing"
"Netherlands","Apeldoorn","FlixBus","Timetable routing"
"Netherlands","Apeldoorn","NS","Realtime routing"
"Netherlands","Apeldoorn","NS Int","Realtime routing"
"Netherlands","Apeldoorn","Nederlandse Spoorwegen","Realtime routing"
"Netherlands","Apeldoorn","RRReis","Realtime routing"
"Netherlands","Apeldoorn","RRReis Arriva","Realtime routing"
"Netherlands","Arnhem","Breng","Realtime routing"
"Netherlands","Arnhem","DB Fernverkehr (Codesharing)","Realtime routing"
"Netherlands","Arnhem","DB Fernverkehr AG","Realtime routing"
"Netherlands","Arnhem","Eurolines SA","Estimated routing"
"Netherlands","Arnhem","FlixBus","Timetable routing"
"Netherlands","Arnhem","NS","Realtime routing"
"Netherlands","Arnhem","NS Int","Realtime routing"
"Netherlands","Arnhem","Nederlandse Spoorwegen","Realtime routing"
"Netherlands","Arnhem","RRReis","Realtime routing"
"Netherlands","Arnhem","RRReis Arriva","Realtime routing"
"Netherlands","Arnhem","VIAS","Realtime routing"
"Netherlands","Arnhem","VIAS Rail GmbH","Realtime routing"
"Netherlands","Arnhem","ÖBB","Realtime routing"
"Netherlands","Breda","Arriva","Realtime routing"
"Netherlands","Breda","BlaBlaCar Bus","Timetable routing"
"Netherlands","Breda","Bravo (Arriva)","Realtime routing"
"Netherlands","Breda","Eurolines SA","Estimated routing"
"Netherlands","Breda","FlixBus","Timetable routing"
"Netherlands","Breda","NMBS/SNCB","Realtime routing"
"Netherlands","Breda","NS","Realtime routing"
"Netherlands","Breda","NS Int","Realtime routing"
"Netherlands","Dordrecht","NS","Realtime routing"
"Netherlands","Dordrecht","Qbuzz","Realtime routing"
"Netherlands","Dordrecht","R-net Qbuzz","Realtime routing"
"Netherlands","Dordrecht","RET","Realtime routing"
"Netherlands","Dordrecht","Transdev","Realtime routing"
"Netherlands","Ede","NS","Realtime routing"
"Netherlands","Ede","RRReis","Realtime routing"
"Netherlands","Ede","RRReis Keolis","Realtime routing"
"Netherlands","Ede","U-OV","Realtime routing"
"Netherlands","Eindhoven","Arriva","Realtime routing"
"Netherlands","Eindhoven","BlaBlaCar Bus","Timetable routing"
"Netherlands","Eindhoven","Bravo","Realtime routing"
"Netherlands","Eindhoven","Bravo (Arriva)","Realtime routing"
"Netherlands","Eindhoven","Bravo (Hermes)","Realtime routing"
"Netherlands","Eindhoven","DB Fernverkehr (Codesharing)","Realtime routing"
"Netherlands","Eindhoven","Eurolines SA","Estimated routing"
"Netherlands","Eindhoven","FlixBus","Realtime routing"
"Netherlands","Eindhoven","NS","Realtime routing"
"Netherlands","Eindhoven","NS Int","Realtime routing"
"Netherlands","Eindhoven","Nachtzug","Realtime routing"
"Netherlands","Eindhoven","Schweizerische Bundesbahnen SBB","Realtime routing"
"Netherlands","Eindhoven","ÖBB","Realtime routing"
"Netherlands","Emmen","Blauwnet Arriva","Realtime routing"
"Netherlands","Emmen","Qbuzz","Realtime routing"
"Netherlands","Enschede","Blauwnet Keolis","Realtime routing"
"Netherlands","Enschede","DB Regio AG NRW","Realtime routing"
"Netherlands","Enschede","Eurolines SA","Estimated routing"
"Netherlands","Enschede","FlixBus","Timetable routing"
"Netherlands","Enschede","NS","Realtime routing"
"Netherlands","Enschede","RRReis","Realtime routing"
"Netherlands","Enschede","VGM/VRL","Realtime routing"
"Netherlands","Groningen","Arriva","Realtime routing"
"Netherlands","Groningen","BlaBlaCar Bus","Timetable routing"
"Netherlands","Groningen","FlixBus","Timetable routing"
"Netherlands","Groningen","NS","Realtime routing"
"Netherlands","Groningen","Qbuzz","Realtime routing"
"Netherlands","Haarlem","Connexxion","Realtime routing"
"Netherlands","Haarlem","NS","Realtime routing"
"Netherlands","Haarlem","Qbuzz","Realtime routing"
"Netherlands","Haarlemmermeer","Arriva","Realtime routing"
"Netherlands","Haarlemmermeer","BlaBlaCar Bus","Timetable routing"
"Netherlands","Haarlemmermeer","Connexxion","Realtime routing"
"Netherlands","Haarlemmermeer","Eurostar","Realtime routing"
"Netherlands","Haarlemmermeer","FlixBus","Timetable routing"
"Netherlands","Haarlemmermeer","GVB","Realtime routing"
"Netherlands","Haarlemmermeer","NS","Realtime routing"
"Netherlands","Haarlemmermeer","NS Int","Realtime routing"
"Netherlands","Haarlemmermeer","Qbuzz","Realtime routing"
"Netherlands","Leiden","EBS","Realtime routing"
"Netherlands","Leiden","NS","Realtime routing"
"Netherlands","Leiden","Qbuzz","Realtime routing"
"Netherlands","Leiden","ZTM","Realtime routing"
"Netherlands","Maastricht","Arriva","Realtime routing"
"Netherlands","Maastricht","Arriva NL","Realtime routing"
"Netherlands","Maastricht","BlaBlaCar Bus","Timetable routing"
"Netherlands","Maastricht","DB Regio AG NRW","Realtime routing"
"Netherlands","Maastricht","De Lijn","Realtime routing"
"Netherlands","Maastricht","Eurolines SA","Estimated routing"
"Netherlands","Maastricht","FlixBus","Timetable routing"
"Netherlands","Maastricht","NMBS/SNCB","Realtime routing"
"Netherlands","Maastricht","NS","Realtime routing"
"Netherlands","Maastricht","TEC Liège - Verviers","Realtime routing"
"Netherlands","Nijmegen","Arriva","Realtime routing"
"Netherlands","Nijmegen","BVR Busverkehr Rheinland GmbH","Realtime routing"
"Netherlands","Nijmegen","Bravo (Arriva)","Realtime routing"
"Netherlands","Nijmegen","Breng","Realtime routing"
"Netherlands","Nijmegen","FlixBus","Timetable routing"
"Netherlands","Nijmegen","NS","Realtime routing"
"Netherlands","Nijmegen","Niederrheinische Verkehrsbetriebe AG","Realtime routing"
"Netherlands","Nijmegen","RRReis","Realtime routing"
"Netherlands","Rotterdam","BlaBlaCar Bus","Timetable routing"
"Netherlands","Rotterdam","Bravo (Arriva)","Realtime routing"
"Netherlands","Rotterdam","Connexxion","Realtime routing"
"Netherlands","Rotterdam","EBS","Realtime routing"
"Netherlands","Rotterdam","Eurolines SA","Estimated routing"
"Netherlands","Rotterdam","Eurostar","Realtime routing"
"Netherlands","Rotterdam","FlixBus","Realtime routing"
"Netherlands","Rotterdam","NMBS/SNCB","Realtime routing"
"Netherlands","Rotterdam","NS","Realtime routing"
"Netherlands","Rotterdam","NS Int","Realtime routing"
"Netherlands","Rotterdam","Qbuzz","Realtime routing"
"Netherlands","Rotterdam","RET","Realtime routing"
"Netherlands","Rotterdam","Transdev","Realtime routing"
"Netherlands","Rotterdam","U-OV","Realtime routing"
"Netherlands","Rotterdam","WaterShuttle","Realtime routing"
"Netherlands","Rotterdam","Waterbus","Realtime routing"
"Netherlands","The Hague","BlaBlaCar Bus","Timetable routing"
"Netherlands","The Hague","EBS","Realtime routing"
"Netherlands","The Hague","Eurolines SA","Estimated routing"
"Netherlands","The Hague","FlixBus","Realtime routing"
"Netherlands","The Hague","HTM","Realtime routing"
"Netherlands","The Hague","NS","Realtime routing"
"Netherlands","The Hague","Qbuzz","Realtime routing"
"Netherlands","The Hague","RET","Realtime routing"
"Netherlands","Tilburg","Bravo (Arriva)","Realtime routing"
"Netherlands","Tilburg","De Lijn","Realtime routing"
"Netherlands","Tilburg","Eurolines SA","Estimated routing"
"Netherlands","Tilburg","FlixBus","Timetable routing"
"Netherlands","Tilburg","NS","Realtime routing"
"Netherlands","Utrecht","Arriva","Realtime routing"
"Netherlands","Utrecht","BlaBlaCar Bus","Timetable routing"
"Netherlands","Utrecht","Bravo (Arriva)","Realtime routing"
"Netherlands","Utrecht","DB Fernverkehr (Codesharing)","Realtime routing"
"Netherlands","Utrecht","Eurolines SA","Estimated routing"
"Netherlands","Utrecht","FlixBus","Timetable routing"
"Netherlands","Utrecht","NS","Realtime routing"
"Netherlands","Utrecht","NS Int","Realtime routing"
"Netherlands","Utrecht","Nachtzug","Realtime routing"
"Netherlands","Utrecht","Nederlandse Spoorwegen","Realtime routing"
"Netherlands","Utrecht","Qbuzz","Realtime routing"
"Netherlands","Utrecht","Transdev","Realtime routing"
"Netherlands","Utrecht","U-OV","Realtime routing"
"Netherlands","Utrecht","ÖBB","Realtime routing"
"Netherlands","Venlo","Arriva","Realtime routing"
"Netherlands","Venlo","Breng","Realtime routing"
"Netherlands","Venlo","DB Fernverkehr AG","Realtime routing"
"Netherlands","Venlo","Eurobahn","Realtime routing"
"Netherlands","Venlo","FlixBus","Timetable routing"
"Netherlands","Venlo","NS","Realtime routing"
"Netherlands","Venlo","NS Int","Realtime routing"
"Netherlands","Venlo","Nachtzug","Realtime routing"
"Netherlands","Venlo","Nederlandse Spoorwegen","Realtime routing"
"Netherlands","Venlo","Niederrheinische Verkehrsbetriebe AG","Realtime routing"
"Netherlands","Venlo","TCS Ersatzverkehr","Realtime routing"
"Netherlands","Venlo","eurobahn","Realtime routing"
"Netherlands","Zaanstad","GVB","Realtime routing"
"Netherlands","Zaanstad","MeerPlus","Realtime routing"
"Netherlands","Zaanstad","NS","Realtime routing"
"Netherlands","Zoetermeer","EBS","Realtime routing"
"Netherlands","Zoetermeer","HTM","Realtime routing"
"Netherlands","Zoetermeer","NS","Realtime routing"
"Netherlands","Zoetermeer","Qbuzz","Realtime routing"
"Netherlands","Zoetermeer","RET","Realtime routing"
"Netherlands","Zoetermeer","ZTM","Realtime routing"
"Netherlands","Zwolle","Arriva","Realtime routing"
"Netherlands","Zwolle","Blauwnet Arriva","Realtime routing"
"Netherlands","Zwolle","Blauwnet Keolis","Realtime routing"
"Netherlands","Zwolle","NS","Realtime routing"
"Netherlands","Zwolle","RRReis","Realtime routing"
"New Caledonia","Noumea","Carsud","Timetable routing"
"New Caledonia","Noumea","Néobus","Timetable routing"
"New Caledonia","Noumea","Tanéo lot 2","Timetable routing"
"New Zealand","Tauranga","Baybus","Timetable routing"
"Northern Ireland","Belfast","Aircoach","Realtime routing"
"Northern Ireland","Belfast","Dublin Express","Realtime routing"
"Northern Ireland","Belfast","Goldline Express","Realtime routing"
"Northern Ireland","Belfast","Iarnród Éireann / Irish Rail","Realtime routing"
"Northern Ireland","Belfast","Translink - Glider","Realtime routing"
"Northern Ireland","Belfast","Translink Metro","Realtime routing"
"Northern Ireland","Belfast","Translink Northern Ireland Rail","Realtime routing"
"Northern Ireland","Belfast","Ulsterbus","Realtime routing"
"Northern Ireland","Belfast","Ulsterbus Town Service","Realtime routing"
"Norway","Bergen","Beffen","Realtime routing"
"Norway","Bergen","FlixBus","Timetable routing"
"Norway","Bergen","Havila","Realtime routing"
"Norway","Bergen","Hurtigruten","Realtime routing"
"Norway","Bergen","NOR-WAY Bussekspress","Realtime routing"
"Norway","Bergen","Norled","Realtime routing"
"Norway","Bergen","Skyss","Realtime routing"
"Norway","Bergen","Tide AS","Realtime routing"
"Norway","Bergen","Ulriken","Realtime routing"
"Norway","Bergen","Vy","Realtime routing"
"Norway","Bergen","Vy Buss","Realtime routing"
"Norway","Stavanger","Boreal Norge","Realtime routing"
"Norway","Stavanger","FlixBus","Timetable routing"
"Norway","Stavanger","Go-Ahead Norge AS","Realtime routing"
"Norway","Stavanger","Kolumbus","Realtime routing"
"Norway","Stavanger","NOR-WAY Bussekspress","Realtime routing"
"Norway","Stavanger","Vy Buss","Realtime routing"
"Norway","Tromso","Best Arctic Group","Realtime routing"
"Norway","Tromso","Bussring","Realtime routing"
"Norway","Tromso","Havila","Realtime routing"
"Norway","Tromso","Hurtigruten","Realtime routing"
"Norway","Tromso","Svipper","Realtime routing"
"Norway","Trondheim","AtB","Realtime routing"
"Norway","Trondheim","FRAM","Realtime routing"
"Norway","Trondheim","Havila","Realtime routing"
"Norway","Trondheim","Hurtigruten","Realtime routing"
"Norway","Trondheim","Innlandstrafikk","Realtime routing"
"Norway","Trondheim","SJ Nord","Realtime routing"
"Norway","Trondheim","Unibuss","Realtime routing"
"Norway","Trondheim","Vy Buss","Realtime routing"
"Peru","La Victoria","AATE","Estimated routing"
"Peru","San Borja","AATE","Estimated routing"
"Philippines","Bacoor","LTFRB","Estimated routing"
"Philippines","Bocaue","LTFRB","Estimated routing"
"Philippines","Cainta","LTFRB","Estimated routing"
"Philippines","Cainta","Manila Light Rail Transit Authority","Estimated routing"
"Philippines","Caloocan City","LTFRB","Estimated routing"
"Philippines","Caloocan City","Manila Light Rail Transit Authority","Estimated routing"
"Philippines","Caloocan City North","LTFRB","Estimated routing"
"Philippines","Dasmariñas","LTFRB","Estimated routing"
"Philippines","General Mariano Alvarez","LTFRB","Estimated routing"
"Philippines","Las Piñas","LTFRB","Estimated routing"
"Philippines","Makati","LTFRB","Estimated routing"
"Philippines","Makati","Manila Metro Rail Transit Corporation","Estimated routing"
"Philippines","Makati","Pasig River Ferry","Estimated routing"
"Philippines","Makati","Philippine National Railways","Estimated routing"
"Philippines","Makati","The Fort Bus","Estimated routing"
"Philippines","Malabon","LTFRB","Estimated routing"
"Philippines","Mandaluyong","LTFRB","Estimated routing"
"Philippines","Mandaluyong","Manila Metro Rail Transit Corporation","Estimated routing"
"Philippines","Mandaluyong","Pasig River Ferry","Estimated routing"
"Philippines","Manila","LTFRB","Estimated routing"
"Philippines","Manila","Manila Light Rail Transit Authority","Estimated routing"
"Philippines","Manila","Pasig River Ferry","Estimated routing"
"Philippines","Manila","Philippine National Railways","Estimated routing"
"Philippines","Marikina","LTFRB","Estimated routing"
"Philippines","Marikina","Manila Light Rail Transit Authority","Estimated routing"
"Philippines","Marilao","LTFRB","Estimated routing"
"Philippines","Meycauayan","LTFRB","Estimated routing"
"Philippines","Navotas","LTFRB","Estimated routing"
"Philippines","Parañaque","LTFRB","Estimated routing"
"Philippines","Parañaque","Philippine National Railways","Estimated routing"
"Philippines","Pasay City","LTFRB","Estimated routing"
"Philippines","Pasay City","Manila Light Rail Transit Authority","Estimated routing"
"Philippines","Pasay City","Manila Metro Rail Transit Corporation","Estimated routing"
"Philippines","Pasig","LTFRB","Estimated routing"
"Philippines","Pasig","Manila Light Rail Transit Authority","Estimated routing"
"Philippines","Pasig","Pasig River Ferry","Estimated routing"
"Philippines","Pasig","Quezon City Local Government","Estimated routing"
"Philippines","Quezon City","LTFRB","Estimated routing"
"Philippines","Quezon City","Manila Light Rail Transit Authority","Estimated routing"
"Philippines","Quezon City","Manila Metro Rail Transit Corporation","Estimated routing"
"Philippines","Quezon City","Quezon City Local Government","Estimated routing"
"Philippines","San Juan","LTFRB","Estimated routing"
"Philippines","San Juan","Manila Light Rail Transit Authority","Estimated routing"
"Philippines","Santa Maria","LTFRB","Estimated routing"
"Philippines","Taytay","LTFRB","Estimated routing"
"Philippines","Valenzuela","LTFRB","Estimated routing"
"Poland","Bielsko-Biala","Eurolines SA","Estimated routing"
"Poland","Bielsko-Biala","FlixBus","Timetable routing"
"Poland","Bielsko-Biala","Komunikacja Beskidzka S.A.","Timetable routing"
"Poland","Bielsko-Biala","MZK w Bielsku-Białej","Timetable routing"
"Poland","Bielsko-Biala","POLREGIO","Timetable routing"
"Poland","Bielsko-Biala","Ustroń","Timetable routing"
"Poland","Bydgoszcz","ECOLINES","Estimated routing"
"Poland","Bydgoszcz","FlixBus","Timetable routing"
"Poland","Bydgoszcz","MZK Autobusy","Timetable routing"
"Poland","Bydgoszcz","MZK Tramwaje","Timetable routing"
"Poland","Bydgoszcz","Mobilis","Timetable routing"
"Poland","Bydgoszcz","PKP Intercity","Realtime routing"
"Poland","Bydgoszcz","POLREGIO","Timetable routing"
"Poland","Bytom","Eurolines SA","Estimated routing"
"Poland","Bytom","FlixBus","Timetable routing"
"Poland","Bytom","ZTM - Zarząd Transportu Metropolitalnego","Timetable routing"
"Poland","Chorzow","Eurolines SA","Estimated routing"
"Poland","Chorzow","FlixBus","Timetable routing"
"Poland","Chorzow","ZTM - Zarząd Transportu Metropolitalnego","Timetable routing"
"Poland","Cracow","Eurolines SA","Estimated routing"
"Poland","Cracow","FlixBus","Timetable routing"
"Poland","Cracow","Koleje Małopolskie","Timetable routing"
"Poland","Cracow","Koleje Małopolskie sp. z o.o.","Timetable routing"
"Poland","Cracow","MPK S.A. w Krakowie","Realtime routing"
"Poland","Cracow","PKP Intercity","Realtime routing"
"Poland","Cracow","POLREGIO","Timetable routing"
"Poland","Cracow","ZTP Kraków","Realtime routing"
"Poland","Cracow","Železničná spoločnosť Slovensko, a.s.","Timetable routing"
"Poland","Dabrowa Gornicza","PKP Intercity","Realtime routing"
"Poland","Dabrowa Gornicza","POLREGIO","Timetable routing"
"Poland","Dabrowa Gornicza","ZTM - Zarząd Transportu Metropolitalnego","Timetable routing"
"Poland","Dabrowa Gornicza","Železničná spoločnosť Slovensko, a.s.","Timetable routing"
"Poland","Gdansk","ECOLINES","Estimated routing"
"Poland","Gdansk","Ecolines","Estimated routing"
"Poland","Gdansk","FlixBus","Timetable routing"
"Poland","Gdansk","Gryf Kartuzy","Timetable routing"
"Poland","Gdansk","Koleje Mazowieckie – KM","Timetable routing"
"Poland","Gdansk","PKP Intercity","Realtime routing"
"Poland","Gdansk","PKP Szybka Kolej Miejska w Trójmieście Sp. z o.o.","Estimated routing"
"Poland","Gdansk","POLREGIO","Timetable routing"
"Poland","Gdansk","ZKM Gdynia","Timetable routing"
"Poland","Gdansk","Zarząd Transportu Miejskiego w Gdańsku","Realtime routing"
"Poland","Gdansk","ОАО Гроднооблавтотранс филиал Автобусный парк №2 г. Лида PKS Gdańsk sp. z o.o.","Estimated routing"
"Poland","Gdynia","ECOLINES","Estimated routing"
"Poland","Gdynia","Ecolines","Estimated routing"
"Poland","Gdynia","FlixBus","Timetable routing"
"Poland","Gdynia","Gryf Kartuzy","Timetable routing"
"Poland","Gdynia","Koleje Mazowieckie – KM","Timetable routing"
"Poland","Gdynia","PKP Intercity","Realtime routing"
"Poland","Gdynia","PKP Szybka Kolej Miejska w Trójmieście Sp. z o.o.","Estimated routing"
"Poland","Gdynia","PKS Gdynia S.A.","Timetable routing"
"Poland","Gdynia","POLREGIO","Timetable routing"
"Poland","Gdynia","ZKM Gdynia","Timetable routing"
"Poland","Gdynia","Zarząd Transportu Miejskiego w Gdańsku","Realtime routing"
"Poland","Gliwice","Eurolines SA","Estimated routing"
"Poland","Gliwice","FlixBus","Timetable routing"
"Poland","Gliwice","PKP Intercity","Realtime routing"
"Poland","Gliwice","PKS Racibórz","Timetable routing"
"Poland","Gliwice","POLREGIO","Timetable routing"
"Poland","Gliwice","ZTM - Zarząd Transportu Metropolitalnego","Timetable routing"
"Poland","Gorzow Wielkopolski","Bogdaniec","Timetable routing"
"Poland","Gorzow Wielkopolski","DB Regio AG","Realtime routing"
"Poland","Gorzow Wielkopolski","FlixBus","Timetable routing"
"Poland","Gorzow Wielkopolski","MZK Gorzów","Timetable routing"
"Poland","Gorzow Wielkopolski","POLREGIO","Timetable routing"
"Poland","Gorzow Wielkopolski","Santok","Timetable routing"
"Poland","Kalisz","Kaliskie Linie Autobusowe Sp. z o.o.","Timetable routing"
"Poland","Kalisz","PKP Intercity","Realtime routing"
"Poland","Kalisz","POLREGIO","Timetable routing"
"Poland","Katowice","Eurolines SA","Estimated routing"
"Poland","Katowice","FlixBus","Timetable routing"
"Poland","Katowice","OEBB Personenverkehr AG Kundenservice","Timetable routing"
"Poland","Katowice","PKM Jaworzno Sp. z o.o.","Timetable routing"
"Poland","Katowice","PKP Intercity","Realtime routing"
"Poland","Katowice","PKS Racibórz","Timetable routing"
"Poland","Katowice","POLREGIO","Timetable routing"
"Poland","Katowice","ZTM - Zarząd Transportu Metropolitalnego","Timetable routing"
"Poland","Katowice","Železničná spoločnosť Slovensko, a.s.","Timetable routing"
"Poland","Koszalin","Ecolines","Estimated routing"
"Poland","Koszalin","FlixBus","Timetable routing"
"Poland","Koszalin","MZK Sp. z o.o. w Koszalinie","Timetable routing"
"Poland","Koszalin","POLREGIO","Timetable routing"
"Poland","Olsztyn","FlixBus","Timetable routing"
"Poland","Olsztyn","Jonkowo","Timetable routing"
"Poland","Olsztyn","POLREGIO","Timetable routing"
"Poland","Olsztyn","Powiat Olsztyński","Timetable routing"
"Poland","Olsztyn","ZDZiT Olsztyn","Timetable routing"
"Poland","Olsztyn","ОАО Гроднооблавтотранс филиал Автобусный парк №2 г. Лида PKS Gdańsk sp. z o.o.","Estimated routing"
"Poland","Opole","Eurolines SA","Estimated routing"
"Poland","Opole","FlixBus","Timetable routing"
"Poland","Opole","MZK Sp. z o.o. Opole","Timetable routing"
"Poland","Opole","Nysa, PKS","Timetable routing"
"Poland","Opole","PKP Intercity","Realtime routing"
"Poland","Opole","PKS w Kluczborku Sp z o.o.","Timetable routing"
"Poland","Opole","PKS w Strzelcach Opolskich S.A.","Timetable routing"
"Poland","Opole","POLREGIO","Timetable routing"
"Poland","Opole","Łubniany, GTV","Timetable routing"
"Poland","Pila","FlixBus","Timetable routing"
"Poland","Pila","MZK Piła Sp. z o. o.","Estimated routing"
"Poland","Pila","POLREGIO","Timetable routing"
"Poland","Poznan","DB Regio AG","Realtime routing"
"Poland","Poznan","FlixBus","Timetable routing"
"Poland","Poznan","Komunikacja Gminy Tarnowo Podgórne TPBUS Sp. z o.o.","Realtime routing"
"Poland","Poznan","Kórnickie Przedsiębiorstwo Autobusowe KOMBUS Sp. z o.o.","Realtime routing"
"Poland","Poznan","Miejskie Przedsiębiorstwo Komunikacyjne Sp. z o.o. w Poznaniu","Realtime routing"
"Poland","Poznan","PKP Intercity","Realtime routing"
"Poland","Poznan","POLREGIO","Timetable routing"
"Poland","Poznan","Przedsiębiorstwo Komunikacji Samochodowej w Poznaniu Spółka Akcyjna","Realtime routing"
"Poland","Poznan","Przedsiębiorstwo Transportowe Translub Sp. z o.o.","Realtime routing"
"Poland","Poznan","Przedsiębiorstwo Usług Komunalnych Komorniki sp. z o.o.","Realtime routing"
"Poland","Poznan","Przedsiębiorstwo Wielobranżowe TRANSKOM Sp. z o.o.","Realtime routing"
"Poland","Poznan","Swarzędzkie Przedsiębiorstwo Komunalne Sp. z o.o.","Realtime routing"
"Poland","Poznan","Zakład Komunalny w Kleszczewie Sp. z o.o.","Realtime routing"
"Poland","Poznan","Zakład Komunikacji Publicznej Suchy Las Sp. z o.o.","Realtime routing"
"Poland","Poznan","Zakład Usług Komunikacyjnych ROKBUS Sp. z o.o.","Realtime routing"
"Poland","Ruda Slaska","ZTM - Zarząd Transportu Metropolitalnego","Timetable routing"
"Poland","Rybnik","Eurolines SA","Estimated routing"
"Poland","Rybnik","FlixBus","Timetable routing"
"Poland","Rybnik","Komunikacja Miejska Rybnik","Timetable routing"
"Poland","Rybnik","PKP Intercity","Realtime routing"
"Poland","Rybnik","POLREGIO","Timetable routing"
"Poland","Rzeszow","Eurolines SA","Estimated routing"
"Poland","Rzeszow","FlixBus","Timetable routing"
"Poland","Rzeszow","Markpol","Timetable routing"
"Poland","Rzeszow","PKP Intercity","Realtime routing"
"Poland","Rzeszow","POLREGIO","Timetable routing"
"Poland","Rzeszow","Zarząd Transportu Miejskiego w Rzeszowie","Timetable routing"
"Poland","Rzeszow","Železničná spoločnosť Slovensko, a.s.","Timetable routing"
"Poland","Sosnowiec","Eurolines SA","Estimated routing"
"Poland","Sosnowiec","FlixBus","Timetable routing"
"Poland","Sosnowiec","PKM Jaworzno Sp. z o.o.","Timetable routing"
"Poland","Sosnowiec","PKP Intercity","Realtime routing"
"Poland","Sosnowiec","POLREGIO","Timetable routing"
"Poland","Sosnowiec","ZTM - Zarząd Transportu Metropolitalnego","Timetable routing"
"Poland","Sosnowiec","Železničná spoločnosť Slovensko, a.s.","Timetable routing"
"Poland","Szczecin","DB Regio AG","Realtime routing"
"Poland","Szczecin","Ecolines","Estimated routing"
"Poland","Szczecin","FlixBus","Timetable routing"
"Poland","Szczecin","Nahreisezug","Realtime routing"
"Poland","Szczecin","PKP Intercity","Realtime routing"
"Poland","Szczecin","PKS w Szczecinie Sp. z o.o.","Timetable routing"
"Poland","Szczecin","POLREGIO","Timetable routing"
"Poland","Szczecin","Verkehrsgemeinschaft Müritz-Oderhaff","Realtime routing"
"Poland","Szczecin","ZDiTM Szczecin","Timetable routing"
"Poland","Tarnow","Eurolines SA","Estimated routing"
"Poland","Tarnow","FlixBus","Timetable routing"
"Poland","Tarnow","Koleje Małopolskie","Timetable routing"
"Poland","Tarnow","Koleje Małopolskie sp. z o.o.","Timetable routing"
"Poland","Tarnow","PGZK Jasiel","Timetable routing"
"Poland","Tarnow","PKP Intercity","Realtime routing"
"Poland","Tarnow","POLREGIO","Timetable routing"
"Poland","Tarnow","Železničná spoločnosť Slovensko, a.s.","Timetable routing"
"Poland","Torun","ECOLINES","Estimated routing"
"Poland","Torun","FlixBus","Timetable routing"
"Poland","Torun","Miejski Zakład Komunikacji w Toruniu","Timetable routing"
"Poland","Torun","POLREGIO","Timetable routing"
"Poland","Tychy","Eurolines SA","Estimated routing"
"Poland","Tychy","Powiat Pszczyna","Estimated routing"
"Poland","Tychy","ZTM - Zarząd Transportu Metropolitalnego","Timetable routing"
"Poland","Tychy","Železničná spoločnosť Slovensko, a.s.","Timetable routing"
"Poland","Warsaw","ECOLINES","Estimated routing"
"Poland","Warsaw","Ecolines","Estimated routing"
"Poland","Warsaw","Ecolines Estonia OU","Estimated routing"
"Poland","Warsaw","Eurolines SA","Estimated routing"
"Poland","Warsaw","FlixBus","Realtime routing"
"Poland","Warsaw","Koleje Mazowieckie – KM","Timetable routing"
"Poland","Warsaw","OEBB Personenverkehr AG Kundenservice","Timetable routing"
"Poland","Warsaw","PKP Intercity","Realtime routing"
"Poland","Warsaw","POLREGIO","Timetable routing"
"Poland","Warsaw","Warszawska Kolej Dojazdowa","Timetable routing"
"Poland","Warsaw","Warszawski Transport Publiczny","Realtime routing"
"Poland","Warsaw","Związek Powiatowo-Gminny Grodziskie Przewozy Autobusowe","Timetable routing"
"Poland","Warsaw","Ząbki","Timetable routing"
"Poland","Warsaw","Železničná spoločnosť Slovensko, a.s.","Timetable routing"
"Poland","Warsaw","ГП Минсктранс","Estimated routing"
"Poland","Warsaw","ОАО Брестоблавтотранс","Estimated routing"
"Poland","Warsaw","ОАО Брестский автобусный парк","Estimated routing"
"Poland","Wroclaw","DB Regio AG","Realtime routing"
"Poland","Wroclaw","DLA Wrocław","Timetable routing"
"Poland","Wroclaw","Ecolines Estonia OU","Estimated routing"
"Poland","Wroclaw","Eurolines SA","Estimated routing"
"Poland","Wroclaw","FlixBus","Timetable routing"
"Poland","Wroclaw","Kąty Wrocławskie","Timetable routing"
"Poland","Wroclaw","MPK Autobusy","Timetable routing"
"Poland","Wroclaw","MPK Tramwaje","Timetable routing"
"Poland","Wroclaw","NOWAK TRANSPORT","Timetable routing"
"Poland","Wroclaw","PKP Intercity","Realtime routing"
"Poland","Wroclaw","PKS w Oławie S.A.","Timetable routing"
"Poland","Wroclaw","POLREGIO","Timetable routing"
"Poland","Wroclaw","PT KŁOSOK","Timetable routing"
"Poland","Wroclaw","Siechnice","Timetable routing"
"Poland","Wroclaw","Siechnice, miasto","Timetable routing"
"Poland","Wroclaw","Wisznia Mała","Timetable routing"
"Poland","Wroclaw","Wisznia Mała, DLA","Timetable routing"
"Poland","Wroclaw","Środa Śląska","Timetable routing"
"Poland","Zabrze","Eurolines SA","Estimated routing"
"Poland","Zabrze","FlixBus","Timetable routing"
"Poland","Zabrze","PKP Intercity","Realtime routing"
"Poland","Zabrze","ZTM - Zarząd Transportu Metropolitalnego","Timetable routing"
"Portugal","Almada","Alsa Todi","Timetable routing"
"Portugal","Almada","BlaBlaCar Bus","Timetable routing"
"Portugal","Almada","Carris","Estimated routing"
"Portugal","Almada","Fertagus","Timetable routing"
"Portugal","Almada","FlixBus","Timetable routing"
"Portugal","Almada","Rodoviária de Lisboa","Timetable routing"
"Portugal","Almada","Transportes Sul do Tejo","Timetable routing"
"Portugal","Almada","Transtejo Soflusa","Timetable routing"
"Portugal","Amadora","CP","Estimated routing"
"Portugal","Amadora","Carris","Estimated routing"
"Portugal","Amadora","Metro de Lisboa","Timetable routing"
"Portugal","Amadora","Rodoviária de Lisboa","Timetable routing"
"Portugal","Amadora","Viação Alvorada","Timetable routing"
"Portugal","Cascais","BlaBlaCar Bus","Timetable routing"
"Portugal","Cascais","CP","Estimated routing"
"Portugal","Cascais","Cascais Próxima","Timetable routing"
"Portugal","Cascais","FlixBus","Timetable routing"
"Portugal","Cascais","Viação Alvorada","Timetable routing"
"Portugal","Lisbon","Alsa Todi","Timetable routing"
"Portugal","Lisbon","BlaBlaCar Bus","Timetable routing"
"Portugal","Lisbon","CP","Estimated routing"
"Portugal","Lisbon","Carris","Estimated routing"
"Portugal","Lisbon","Carristur","Timetable routing"
"Portugal","Lisbon","Eurolines SA","Estimated routing"
"Portugal","Lisbon","Fertagus","Timetable routing"
"Portugal","Lisbon","FlixBus","Timetable routing"
"Portugal","Lisbon","Metro de Lisboa","Timetable routing"
"Portugal","Lisbon","RODONORTE","Estimated routing"
"Portugal","Lisbon","Rodoviária de Lisboa","Timetable routing"
"Portugal","Lisbon","Transportes Sul do Tejo","Timetable routing"
"Portugal","Lisbon","Transtejo Soflusa","Timetable routing"
"Portugal","Lisbon","Viação Alvorada","Timetable routing"
"Portugal","Loures","CP","Estimated routing"
"Portugal","Loures","Carris","Estimated routing"
"Portugal","Loures","Rodoviária de Lisboa","Timetable routing"
"Portugal","Maia","BlaBlaCar Bus","Timetable routing"
"Portugal","Maia","Comboios de Portugal","Estimated routing"
"Portugal","Maia","FlixBus","Timetable routing"
"Portugal","Maia","Metro do Porto","Timetable routing"
"Portugal","Maia","Sociedade Transportes Colectivos do Porto","Timetable routing"
"Portugal","Matosinhos","Comboios de Portugal","Estimated routing"
"Portugal","Matosinhos","Metro do Porto","Timetable routing"
"Portugal","Matosinhos","Sociedade Transportes Colectivos do Porto","Timetable routing"
"Portugal","Odivelas","Carris","Estimated routing"
"Portugal","Odivelas","Metro de Lisboa","Timetable routing"
"Portugal","Odivelas","Rodoviária de Lisboa","Timetable routing"
"Portugal","Odivelas","Viação Alvorada","Timetable routing"
"Portugal","Oeiras","CP","Estimated routing"
"Portugal","Oeiras","Carris","Estimated routing"
"Portugal","Oeiras","Cascais Próxima","Timetable routing"
"Portugal","Oeiras","Transportes Sul do Tejo","Timetable routing"
"Portugal","Oeiras","Viação Alvorada","Timetable routing"
"Portugal","Porto","BlaBlaCar Bus","Timetable routing"
"Portugal","Porto","Comboios de Portugal","Estimated routing"
"Portugal","Porto","Eurolines SA","Estimated routing"
"Portugal","Porto","FlixBus","Timetable routing"
"Portugal","Porto","Metro do Porto","Timetable routing"
"Portugal","Porto","RENFE OPERADORA","Timetable routing"
"Portugal","Porto","RODONORTE","Estimated routing"
"Portugal","Porto","Serviço de Transportes Colectivos do Porto","Estimated routing"
"Portugal","Porto","Sociedade Transportes Colectivos do Porto","Timetable routing"
"Portugal","Seixal","Alsa Todi","Timetable routing"
"Portugal","Seixal","Fertagus","Timetable routing"
"Portugal","Seixal","Transportes Colectivos do Barreiro","Timetable routing"
"Portugal","Seixal","Transportes Sul do Tejo","Timetable routing"
"Portugal","Seixal","Transtejo Soflusa","Timetable routing"
"Portugal","Setubal","Alsa Todi","Timetable routing"
"Portugal","Setubal","BlaBlaCar Bus","Timetable routing"
"Portugal","Setubal","CP","Estimated routing"
"Portugal","Setubal","Fertagus","Timetable routing"
"Portugal","Setubal","FlixBus","Timetable routing"
"Portugal","Setubal","Transportes Sul do Tejo","Timetable routing"
"Portugal","Sintra","CP","Estimated routing"
"Portugal","Sintra","Cascais Próxima","Timetable routing"
"Portugal","Sintra","FlixBus","Timetable routing"
"Portugal","Sintra","Rodoviária de Lisboa","Timetable routing"
"Portugal","Sintra","Viação Alvorada","Timetable routing"
"Puerto Rico","San Juan Antiguo","AcuaExpreso","Estimated routing"
"Puerto Rico","San Juan Antiguo","Autoridad Metropolitana de Autobuses de Puerto Rico","Estimated routing"
"Puerto Rico","San Juan Antiguo","Autoridad de Transporte Integrado","Timetable routing"
"Puerto Rico","San Juan Antiguo","Departamento de Transportacion y Obras Publicas","Estimated routing"
"Puerto Rico","San Juan Antiguo","Tren Urbano","Estimated routing"
"Qatar","Doha","Mowasalat","Estimated routing"
"Qatar","Doha","Qatar Rail","Timetable routing"
"Romania","Brasov","Astra Trans Carpatic","Estimated routing"
"Romania","Brasov","Eurolines SA","Estimated routing"
"Romania","Brasov","FlixBus","Timetable routing"
"Romania","Brasov","Regia Autonoma De Transport Brasov","Estimated routing"
"Romania","Brasov","Regio Calatori","Estimated routing"
"Romania","Brasov","SNTFC CFR Calatori SA","Estimated routing"
"Romania","Brasov","Softrans S.R.L.","Estimated routing"
"Romania","Brasov","Transferoviar Calatori S.R.L.","Estimated routing"
"Romania","Bucharest","Astra Trans Carpatic","Estimated routing"
"Romania","Bucharest","Eurolines SA","Estimated routing"
"Romania","Bucharest","FEROTRAFIC - TFI SRL","Estimated routing"
"Romania","Bucharest","FlixBus","Timetable routing"
"Romania","Bucharest","METROREX SA","Timetable routing"
"Romania","Bucharest","Magyar Allamvasutak","Timetable routing"
"Romania","Bucharest","Metrorex","Estimated routing"
"Romania","Bucharest","OEBB Personenverkehr AG Kundenservice","Timetable routing"
"Romania","Bucharest","RATB","Estimated routing"
"Romania","Bucharest","Regio Calatori","Estimated routing"
"Romania","Bucharest","SNTFC CFR Calatori SA","Estimated routing"
"Romania","Bucharest","STB","Estimated routing"
"Romania","Bucharest","STB SA","Timetable routing"
"Romania","Bucharest","STCM","Timetable routing"
"Romania","Bucharest","STV","Estimated routing"
"Romania","Bucharest","STV SA","Timetable routing"
"Romania","Bucharest","Softrans S.R.L.","Estimated routing"
"Romania","Bucharest","Transferoviar Calatori S.R.L.","Estimated routing"
"Romania","Bucharest","Transit agency (Bucharest )","Estimated routing"
"Romania","Oradea","FlixBus","Timetable routing"
"Romania","Oradea","Interregional Calatori S.R.L.","Estimated routing"
"Romania","Oradea","S.C. OTL S.A.","Timetable routing"
"Romania","Oradea","SNTFC CFR Calatori SA","Estimated routing"
"Romania","Oradea","Transferoviar Calatori S.R.L.","Estimated routing"
"Russia","Abakan","Transit agency (Abakan)","Estimated routing"
"Russia","Abakan","Transit agency (Kuragino)","Estimated routing"
"Russia","Abakan","Transit agency (Nazarovo)","Estimated routing"
"Russia","Abakan","АО «Федеральная пассажирская компания»","Estimated routing"
"Russia","Abakan","АО Федеральная пассажирская компания","Estimated routing"
"Russia","Abakan","Автохозяйство Семёнова А.Г.","Estimated routing"
"Russia","Abakan","ИП Дамер С.П.","Estimated routing"
"Russia","Abakan","ИП Жердев К.Г.","Estimated routing"
"Russia","Abakan","ИП Иожица Э.П.","Estimated routing"
"Russia","Abakan","МУП Троллейбусное управление","Estimated routing"
"Russia","Abakan","ОАО «РЖД» (АО «Краспригород»)","Estimated routing"
"Russia","Abakan","ОАО КП АТП ООО А/к 1967-СП ОАО Автоколонна 1967","Estimated routing"
"Russia","Abakan","ООО Южное направление ОАО КП АТП","Estimated routing"
"Russia","Achinskiy rayon","Transit agency (Achinsk)","Estimated routing"
"Russia","Achinskiy rayon","Transit agency (Nazarovo)","Estimated routing"
"Russia","Achinskiy rayon","Transit agency (Novokuznetsk)","Estimated routing"
"Russia","Achinskiy rayon","АО «Федеральная пассажирская компания»","Estimated routing"
"Russia","Achinskiy rayon","АО Федеральная пассажирская компания","Estimated routing"
"Russia","Achinskiy rayon","Автоколонна № 1967 (Ачинск)","Estimated routing"
"Russia","Achinskiy rayon","ГПКК Ачинское ПАТП","Estimated routing"
"Russia","Achinskiy rayon","ИП Балобанов Василий Викторович ООО Харпер+","Estimated routing"
"Russia","Achinskiy rayon","МУП Ачинский ГорЭлектроТранс","Estimated routing"
"Russia","Achinskiy rayon","МУП Сигнал","Estimated routing"
"Russia","Achinskiy rayon","ОАО «РЖД» (АО «Краспригород»)","Estimated routing"
"Russia","Achinskiy rayon","ООО 4-я Линия","Estimated routing"
"Russia","Achinskiy rayon","ООО «Автотранс»","Estimated routing"
"Russia","Achinskiy rayon","ООО Автоколонна 1967 ИП Матюшенко Ю.В.","Estimated routing"
"Russia","Achinskiy rayon","ООО ПКП Район Сервис","Estimated routing"
"Russia","Achinskiy rayon","ООО Харпер+","Estimated routing"
"Russia","Achinskiy rayon","Простое товарищество: ООО ГРАД и ООО Практика плюс","Estimated routing"
"Russia","Al'met'evsk","Transit agency (Kazan)","Estimated routing"
"Russia","Al'met'evsk","АО «ЕКА» ИП Никитин Ю.И.","Estimated routing"
"Russia","Al'met'evsk","АО АПОПАТ","Estimated routing"
"Russia","Al'met'evsk","АО Альметьевское ПОПАТ","Estimated routing"
"Russia","Al'met'evsk","АО Альметьевское ПОПАТ МУП РБ Башавтотранс","Estimated routing"
"Russia","Al'met'evsk","АО Альметьевское ПОПАТ ООО Бугульминское АТП","Estimated routing"
"Russia","Al'met'evsk","АО ЕКА","Estimated routing"
"Russia","Al'met'evsk","АО КПАТП-1 ТОО Экспресс","Estimated routing"
"Russia","Al'met'evsk","АО Казанское ПАТП-1","Estimated routing"
"Russia","Al'met'evsk","АПОПАТ","Estimated routing"
"Russia","Al'met'evsk","Альметьевское ПОПАТ","Estimated routing"
"Russia","Al'met'evsk","Бирское АТП филиал ГУП РБ Башавтотранс","Estimated routing"
"Russia","Al'met'evsk","Жигулёвское АТП","Estimated routing"
"Russia","Al'met'evsk","ИП Давлетшин В.Н.","Estimated routing"
"Russia","Al'met'evsk","ИП Жильцов А.А. АО КПАТП-1","Estimated routing"
"Russia","Al'met'evsk","МУП Альметьевское троллейбусное управление","Estimated routing"
"Russia","Al'met'evsk","Мелеузовское АТП","Estimated routing"
"Russia","Al'met'evsk","Мелеузовское АТП филиал ГУП РБ Башавтотранс","Estimated routing"
"Russia","Al'met'evsk","ОАО АПОПАТ","Estimated routing"
"Russia","Al'met'evsk","ОАО Альметьевское ПОПАТ","Estimated routing"
"Russia","Al'met'evsk","ООО Бузулукское АТП","Estimated routing"
"Russia","Al'met'evsk","ООО Нижнекамское ПАТП-1","Estimated routing"
"Russia","Al'met'evsk","ООО ПАТП-7","Estimated routing"
"Russia","Al'met'evsk","ООО Пассажирско-транспортные Перевозки-7","Estimated routing"
"Russia","Al'met'evsk","ООО Спутник","Estimated routing"
"Russia","Al'met'evsk","ООО ТФ Альбатрос","Estimated routing"
"Russia","Al'met'evsk","ООО ТрансферГрупп","Estimated routing"
"Russia","Al'met'evsk","Стерлитамакское ПАТП филиал ГУП.РБ Башавтотранс","Estimated routing"
"Russia","Al'met'evsk","Транспорт Уруссу","Estimated routing"
"Russia","Arkhangelsk","АО «Федеральная пассажирская компания»","Estimated routing"
"Russia","Arkhangelsk","АО СППК","Estimated routing"
"Russia","Arkhangelsk","АО Федеральная пассажирская компания","Estimated routing"
"Russia","Arkhangelsk","ИП Андреев Е.В. ИП Катков Н.В ИП Чирцов Ф.А. ИП Патраков С.А.. и другие.","Estimated routing"
"Russia","Arkhangelsk","ИП Дурандин Е.В.","Estimated routing"
"Russia","Arkhangelsk","ИП Евдокимова Е.В.","Estimated routing"
"Russia","Arkhangelsk","ИП Конопацкий А.А. ИП Варакин К.В ИП Дерменжи Е.Е.. и другие","Estimated routing"
"Russia","Arkhangelsk","ИП Кутасевич И.И.","Estimated routing"
"Russia","Arkhangelsk","ИП Макаридин А.В.","Estimated routing"
"Russia","Arkhangelsk","ИП Максименко В.В.","Estimated routing"
"Russia","Arkhangelsk","ИП Малинников Н.А.","Estimated routing"
"Russia","Arkhangelsk","ИП Мелешкин К.В.","Estimated routing"
"Russia","Arkhangelsk","ИП Николаев А.И.","Estimated routing"
"Russia","Arkhangelsk","ИП Сидоров А.Б.","Estimated routing"
"Russia","Arkhangelsk","ИП Стрекаловский Н.Л.","Estimated routing"
"Russia","Arkhangelsk","МУП АПАП-3","Estimated routing"
"Russia","Arkhangelsk","ОАО «РЖД» (АО «Северная пригородная пассажирская компания»)","Estimated routing"
"Russia","Arkhangelsk","ОАО Архангельский речной порт","Estimated routing"
"Russia","Arkhangelsk","ООО АТП-1","Estimated routing"
"Russia","Arkhangelsk","ООО Автогород ИП Щипицын А.П.","Estimated routing"
"Russia","Arkhangelsk","ООО Автоколонна № 3","Estimated routing"
"Russia","Arkhangelsk","ООО Автолайн","Estimated routing"
"Russia","Arkhangelsk","ООО Автоперевозки","Estimated routing"
"Russia","Arkhangelsk","ООО Архтрансавто","Estimated routing"
"Russia","Arkhangelsk","ООО Архтрансавто Плюс","Estimated routing"
"Russia","Arkhangelsk","ООО Дюна","Estimated routing"
"Russia","Arkhangelsk","ООО МАЛавто","Estimated routing"
"Russia","Arkhangelsk","ООО МИГ автотранс","Estimated routing"
"Russia","Arkhangelsk","ООО МиГ автотранс","Estimated routing"
"Russia","Arkhangelsk","ООО Норд Экспресс","Estimated routing"
"Russia","Arkhangelsk","ООО Норд экспресс ООО Автоперевозки","Estimated routing"
"Russia","Arkhangelsk","ООО Пассажирский флот","Estimated routing"
"Russia","Arkhangelsk","ООО Престиж","Estimated routing"
"Russia","Arkhangelsk","ООО Ресурсавто","Estimated routing"
"Russia","Arkhangelsk","ООО Север Транс Авто","Estimated routing"
"Russia","Arkhangelsk","ООО СеверТрансАвто","Estimated routing"
"Russia","Arkhangelsk","ООО Северный экспресс ООО Автоперевозки","Estimated routing"
"Russia","Arkhangelsk","ООО ТСЦ Северный автобус","Estimated routing"
"Russia","Arkhangelsk","ООО ТФ Ветерок","Estimated routing"
"Russia","Arkhangelsk","ООО Транс Север","Estimated routing"
"Russia","Arkhangelsk","ТСЦ Северный автобус","Estimated routing"
"Russia","Arkhangelsk","ТФ Ветерок","Estimated routing"
"Russia","Arzamasskiy rayon","АО «Федеральная пассажирская компания»","Estimated routing"
"Russia","Arzamasskiy rayon","АО Федеральная пассажирская компания","Estimated routing"
"Russia","Arzamasskiy rayon","ГП НО АПАТ","Estimated routing"
"Russia","Arzamasskiy rayon","ИП Калинин Г.Н.","Estimated routing"
"Russia","Arzamasskiy rayon","ИП Куликов Евгений Александрович","Estimated routing"
"Russia","Arzamasskiy rayon","ИП Шарий Е.М.","Estimated routing"
"Russia","Arzamasskiy rayon","ИП Швехторов Д.А.","Estimated routing"
"Russia","Arzamasskiy rayon","ИП Шилков П.М.","Estimated routing"
"Russia","Arzamasskiy rayon","МП Вадское ПАП","Estimated routing"
"Russia","Arzamasskiy rayon","МП Гагинское ПАП","Estimated routing"
"Russia","Arzamasskiy rayon","МП Лукояновское ПАП","Estimated routing"
"Russia","Arzamasskiy rayon","МП ПАП","Estimated routing"
"Russia","Arzamasskiy rayon","МУП Арзамаспассажиравтотранс","Estimated routing"
"Russia","Arzamasskiy rayon","МУП Выксунское ПАП","Estimated routing"
"Russia","Arzamasskiy rayon","МУП Шатковское ПАП","Estimated routing"
"Russia","Arzamasskiy rayon","ОАО «РЖД» (АО «Волго-Вятская пригородная пассажирская компания»)","Estimated routing"
"Russia","Arzamasskiy rayon","ОАО РЖД/АО Федеральная пассажирская компания","Estimated routing"
"Russia","Arzamasskiy rayon","ООО Попутчик-С","Estimated routing"
"Russia","Arzamasskiy rayon","ООО Попутчик-с","Estimated routing"
"Russia","Arzamasskiy rayon","Федеральная Пассажирская Компания (ФПК)","Estimated routing"
"Russia","Astrakhan'","Transit agency (Astrakhan)","Estimated routing"
"Russia","Astrakhan'","АО «Федеральная пассажирская компания»","Estimated routing"
"Russia","Astrakhan'","АО Федеральная пассажирская компания","Estimated routing"
"Russia","Astrakhan'","Астрахань","Estimated routing"
"Russia","Astrakhan'","Астрахань частные перевозчики","Estimated routing"
"Russia","Astrakhan'","ГП АО ПАТП №3","Estimated routing"
"Russia","Astrakhan'","ИП Абдуллаев М.Р.","Estimated routing"
"Russia","Astrakhan'","ИП Алибеков М.Г.","Estimated routing"
"Russia","Astrakhan'","ИП Астанов Р.Д.","Estimated routing"
"Russia","Astrakhan'","ИП Борисова Н.П. ИП Дудин А.А. и другие ИП","Estimated routing"
"Russia","Astrakhan'","ИП Булатов Д.К. ИП Ишмухамедов Р.Л.","Estimated routing"
"Russia","Astrakhan'","ИП Габайдуллин Р.Х.","Estimated routing"
"Russia","Astrakhan'","ИП Гриценко Н.Ю.","Estimated routing"
"Russia","Astrakhan'","ИП Гужеля А.П.","Estimated routing"
"Russia","Astrakhan'","ИП Дунин А.А.","Estimated routing"
"Russia","Astrakhan'","ИП Ермеков А.М.","Estimated routing"
"Russia","Astrakhan'","ИП Карпенко Л.Ю","Estimated routing"
"Russia","Astrakhan'","ИП Кугашев Г.А. ИП Дунин А.А. ИП Жаткин В.А.","Estimated routing"
"Russia","Astrakhan'","ИП Кузнецов А.С.","Estimated routing"
"Russia","Astrakhan'","ИП Кузнецов В.В.","Estimated routing"
"Russia","Astrakhan'","ИП Кузнецов В.В. ИП Кузнецов А.С. ИП Тушминцев А.К.","Estimated routing"
"Russia","Astrakhan'","ИП Куксин Д.И.","Estimated routing"
"Russia","Astrakhan'","ИП Куксина О.А.","Estimated routing"
"Russia","Astrakhan'","ИП Манасян А.В.","Estimated routing"
"Russia","Astrakhan'","ИП Мулдашев А.З.","Estimated routing"
"Russia","Astrakhan'","ИП Попов М.М.","Estimated routing"
"Russia","Astrakhan'","ИП Русанова Т.И.","Estimated routing"
"Russia","Astrakhan'","ИП Самченко В.А.","Estimated routing"
"Russia","Astrakhan'","ИП Степаненко Л.А.","Estimated routing"
"Russia","Astrakhan'","ИП Тавакалян С.Г. ИП Юсупова Х.З. ИП Гладилов А.П.","Estimated routing"
"Russia","Astrakhan'","ИП Тагиева С.М.","Estimated routing"
"Russia","Astrakhan'","ИП Хаваев А.А.","Estimated routing"
"Russia","Astrakhan'","ИП Чернецкая Т.А.","Estimated routing"
"Russia","Astrakhan'","Индивидуальные предприниматели","Estimated routing"
"Russia","Astrakhan'","ОАО «РЖД» (АО «ВолгоградТрансПригород»)","Estimated routing"
"Russia","Astrakhan'","ОАО Астраханьпассажиртранс","Estimated routing"
"Russia","Astrakhan'","ООО АТК-3","Estimated routing"
"Russia","Astrakhan'","ООО Нейс-Трансфер","Estimated routing"
"Russia","Astrakhan'","ООО Транзит-Авто","Estimated routing"
"Russia","Astrakhan'","ПТ Горшкова О.Е.","Estimated routing"
"Russia","Astrakhan'","ПТ Кузнецова Н.А.","Estimated routing"
"Russia","Astrakhan'","ПТ Линев Е.А.","Estimated routing"
"Russia","Astrakhan'","ПТ Москальцов Н.В.","Estimated routing"
"Russia","Astrakhan'","Простое товарищество (УУ ДПТ: Абдуллаева-Булатова А.Х.)","Estimated routing"
"Russia","Astrakhan'","Простое товарищество (УУ ДПТ: Боброва Н.В.)","Estimated routing"
"Russia","Astrakhan'","Простое товарищество (УУ ДПТ: Борщев Ю.В.)","Estimated routing"
"Russia","Astrakhan'","Простое товарищество (УУ ДПТ: Ботвин А.С.)","Estimated routing"
"Russia","Astrakhan'","Простое товарищество (УУ ДПТ: Войный С.В.)","Estimated routing"
"Russia","Astrakhan'","Простое товарищество (УУ ДПТ: Воскобойников Н.Е.)","Estimated routing"
"Russia","Astrakhan'","Простое товарищество (УУ ДПТ: Глебов А.М.)","Estimated routing"
"Russia","Astrakhan'","Простое товарищество (УУ ДПТ: Гудиев В.Д.)","Estimated routing"
"Russia","Astrakhan'","Простое товарищество (УУ ДПТ: Гужеля А.П.)","Estimated routing"
"Russia","Astrakhan'","Простое товарищество (УУ ДПТ: Дементьев А.Ю.)","Estimated routing"
"Russia","Astrakhan'","Простое товарищество (УУ ДПТ: Дюдикова И.В.)","Estimated routing"
"Russia","Astrakhan'","Простое товарищество (УУ ДПТ: Ильясова А.И.)","Estimated routing"
"Russia","Astrakhan'","Простое товарищество (УУ ДПТ: Кошманова Н.А.)","Estimated routing"
"Russia","Astrakhan'","Простое товарищество (УУ ДПТ: Кузнецов А.В.)","Estimated routing"
"Russia","Astrakhan'","Простое товарищество (УУ ДПТ: Кузнецов В.В.)","Estimated routing"
"Russia","Astrakhan'","Простое товарищество (УУ ДПТ: Кузнецова Н.А.)","Estimated routing"
"Russia","Astrakhan'","Простое товарищество (УУ ДПТ: Муратова Л.З.)","Estimated routing"
"Russia","Astrakhan'","Простое товарищество (УУ ДПТ: Обручев В.Н.)","Estimated routing"
"Russia","Astrakhan'","Простое товарищество (УУ ДПТ: Поздняков М.А.)","Estimated routing"
"Russia","Astrakhan'","Простое товарищество (УУ ДПТ: Ращепкина Е.Л.)","Estimated routing"
"Russia","Astrakhan'","Простое товарищество (УУ ДПТ: Свекольников А.В.)","Estimated routing"
"Russia","Astrakhan'","Простое товарищество (УУ ДПТ: Середина Э.Ю.)","Estimated routing"
"Russia","Astrakhan'","Простое товарищество (УУ ДПТ: Скворцов С.В.)","Estimated routing"
"Russia","Astrakhan'","Простое товарищество (УУ ДПТ: Слепушенко М.Н.)","Estimated routing"
"Russia","Astrakhan'","Простое товарищество (УУ ДПТ: Смолянинов В.А.)","Estimated routing"
"Russia","Astrakhan'","Простое товарищество (УУ ДПТ: Степанов В.И.)","Estimated routing"
"Russia","Astrakhan'","Простое товарищество (УУ ДПТ: Тумеркин И.Ш.)","Estimated routing"
"Russia","Astrakhan'","Простое товарищество (УУ ДПТ: Ханджян С.А.)","Estimated routing"
"Russia","Astrakhan'","Простое товарищество (УУ ДПТ: Ходжаев Р.Р.)","Estimated routing"
"Russia","Astrakhan'","Простое товарищество (УУ ДПТ: Чибрикова Т.В.)","Estimated routing"
"Russia","Astrakhan'","Простое товарищество (УУ ДПТ: Шафиев М.С.)","Estimated routing"
"Russia","Astrakhan'","Простое товарищество (УУ ДПТ: Шахмандаров Б.Г.)","Estimated routing"
"Russia","Astrakhan'","Простое товарищество (УУ ДПТ: Шведова Л.Ф.)","Estimated routing"
"Russia","Astrakhan'","астрахань","Estimated routing"
"Russia","Astrakhan'","астрахань частные","Estimated routing"
"Russia","Balakovo","Transit agency (Balakovo)","Estimated routing"
"Russia","Balakovo","АО «Федеральная пассажирская компания»","Estimated routing"
"Russia","Balakovo","АО Балаковский пассажирский автокомбинат","Estimated routing"
"Russia","Balakovo","АО Ершовское АТП","Estimated routing"
"Russia","Balakovo","АО Федеральная пассажирская компания","Estimated routing"
"Russia","Balakovo","АО Хвалынское АТП","Estimated routing"
"Russia","Balakovo","БПАК","Estimated routing"
"Russia","Balakovo","ИП Абдуллаев М.В. АО Балаковский пассажирский автокомбинат","Estimated routing"
"Russia","Balakovo","ИП Беляев Ю.В.","Estimated routing"
"Russia","Balakovo","ИП Данченко И.С.","Estimated routing"
"Russia","Balakovo","ИП Лаврентьева А.Я.","Estimated routing"
"Russia","Balakovo","ИП Лавретьева А.Я.","Estimated routing"
"Russia","Balakovo","ИП Новиков М.В.","Estimated routing"
"Russia","Balakovo","ИП Овчаров","Estimated routing"
"Russia","Balakovo","ИП Ольхов С.Я.","Estimated routing"
"Russia","Balakovo","ИП Расторгуев А.С.","Estimated routing"
"Russia","Balakovo","ИП Спиридонова А.Х.","Estimated routing"
"Russia","Balakovo","ИП Сучкова Н.А. и другие","Estimated routing"
"Russia","Balakovo","МУП Балаковоэлектротранс","Estimated routing"
"Russia","Balakovo","ОАО «РЖД» (АО «Саратовская пригородная пассажирская компания»)","Estimated routing"
"Russia","Balakovo","ОАО Автоколонна 40","Estimated routing"
"Russia","Balakovo","ОАО Балаковский ПАК","Estimated routing"
"Russia","Balakovo","ООО Авто-экспресс","Estimated routing"
"Russia","Balakovo","ООО БПАК","Estimated routing"
"Russia","Balakovo","ООО ПАССАЖИРТРАНС","Estimated routing"
"Russia","Balakovo","ООО Пассажиртранс","Estimated routing"
"Russia","Balakovo","ООО ТК Автолига","Estimated routing"
"Russia","Balakovo","ООО ТК Властелин","Estimated routing"
"Russia","Balakovo","ООО Транскомсервис","Estimated routing"
"Russia","Balakovo","ООО Транскомсервис ООО ПАССАЖИРТРАНС","Estimated routing"
"Russia","Balakovo","ООО Транскомсервис и другие","Estimated routing"
"Russia","Balashikha","Transit agency (Balashikha)","Estimated routing"
"Russia","Balashikha","АО «Федеральная пассажирская компания»","Estimated routing"
"Russia","Balashikha","АО «Центральная ППК»","Estimated routing"
"Russia","Balashikha","АО «Центральная пригородная пассажирская компания»","Estimated routing"
"Russia","Balashikha","АО Мострансавто","Estimated routing"
"Russia","Balashikha","АО Мострансавто (МАП № 11 г. Балашиха)","Estimated routing"
"Russia","Balashikha","АО Мострансавто (МАП № 11 г. Балашиха)","Estimated routing"
"Russia","Balashikha","АО Мострансавто (МАП №1 А/к 1787 г. Люберцы)","Estimated routing"
"Russia","Balashikha","АО Мострансавто (МАП №11 г. Балашиха)","Estimated routing"
"Russia","Balashikha","АО Мострансавто (МАП №11 г.Балашиха)","Estimated routing"
"Russia","Balashikha","АО Мострансавто (МАП №11 производственная база «Щёлково»)","Estimated routing"
"Russia","Balashikha","АО Мострансавто (МАП №12 ПБ г.Орехово-Зуево)","Estimated routing"
"Russia","Balashikha","АО Мострансавто (МАП №12 г. Ногинск)","Estimated routing"
"Russia","Balashikha","АО Мострансавто (Павлово-Посадское ПАТП)","Estimated routing"
"Russia","Balashikha","АО Мострансавто (а/к 1377 г. Балашиха)","Estimated routing"
"Russia","Balashikha","АО Мострансавто (а/к 1377 г.Балашиха)","Estimated routing"
"Russia","Balashikha","АО Мострансавто (а/к 1785 г.Щелково)","Estimated routing"
"Russia","Balashikha","АО Мострансавто (а/к 1785 г.Щёлково)","Estimated routing"
"Russia","Balashikha","АО Мострансавто (а/к № 1377 г. Балашиха)","Estimated routing"
"Russia","Balashikha","АО Мострансавто (а/к № 1377 г.Балашиха)","Estimated routing"
"Russia","Balashikha","АО Мострансавто (а/к №&nbsp 1785 г.&nbsp Щёлково)","Estimated routing"
"Russia","Balashikha","АО Мострансавто (а/к №1377 г. Балашиха)","Estimated routing"
"Russia","Balashikha","АО Мострансавто (а/к №1377 г.Балашиха)","Estimated routing"
"Russia","Balashikha","ГУП Мосгортранс (филиал Восточный)","Estimated routing"
"Russia","Balashikha","ОАО «РЖД» (АО «Центральная пригородная пассажирская компания»)","Estimated routing"
"Russia","Balashikha","ОАО Клаксон","Estimated routing"
"Russia","Balashikha","ОАО Клаксон+","Estimated routing"
"Russia","Balashikha","ООО АвтоЛидер","Estimated routing"
"Russia","Balashikha","ООО АвтоТранс","Estimated routing"
"Russia","Balashikha","ООО Автокольцо","Estimated routing"
"Russia","Balashikha","ООО Автолидер","Estimated routing"
"Russia","Balashikha","ООО Автомиг","Estimated routing"
"Russia","Balashikha","ООО Балашиха-Экспресс","Estimated routing"
"Russia","Balashikha","ООО Балашиха-экспресс","Estimated routing"
"Russia","Balashikha","ООО Вест Лайн","Estimated routing"
"Russia","Balashikha","ООО Вест-Лайн","Estimated routing"
"Russia","Balashikha","ООО Восток Авто","Estimated routing"
"Russia","Balashikha","ООО Домтрансавто","Estimated routing"
"Russia","Balashikha","ООО Клаксон","Estimated routing"
"Russia","Balashikha","ООО Клаксон+","Estimated routing"
"Russia","Balashikha","ООО Компания Люберецкое транспортное агенство","Estimated routing"
"Russia","Balashikha","ООО Ранд-Транс","Estimated routing"
"Russia","Balashikha","ООО Ранд-транс","Estimated routing"
"Russia","Balashikha","ООО Таксомоторный парк № 20","Estimated routing"
"Russia","Bataysk","Transit agency (Bataysk)","Estimated routing"
"Russia","Bataysk","Transit agency (Volgograd)","Estimated routing"
"Russia","Bataysk","АО «Федеральная пассажирская компания»","Estimated routing"
"Russia","Bataysk","АО Федеральная пассажирская компания","Estimated routing"
"Russia","Bataysk","ОАО «РЖД»/АО «Северо-Кавказская пригородная пассажирская компания»","Estimated routing"
"Russia","Bataysk","ОАО Батайское АТП-1","Estimated routing"
"Russia","Bataysk","ОАО РЖД/АО Северо-Кавказская пассажирская пригородная компания","Estimated routing"
"Russia","Bataysk","ОАО РЖД/АО Северо-Кавказская пригородная пассажирская компания","Estimated routing"
"Russia","Bataysk","ООО Аксай-Авто","Estimated routing"
"Russia","Bataysk","ООО Волгодонское ПАТП-1","Estimated routing"
"Russia","Bataysk","ООО ТК Автолайн","Estimated routing"
"Russia","Belgorod","Transit agency (Belgorod)","Estimated routing"
"Russia","Belgorod","Transit agency (Shebekino)","Estimated routing"
"Russia","Belgorod","АО «Федеральная пассажирская компания»","Estimated routing"
"Russia","Belgorod","АО Федеральная пассажирская компания","Estimated routing"
"Russia","Belgorod","АвтоМиг","Estimated routing"
"Russia","Belgorod","Автоколонна 1403","Estimated routing"
"Russia","Belgorod","Беловское ГПАТП КО","Estimated routing"
"Russia","Belgorod","Валуйская Автоколонна","Estimated routing"
"Russia","Belgorod","Вейделевская Автоколонна","Estimated routing"
"Russia","Belgorod","ЗАО Движение","Estimated routing"
"Russia","Belgorod","ИП Агеев Ю.Н.","Estimated routing"
"Russia","Belgorod","ИП Гриднев Е.Е.","Estimated routing"
"Russia","Belgorod","ИП Гусейнов А.С.О. и другие","Estimated routing"
"Russia","Belgorod","ИП Дубенский А.В.","Estimated routing"
"Russia","Belgorod","ИП Дьяченко Г.А. Ивнянское АТП","Estimated routing"
"Russia","Belgorod","ИП Капустин Ю.В.","Estimated routing"
"Russia","Belgorod","ИП Манюшко М.Ю.","Estimated routing"
"Russia","Belgorod","ИП Положышник Э.А.","Estimated routing"
"Russia","Belgorod","ИП Федотова Е.П.","Estimated routing"
"Russia","Belgorod","Красногвардейское АТП","Estimated routing"
"Russia","Belgorod","Курская Пассажирская Компания","Estimated routing"
"Russia","Belgorod","ОАО «РЖД» (АО «Пригородная пассажирская компания «Черноземье»)","Estimated routing"
"Russia","Belgorod","ОАО «РЖД»/АО «ФПК»","Estimated routing"
"Russia","Belgorod","ОАО ПАТП #1149","Estimated routing"
"Russia","Belgorod","ОАО РЖД/АО ФПК","Estimated routing"
"Russia","Belgorod","ООО «Единая транспортная компания»","Estimated routing"
"Russia","Belgorod","ООО «Регионавтотранс»","Estimated routing"
"Russia","Belgorod","ООО АВТОМИГ","Estimated routing"
"Russia","Belgorod","ООО Агаттрансавто ИП Федотова Е.П.","Estimated routing"
"Russia","Belgorod","ООО Белгородский автовокзал","Estimated routing"
"Russia","Belgorod","ООО Белгородский автовокзал/ИП Федотова Е.П.","Estimated routing"
"Russia","Belgorod","ООО Валуйская АК","Estimated routing"
"Russia","Belgorod","ООО ГПП","Estimated routing"
"Russia","Belgorod","ООО ЕТК","Estimated routing"
"Russia","Belgorod","ООО Кавказ Лайн","Estimated routing"
"Russia","Belgorod","ООО Корочанское ПАТП","Estimated routing"
"Russia","Belgorod","ООО ПЭЛ-3 Валуйская Автоколонна","Estimated routing"
"Russia","Belgorod","ООО ТРЦ РИО","Estimated routing"
"Russia","Belgorod","ООО Тяга/ВолгаЛайн","Estimated routing"
"Russia","Belgorod","ООО ЭКОПОЛИС","Estimated routing"
"Russia","Belgorod","ООО ЭкоПолис","Estimated routing"
"Russia","Belgorod","ЧАО ДОПАС","Estimated routing"
"Russia","Belgorod","Юг-Трэвэл","Estimated routing"
"Russia","Blagoveshchensk","Transit agency (Blagoveshchensk)","Estimated routing"
"Russia","Blagoveshchensk","АО «Федеральная пассажирская компания»","Estimated routing"
"Russia","Blagoveshchensk","АО Акционерная компания Железные дороги Якутии","Estimated routing"
"Russia","Blagoveshchensk","АО Федеральная пассажирская компания","Estimated routing"
"Russia","Blagoveshchensk","Автоколонна 1275","Estimated routing"
"Russia","Blagoveshchensk","Автоколонна № 1275","Estimated routing"
"Russia","Blagoveshchensk","Автоколонна-1275","Estimated routing"
"Russia","Blagoveshchensk","ИП Помазков Е.И.","Estimated routing"
"Russia","Blagoveshchensk","ИП Цилибеев С.В.","Estimated routing"
"Russia","Blagoveshchensk","ИП. Степанчук Леонид Николаевич","Estimated routing"
"Russia","Blagoveshchensk","МП Автоколонна 1275","Estimated routing"
"Russia","Blagoveshchensk","МП Автоколонна № 1275","Estimated routing"
"Russia","Blagoveshchensk","ООО ПТК","Estimated routing"
"Russia","Bratsk","Transit agency (Bratsk)","Estimated routing"
"Russia","Bratsk","Transit agency (Vikhorevka)","Estimated routing"
"Russia","Bratsk","АО «Федеральная пассажирская компания»","Estimated routing"
"Russia","Bratsk","АО Федеральная пассажирская компания","Estimated routing"
"Russia","Bratsk","ИП Смирнов","Estimated routing"
"Russia","Bratsk","МПАТП","Estimated routing"
"Russia","Bratsk","МУП «ЦАП»","Estimated routing"
"Russia","Bratsk","МУП Пассажирское автотранспортное предприятие частные перевозчики","Estimated routing"
"Russia","Bratsk","Муниципальное предприятие Братское троллейбусное управление","Estimated routing"
"Russia","Bratsk","ООО БЭСТ","Estimated routing"
"Russia","Bryansk","Transit agency (Bryansk)","Estimated routing"
"Russia","Bryansk","АО «Федеральная пассажирская компания»","Estimated routing"
"Russia","Bryansk","АО АК-1403","Estimated routing"
"Russia","Bryansk","АО Брянская автоколонна № 1403","Estimated routing"
"Russia","Bryansk","АО Федеральная пассажирская компания","Estimated routing"
"Russia","Bryansk","АО Центральная ППК","Estimated routing"
"Russia","Bryansk","Автоколонна 1403","Estimated routing"
"Russia","Bryansk","Автоколонна №1403 Карачевское АТП","Estimated routing"
"Russia","Bryansk","Беларуская Чыгунка","Estimated routing"
"Russia","Bryansk","ГК Ярцевперевоз (ООО Ярцевперевоз)","Estimated routing"
"Russia","Bryansk","ГУП Автоколонна 1403","Estimated routing"
"Russia","Bryansk","ГУП Брянская автоколонна 1403","Estimated routing"
"Russia","Bryansk","ГУП Брянская автоколонна № 1403","Estimated routing"
"Russia","Bryansk","ЗАО Межавтотранс","Estimated routing"
"Russia","Bryansk","ЗАО НПР Автотранс г. Десногорск","Estimated routing"
"Russia","Bryansk","ИП А.И. Сныцарев ИП А.П. Доценко","Estimated routing"
"Russia","Bryansk","ИП Акимов В.А.","Estimated routing"
"Russia","Bryansk","ИП Гросс А.В.","Estimated routing"
"Russia","Bryansk","ИП Ефимов Д.М.","Estimated routing"
"Russia","Bryansk","ИП Желнова Л.И.","Estimated routing"
"Russia","Bryansk","ИП Ивашин Ю.Н.","Estimated routing"
"Russia","Bryansk","ИП Максименков С.В.","Estimated routing"
"Russia","Bryansk","ИП Махотин Д.Ю.","Estimated routing"
"Russia","Bryansk","ИП Павликова О.И.","Estimated routing"
"Russia","Bryansk","ИП Сивирин А.А.","Estimated routing"
"Russia","Bryansk","ИП Скрипицын В.Ф.","Estimated routing"
"Russia","Bryansk","ИП Соловьев В.В.","Estimated routing"
"Russia","Bryansk","ИП Сусоев В.М.","Estimated routing"
"Russia","Bryansk","ИП Филин В.А.","Estimated routing"
"Russia","Bryansk","ИП Филин И.А.","Estimated routing"
"Russia","Bryansk","ИП Хуткин Д.Е.","Estimated routing"
"Russia","Bryansk","МУ БГПАТП","Estimated routing"
"Russia","Bryansk","МУП Брянское троллейбусное управление","Estimated routing"
"Russia","Bryansk","МУП Брянское троллейбусное управление: троллейбусное депо имени А.В. Сидорова (№ 1) и Бежицкое троллейбусное депо (№ 2)","Estimated routing"
"Russia","Bryansk","МУП Хвастовичское АТП","Estimated routing"
"Russia","Bryansk","ОАО «РЖД» (АО «Центральная пригородная пассажирская компания»)","Estimated routing"
"Russia","Bryansk","ОАО «РЖД»/АО «Центральная пригородная пассажирская компания»","Estimated routing"
"Russia","Bryansk","ОАО Автоколонна 1535 (ОАО Транспортник)","Estimated routing"
"Russia","Bryansk","ОАО Автоколонна 1655","Estimated routing"
"Russia","Bryansk","ОАО Гомельский автобусный парк № 1 ООО Столица Мира","Estimated routing"
"Russia","Bryansk","ОАО Транспортник","Estimated routing"
"Russia","Bryansk","ООО Автовокзал-Сервис","Estimated routing"
"Russia","Bryansk","ООО Антис","Estimated routing"
"Russia","Bryansk","ООО БМТ","Estimated routing"
"Russia","Bryansk","ООО Клён 2","Estimated routing"
"Russia","Bryansk","ООО Транс-Авто","Estimated routing"
"Russia","Bryansk","СОГУП ВМАП и ПАМП г Смоленск","Estimated routing"
"Russia","Cheboksary","ECOLINES-RUS","Estimated routing"
"Russia","Cheboksary","Transit agency (Cheboksary)","Estimated routing"
"Russia","Cheboksary","Transit agency (Dzerzhinsk)","Estimated routing"
"Russia","Cheboksary","Transit agency (Yoshkar-Ola)","Estimated routing"
"Russia","Cheboksary","АО АвтоВАС","Estimated routing"
"Russia","Cheboksary","АО ЕКА","Estimated routing"
"Russia","Cheboksary","АО Федеральная пассажирская компания","Estimated routing"
"Russia","Cheboksary","ГУП Башавтотранс (Уфимское ПАТП-3)","Estimated routing"
"Russia","Cheboksary","ГУП Башавтотранс филиал Уфимское АТП 3","Estimated routing"
"Russia","Cheboksary","ГУП ЧР Чувашавтотранс","Estimated routing"
"Russia","Cheboksary","ЗАО ГТП","Estimated routing"
"Russia","Cheboksary","ЗАО Городской таксомоторный парк","Estimated routing"
"Russia","Cheboksary","ИП Антонов Н. А.","Estimated routing"
"Russia","Cheboksary","ИП Архипов С. П.","Estimated routing"
"Russia","Cheboksary","ИП Архипова И.М.","Estimated routing"
"Russia","Cheboksary","ИП Васильев В.Г.","Estimated routing"
"Russia","Cheboksary","ИП Васильев В.П.","Estimated routing"
"Russia","Cheboksary","ИП Васильев О.Г.","Estimated routing"
"Russia","Cheboksary","ИП Евдокимова Наталья Анатольевна","Estimated routing"
"Russia","Cheboksary","ИП Евсюков Олег Петрович","Estimated routing"
"Russia","Cheboksary","ИП Жуков В. В.","Estimated routing"
"Russia","Cheboksary","ИП Жуков В.В.","Estimated routing"
"Russia","Cheboksary","ИП Казанков Игорь Николаевич","Estimated routing"
"Russia","Cheboksary","ИП Конев Илья Васильевич","Estimated routing"
"Russia","Cheboksary","ИП Кукушкин А.А","Estimated routing"
"Russia","Cheboksary","ИП Кулюкина Ирина Петровна","Estimated routing"
"Russia","Cheboksary","ИП Прохоров Д.А.","Estimated routing"
"Russia","Cheboksary","ИП Радчук В.И. ООО Альбатрос ИП Мидуков С.В. ИП Мызина С.А","Estimated routing"
"Russia","Cheboksary","ИП Салмин А.П.","Estimated routing"
"Russia","Cheboksary","ИП Соловьев С.Б.","Estimated routing"
"Russia","Cheboksary","ИП Сорокина Л. Н.","Estimated routing"
"Russia","Cheboksary","ИП Софронов Г. Н.","Estimated routing"
"Russia","Cheboksary","ИП Софронов Геннадий Николаевич","Estimated routing"
"Russia","Cheboksary","ИП Федотов В. В.","Estimated routing"
"Russia","Cheboksary","ИП Федотов Вячеслав Васильевич","Estimated routing"
"Russia","Cheboksary","ИП Шарафутдинов Н.Ш.","Estimated routing"
"Russia","Cheboksary","МУП Башавтотранс (Уфимское ПАТП-3)","Estimated routing"
"Russia","Cheboksary","МУП Чебоксарское Троллейбусное Управление","Estimated routing"
"Russia","Cheboksary","МУП Чебоксарское троллейбусное управление","Estimated routing"
"Russia","Cheboksary","Марийская транспортная компания","Estimated routing"
"Russia","Cheboksary","Никитин И. В.","Estimated routing"
"Russia","Cheboksary","ОАО «РЖД» (АО «Содружество»)","Estimated routing"
"Russia","Cheboksary","ООО «Первая Транспортная Медиакомпания»","Estimated routing"
"Russia","Cheboksary","ООО АТП г. Нижний Новгород ИП Мызина С.А.","Estimated routing"
"Russia","Cheboksary","ООО Авто Лидер","Estimated routing"
"Russia","Cheboksary","ООО АвтоТраст","Estimated routing"
"Russia","Cheboksary","ООО АвтоУспех","Estimated routing"
"Russia","Cheboksary","ООО Альбатрос ИП Шарий Е.М.","Estimated routing"
"Russia","Cheboksary","ООО ГМП","Estimated routing"
"Russia","Cheboksary","ООО Гепард","Estimated routing"
"Russia","Cheboksary","ООО Крокус авто","Estimated routing"
"Russia","Cheboksary","ООО Крокус-авто","Estimated routing"
"Russia","Cheboksary","ООО Лидер-Авто","Estimated routing"
"Russia","Cheboksary","ООО ПШФ Швейзер","Estimated routing"
"Russia","Cheboksary","ООО Павлов и К ИП Никитин Иван Николаевич","Estimated routing"
"Russia","Cheboksary","ООО Первая Транспортная Медиакомпания","Estimated routing"
"Russia","Cheboksary","ООО Первая транспортная медиакомпания","Estimated routing"
"Russia","Cheboksary","ООО Союз-4","Estimated routing"
"Russia","Cheboksary","ООО Союз-4.","Estimated routing"
"Russia","Cheboksary","ООО ТК Автолига","Estimated routing"
"Russia","Cheboksary","ООО ТМК-1","Estimated routing"
"Russia","Cheboksary","ООО ТМК1","Estimated routing"
"Russia","Cheboksary","ООО ТМК1 ИП Степанов Николай Иванович ООО Пилигримм ИП Никитин Иван Николаевич","Estimated routing"
"Russia","Cheboksary","ПК ЧПАТП-2","Estimated routing"
"Russia","Cheboksary","Федеральная Пассажирская Компания (ФПК)","Estimated routing"
"Russia","Chelyabinsk","Transit agency (Chelyabinsk)","Estimated routing"
"Russia","Chelyabinsk","АО «Федеральная пассажирская компания»","Estimated routing"
"Russia","Chelyabinsk","АО Нязепетровское АТП ООО Шестой Автобусный Парк","Estimated routing"
"Russia","Chelyabinsk","АО РЖД/АО Федеральная пассажирская компания","Estimated routing"
"Russia","Chelyabinsk","АО ТК Гранд Сервис Экспресс","Estimated routing"
"Russia","Chelyabinsk","АО Федеральная пассажирская компания","Estimated routing"
"Russia","Chelyabinsk","Брединское АТП","Estimated routing"
"Russia","Chelyabinsk","Варненское МАТП","Estimated routing"
"Russia","Chelyabinsk","Группа компаний Консул (ООО Консул)","Estimated routing"
"Russia","Chelyabinsk","Группа компаний Консул (ООО Челябинское такси)","Estimated routing"
"Russia","Chelyabinsk","Группа компаний Кумир-Автолайн (ООО Автотранс+)","Estimated routing"
"Russia","Chelyabinsk","Группа компаний Кумир-Автолайн (ООО Кумир-Автолайн 2)","Estimated routing"
"Russia","Chelyabinsk","Группа компаний Кумир-Автолайн (ООО Кумир-Автолайн)","Estimated routing"
"Russia","Chelyabinsk","Группа компаний Кумир-Автолайн (ООО Кумир-Автолайн-2)","Estimated routing"
"Russia","Chelyabinsk","Группа компаний Кумир-Автолайн (ООО Мегаавто)","Estimated routing"
"Russia","Chelyabinsk","Группа компаний Сервис-Транс (ООО АТП-1)","Estimated routing"
"Russia","Chelyabinsk","Группа компаний Сервис-Транс (ООО Автобан)","Estimated routing"
"Russia","Chelyabinsk","Группа компаний Сервис-Транс (ООО Автолайн)","Estimated routing"
"Russia","Chelyabinsk","Группа компаний Сервис-Транс (ООО Автолига)","Estimated routing"
"Russia","Chelyabinsk","Группа компаний Сервис-Транс (ООО Автолуч)","Estimated routing"
"Russia","Chelyabinsk","Группа компаний Сервис-Транс (ООО Новые дороги)","Estimated routing"
"Russia","Chelyabinsk","Группа компаний Сервис-Транс (ООО Сервис-Транс)","Estimated routing"
"Russia","Chelyabinsk","Группа компаний Сервис-Транс (ООО Челябавтобус)","Estimated routing"
"Russia","Chelyabinsk","Группа компаний Такси-Сервис (ООО Копейское Маршрутное Такси)","Estimated routing"
"Russia","Chelyabinsk","Группа компаний Такси-Сервис (ООО Такси-Сервис)","Estimated routing"
"Russia","Chelyabinsk","Группа компаний Такси-Сервис (ООО ЧелябГорТранс)","Estimated routing"
"Russia","Chelyabinsk","ИП Галкин А.В.","Estimated routing"
"Russia","Chelyabinsk","ИП Глухов П.В.","Estimated routing"
"Russia","Chelyabinsk","ИП Говорухин В.А. ИП Капустин К.С. ООО Урал-Авто ООО Четвёртый автобусный парк ООО Пятый автобусный парк","Estimated routing"
"Russia","Chelyabinsk","ИП Деменюк С.А.","Estimated routing"
"Russia","Chelyabinsk","ИП Дудка А.Н.","Estimated routing"
"Russia","Chelyabinsk","ИП Карпова М.А.","Estimated routing"
"Russia","Chelyabinsk","ИП Корнеев С.А.","Estimated routing"
"Russia","Chelyabinsk","ИП Маколова Е.Ю.","Estimated routing"
"Russia","Chelyabinsk","ИП Осинский Д.В.","Estimated routing"
"Russia","Chelyabinsk","ИП Самков В.Г.","Estimated routing"
"Russia","Chelyabinsk","ИП Темникова Т.В.","Estimated routing"
"Russia","Chelyabinsk","Компания Альбатрос","Estimated routing"
"Russia","Chelyabinsk","Кумир-Автолайн","Estimated routing"
"Russia","Chelyabinsk","Кумир-автолайн","Estimated routing"
"Russia","Chelyabinsk","МУП Служба Организации Движения","Estimated routing"
"Russia","Chelyabinsk","МУП ЧелябГорЭлектроТранс","Estimated routing"
"Russia","Chelyabinsk","ОАО «РЖД» (АО «Свердловская пригородная пассажирская компания»)","Estimated routing"
"Russia","Chelyabinsk","ОАО «РЖД» (Челябинская детская железная дорога)","Estimated routing"
"Russia","Chelyabinsk","ОАО РЖД/ АО ФПК","Estimated routing"
"Russia","Chelyabinsk","ООО :Прогрессия ООО Магнитогорское АТП","Estimated routing"
"Russia","Chelyabinsk","ООО А Тендер Групп","Estimated routing"
"Russia","Chelyabinsk","ООО АТП КУСА-АВТО","Estimated routing"
"Russia","Chelyabinsk","ООО Автолайн","Estimated routing"
"Russia","Chelyabinsk","ООО Автотранс","Estimated routing"
"Russia","Chelyabinsk","ООО Автотранс +","Estimated routing"
"Russia","Chelyabinsk","ООО Автотранс плюс","Estimated routing"
"Russia","Chelyabinsk","ООО Автотранс+","Estimated routing"
"Russia","Chelyabinsk","ООО Автотранспортное предприятие 1","Estimated routing"
"Russia","Chelyabinsk","ООО Автоэкспресс","Estimated routing"
"Russia","Chelyabinsk","ООО Аль-Транс","Estimated routing"
"Russia","Chelyabinsk","ООО Альфа","Estimated routing"
"Russia","Chelyabinsk","ООО Второй Автобусный Парк","Estimated routing"
"Russia","Chelyabinsk","ООО Второй Автобусный Парк ООО Третий Автобусный Парк","Estimated routing"
"Russia","Chelyabinsk","ООО Второй автобусный парк","Estimated routing"
"Russia","Chelyabinsk","ООО Городской Электрический Транспорт","Estimated routing"
"Russia","Chelyabinsk","ООО Гранд","Estimated routing"
"Russia","Chelyabinsk","ООО ЕСТА","Estimated routing"
"Russia","Chelyabinsk","ООО Еманжелинск-ЕСТА","Estimated routing"
"Russia","Chelyabinsk","ООО Консул","Estimated routing"
"Russia","Chelyabinsk","ООО Коркинское АТП","Estimated routing"
"Russia","Chelyabinsk","ООО Коркинское АвтоТранспортное предприятие","Estimated routing"
"Russia","Chelyabinsk","ООО Кременкульское АТП","Estimated routing"
"Russia","Chelyabinsk","ООО Кременкульское ПАТП","Estimated routing"
"Russia","Chelyabinsk","ООО МАП","Estimated routing"
"Russia","Chelyabinsk","ООО Магнитогорское автотранспортное предприятие г.Магнитогорск","Estimated routing"
"Russia","Chelyabinsk","ООО МегаАвтоТранс","Estimated routing"
"Russia","Chelyabinsk","ООО Мегаавто","Estimated routing"
"Russia","Chelyabinsk","ООО Мегаавто ООО Четвёртый автобусный парк","Estimated routing"
"Russia","Chelyabinsk","ООО Мегаавто ООО Четвёртый автобусный парк ООО ТК Иремель","Estimated routing"
"Russia","Chelyabinsk","ООО Мегавто","Estimated routing"
"Russia","Chelyabinsk","ООО Навигатор","Estimated routing"
"Russia","Chelyabinsk","ООО Общественный Городской Транспорт","Estimated routing"
"Russia","Chelyabinsk","ООО Первая Транспортная Корпорация (ООО Второй Автобусный Парк)","Estimated routing"
"Russia","Chelyabinsk","ООО Первая Транспортная Корпорация (ООО Третий автобусный парк)","Estimated routing"
"Russia","Chelyabinsk","ООО Первая гильдия+","Estimated routing"
"Russia","Chelyabinsk","ООО Планер","Estimated routing"
"Russia","Chelyabinsk","ООО Пласт-Авто","Estimated routing"
"Russia","Chelyabinsk","ООО Пятый автобусный парк","Estimated routing"
"Russia","Chelyabinsk","ООО Пятый автобусный парк ООО Шестой автобусный парк","Estimated routing"
"Russia","Chelyabinsk","ООО РАП","Estimated routing"
"Russia","Chelyabinsk","ООО Региональные Автобусные Перевозки","Estimated routing"
"Russia","Chelyabinsk","ООО Региональные автобусные перевозки","Estimated routing"
"Russia","Chelyabinsk","ООО Солнечный город","Estimated routing"
"Russia","Chelyabinsk","ООО ТК Иремель","Estimated routing"
"Russia","Chelyabinsk","ООО ТК Иремель (г. Чебаркуль)","Estimated routing"
"Russia","Chelyabinsk","ООО ТРАНС-плюс","Estimated routing"
"Russia","Chelyabinsk","ООО ТФ Профиль","Estimated routing"
"Russia","Chelyabinsk","ООО Такси-сервис Ком","Estimated routing"
"Russia","Chelyabinsk","ООО Тодес","Estimated routing"
"Russia","Chelyabinsk","ООО Трейд-Авто","Estimated routing"
"Russia","Chelyabinsk","ООО Третий Автобусный Парк","Estimated routing"
"Russia","Chelyabinsk","ООО Урал-Авто","Estimated routing"
"Russia","Chelyabinsk","ООО Урал-Дом","Estimated routing"
"Russia","Chelyabinsk","ООО Уральская транспортная компания","Estimated routing"
"Russia","Chelyabinsk","ООО Фаэтон","Estimated routing"
"Russia","Chelyabinsk","ООО ЧелябГЭТ","Estimated routing"
"Russia","Chelyabinsk","ООО ЧелябГорТранс","Estimated routing"
"Russia","Chelyabinsk","ООО Челябинское маршрутное такси","Estimated routing"
"Russia","Chelyabinsk","ООО Челябинское такси","Estimated routing"
"Russia","Chelyabinsk","ООО Четвёртый автобусный парк ООО Пятый автобусный парк ООО Шестой автобусный парк ООО Автокомп","Estimated routing"
"Russia","Chelyabinsk","ООО Четвёртый автобусный парк Челябинска","Estimated routing"
"Russia","Chelyabinsk","ООО Шестой автобусный парк","Estimated routing"
"Russia","Chelyabinsk","ООО Эдельвейс","Estimated routing"
"Russia","Chelyabinsk","Сервис-Транс","Estimated routing"
"Russia","Cherepovets","АО «Федеральная пассажирская компания»","Estimated routing"
"Russia","Cherepovets","АО Федеральная пассажирская компания","Estimated routing"
"Russia","Cherepovets","ГП ЯО Ярославское АТП (Пошехонское АТП)","Estimated routing"
"Russia","Cherepovets","МУП Автоколонна 1456 ¹ ИП Люлин С.А. ²","Estimated routing"
"Russia","Cherepovets","МУП Автоколонна 1456 ¹ ООО ЗемСтрой²","Estimated routing"
"Russia","Cherepovets","МУП Автоколонна 1456 ИП Ермаков Е.А.","Estimated routing"
"Russia","Cherepovets","МУП Автоколонна 1456 ИП Исаков А.С.","Estimated routing"
"Russia","Cherepovets","МУП Автоколонна 1456 ООО Вытегорское ПАТП","Estimated routing"
"Russia","Cherepovets","МУП Автоколонна 1456¹ ГП ЯО Ярославское АТП (Рыбинский филиал)²","Estimated routing"
"Russia","Cherepovets","МУП Автоколонна № 1456","Estimated routing"
"Russia","Cherepovets","МУП Автоколонна №1 456","Estimated routing"
"Russia","Cherepovets","МУП Автоколонна №1456","Estimated routing"
"Russia","Cherepovets","МУП Пассажирские перевозки МУП Автоколонна 1456","Estimated routing"
"Russia","Cherepovets","МУП Электротранс","Estimated routing"
"Russia","Cherepovets","ОАО «РЖД» (АО «Северная пригородная пассажирская компания»)","Estimated routing"
"Russia","Cherepovets","ООО АТП-Чагода ¹ ООО ВПБА Автобус ² МУП Автоколонна 1456 ³","Estimated routing"
"Russia","Cherepovets","ООО ВПБА Автобус","Estimated routing"
"Russia","Cherepovets","ООО ЗемСтрой","Estimated routing"
"Russia","Cherepovets","ООО Новотранс","Estimated routing"
"Russia","Cherepovets","ООО Петербургская транспортная компания","Estimated routing"
"Russia","Cherepovets","ООО Таксопарк","Estimated routing"
"Russia","Cherepovets","ООО Череповецтрансагентство","Estimated routing"
"Russia","Cherepovets","ООО Череповецтрансагентство ИП Суворов Евгений Витальевич","Estimated routing"
"Russia","Cherepovets","Устюженское МУ ПАТП МУП Автоколонна 1456","Estimated routing"
"Russia","Cherepovets","Устюженское МУ ПАТП¹ ИП Люлин С.А.²","Estimated routing"
"Russia","Cherkessk","Transit agency (Cherkessk)","Estimated routing"
"Russia","Cherkessk","Transit agency (Maykop )","Estimated routing"
"Russia","Cherkessk","ИП Бижев Х.А.","Estimated routing"
"Russia","Cherkessk","МУП ЧГ ПАТП - 1","Estimated routing"
"Russia","Cherkessk","МУП ЧГ ПАТП - 1 ОО Мотор","Estimated routing"
"Russia","Cherkessk","ОАО «РЖД»/АО «Северо-Кавказская пригородная пассажирская компания»","Estimated routing"
"Russia","Cherkessk","ПАТП-1","Estimated routing"
"Russia","Cherkessk","ЧГМУП ПАТП-1","Estimated routing"
"Russia","Cherkessk","ЧГМУП Троллейбусное управление","Estimated routing"
"Russia","Derbent","АО «Федеральная пассажирская компания»","Estimated routing"
"Russia","Derbent","АО Дербентское ПАТП","Estimated routing"
"Russia","Derbent","ИП Абдулатипов М.Г.","Estimated routing"
"Russia","Derbent","ИП Абдуллаев М.Р.","Estimated routing"
"Russia","Derbent","ИП Гаджиев Д.А.","Estimated routing"
"Russia","Derbent","ОАО «РЖД» («Северо-Кавказская пригородная пассажирская компания»)","Estimated routing"
"Russia","Derbent","ОАО Дербентское ПАТП","Estimated routing"
"Russia","Derbent","ООО Дербентгортранс","Estimated routing"
"Russia","Derbent","ООО Огни Автотранс","Estimated routing"
"Russia","Dimitrovgrad","Transit agency (Dimitrovgrad)","Estimated routing"
"Russia","Dimitrovgrad","АО «Федеральная пассажирская компания»","Estimated routing"
"Russia","Dimitrovgrad","АО Альметьевское ПОПАТ","Estimated routing"
"Russia","Dimitrovgrad","АО ЕКА","Estimated routing"
"Russia","Dimitrovgrad","АО Казанское ПАТП-1","Estimated routing"
"Russia","Dimitrovgrad","АО Ульяновское ПАТП-1","Estimated routing"
"Russia","Dimitrovgrad","АО Федеральная пассажирская компания","Estimated routing"
"Russia","Dimitrovgrad","ИП Галяутдинов З.К.","Estimated routing"
"Russia","Dimitrovgrad","ИП Денисов О.Г.","Estimated routing"
"Russia","Dimitrovgrad","ИП Денисов О.Г. ООО АвтоПрофи","Estimated routing"
"Russia","Dimitrovgrad","ИП Рожкова Н.Е.","Estimated routing"
"Russia","Dimitrovgrad","ИП Рожкова Н.Е. и другие","Estimated routing"
"Russia","Dimitrovgrad","Мордовавтотранс ЖАТП","Estimated routing"
"Russia","Dimitrovgrad","ОАО «РЖД»/АО «Башкортостанская пригородная пассажирская компания»)","Estimated routing"
"Russia","Dimitrovgrad","ООО «Арс-Авто»","Estimated routing"
"Russia","Dimitrovgrad","ООО Авто-экспресс","Estimated routing"
"Russia","Dimitrovgrad","ООО АвтоПрофи","Estimated routing"
"Russia","Dimitrovgrad","ООО АвтоСтар АО ЕКА","Estimated routing"
"Russia","Dimitrovgrad","ООО Автопрофи ООО Перевозка ИП Галяутдинов З.К. ИП Слепцов В.А. ИП Рожкова Н.Е. ОАО ПАТП-1","Estimated routing"
"Russia","Dimitrovgrad","ООО Нижнекамское ПАТП-1","Estimated routing"
"Russia","Eletskiy rayon","АО «Федеральная пассажирская компания»","Estimated routing"
"Russia","Eletskiy rayon","АО ВПАТП-3 ИП Ветров В.А. ИП Барсуков А.И.","Estimated routing"
"Russia","Eletskiy rayon","АО Гранд Сервис Экспресс","Estimated routing"
"Russia","Eletskiy rayon","АО Липецкий пассажирский парк","Estimated routing"
"Russia","Eletskiy rayon","АО Липецкий пассажирский парк ООО AGEEVBUS ª","Estimated routing"
"Russia","Eletskiy rayon","АО Липецкий пассажирский парк ООО AGEEVBUS °","Estimated routing"
"Russia","Eletskiy rayon","АО ТК Гранд Сервис Экспресс","Estimated routing"
"Russia","Eletskiy rayon","АО Федеральная пассажирская компания","Estimated routing"
"Russia","Eletskiy rayon","Беларуская Чыгунка","Estimated routing"
"Russia","Eletskiy rayon","ЕМУП Автоколонна №1499","Estimated routing"
"Russia","Eletskiy rayon","ИП Агеев ИП Чемерис ИП Тихонов ИП Шаталова ИП Бесперстых","Estimated routing"
"Russia","Eletskiy rayon","ИП Агеев Ю.Н","Estimated routing"
"Russia","Eletskiy rayon","ИП Агеев Ю.Н.","Estimated routing"
"Russia","Eletskiy rayon","ИП Хуткин Д.Е.","Estimated routing"
"Russia","Eletskiy rayon","ОАО «РЖД» (АО «Пригородная пассажирская компания «Черноземье»)","Estimated routing"
"Russia","Eletskiy rayon","ОАО Липецкие автобусные линии","Estimated routing"
"Russia","Eletskiy rayon","ОАО РЖД/АО ФПК","Estimated routing"
"Russia","Eletskiy rayon","ОАО Тербунское АТП","Estimated routing"
"Russia","Eletskiy rayon","ООО AGEEVBUS","Estimated routing"
"Russia","Eletskiy rayon","ООО «НИРАЛ-АвтоТранс»","Estimated routing"
"Russia","Eletskiy rayon","ООО «НИРАЛ-АвтоТранс» ООО Долгоруковское АТП","Estimated routing"
"Russia","Eletskiy rayon","ООО Автоколонна № 1363 АО ВПАТП-3","Estimated routing"
"Russia","Eletskiy rayon","ООО Автолига","Estimated routing"
"Russia","Eletskiy rayon","ООО Автолига ИП Агеев Ю.Н.","Estimated routing"
"Russia","Eletskiy rayon","ООО Автолига ИП Бесперстых ИП Степанов ИП Филимонова ИП Тихонов","Estimated routing"
"Russia","Eletskiy rayon","ООО Автолига ИП Гречишкина ИП Филимонова","Estimated routing"
"Russia","Eletskiy rayon","ООО Данковский экспресс","Estimated routing"
"Russia","Eletskiy rayon","ООО Измалковское АТП","Estimated routing"
"Russia","Eletskiy rayon","ООО Краснинское АТП","Estimated routing"
"Russia","Eletskiy rayon","ООО Тульские автобусные линии ИП Ахметов М.Р.","Estimated routing"
"Russia","Eletskiy rayon","ПАО ВПАТП №3 ОАО Тулаавтотранс (Автоколонна № 1411)","Estimated routing"
"Russia","Engel's","Transit agency (Engels)","Estimated routing"
"Russia","Engel's","Transit agency (Marks)","Estimated routing"
"Russia","Engel's","Transit agency (Saratov)","Estimated routing"
"Russia","Engel's","АО «Федеральная пассажирская компания»","Estimated routing"
"Russia","Engel's","АО Автоколонна #40","Estimated routing"
"Russia","Engel's","АО Межгородтранс","Estimated routing"
"Russia","Engel's","АО РЖД/АО Федеральная пассажирская компания","Estimated routing"
"Russia","Engel's","АО Федеральная пассажирская компания","Estimated routing"
"Russia","Engel's","Автокомбинат-2","Estimated routing"
"Russia","Engel's","ИП Ольхов С.Я.","Estimated routing"
"Russia","Engel's","ИП Расторгуев А.С.","Estimated routing"
"Russia","Engel's","ИП Скворцова Елена Михайловна","Estimated routing"
"Russia","Engel's","ИП Сучкова Н.А. и другие","Estimated routing"
"Russia","Engel's","Ип Мурадалиев Казбек Мурадалиевич","Estimated routing"
"Russia","Engel's","МУП Энгельсэлектротранс","Estimated routing"
"Russia","Engel's","МУПП Саратовгорэлектротранс МУП Энгельсэлектротранс","Estimated routing"
"Russia","Engel's","ОАО «РЖД» (АО «Саратовская пригородная пассажирская компания»)","Estimated routing"
"Russia","Engel's","ОАО Автоколонна 40","Estimated routing"
"Russia","Engel's","ОАО Автокомбинат №2","Estimated routing"
"Russia","Engel's","ОАО Межгородтранс","Estimated routing"
"Russia","Engel's","ОАО Межгородтранс ООО ВИКомп+","Estimated routing"
"Russia","Engel's","ООО БПАК","Estimated routing"
"Russia","Engel's","ООО ПАССАЖИРТРАНС","Estimated routing"
"Russia","Engel's","ООО Пассажиртранс","Estimated routing"
"Russia","Engel's","ООО СПАТП-4","Estimated routing"
"Russia","Engel's","ООО СПТП №1","Estimated routing"
"Russia","Engel's","ООО ТК Автолига","Estimated routing"
"Russia","Engel's","ООО Транскомсервис","Estimated routing"
"Russia","Engel's","ООО Транскомсервис и другие","Estimated routing"
"Russia","Engel's","ООО Экспресс-Сервис-Плюс","Estimated routing"
"Russia","Essentuki","Transit agency (Anapa)","Estimated routing"
"Russia","Essentuki","Transit agency (Maykop )","Estimated routing"
"Russia","Essentuki","АО «Федеральная пассажирская компания»","Estimated routing"
"Russia","Essentuki","АО РЖД/АО ФПК","Estimated routing"
"Russia","Essentuki","АО РЖД/АО Федеральная пассажирская компания","Estimated routing"
"Russia","Essentuki","АО ТК Гранд Сервис Экспресс (Таврия)","Estimated routing"
"Russia","Essentuki","АО Федеральная пассажирская компания","Estimated routing"
"Russia","Essentuki","ИП Бормотова Э.А.","Estimated routing"
"Russia","Essentuki","ИП Гладько Д.Б.","Estimated routing"
"Russia","Essentuki","ИП Леонов","Estimated routing"
"Russia","Essentuki","ИП Леонов Г.А.","Estimated routing"
"Russia","Essentuki","ИП Фиев Ю.В.","Estimated routing"
"Russia","Essentuki","ОАО «РЖД» (АО «Северо-Кавказская пригородная пассажирская компания»)","Estimated routing"
"Russia","Essentuki","ОАО «РЖД»/АО «Северо-Кавказская пригородная пассажирская компания»","Estimated routing"
"Russia","Essentuki","ОАО «РЖД»/АО «Северо-Кавказская пригородная пассажирская компания»)","Estimated routing"
"Russia","Essentuki","ОАО Пятигорскавтокомсервис","Estimated routing"
"Russia","Essentuki","ОАО Пятигорскавтокомсервис ООО Авто-Транс+","Estimated routing"
"Russia","Essentuki","ОАО РЖД/АО ФПК","Estimated routing"
"Russia","Essentuki","ООО «Кооптранс» ИП Березницкий А.Н.","Estimated routing"
"Russia","Essentuki","ООО АТП Кавказ-КМВ","Estimated routing"
"Russia","Essentuki","ООО Авто-Транс+","Estimated routing"
"Russia","Essentuki","ООО Автоэкспресс ИП Леонов Г.А.","Estimated routing"
"Russia","Essentuki","ООО Кавказ Лайн","Estimated routing"
"Russia","Essentuki","ООО Кооптранс","Estimated routing"
"Russia","Essentuki","ООО Огъурлу-жол","Estimated routing"
"Russia","Essentuki","ООО Паскомсервис","Estimated routing"
"Russia","Essentuki","ООО Регион ЛТД","Estimated routing"
"Russia","Essentuki","ООО СКТК","Estimated routing"
"Russia","Essentuki","ООО Терек ЛТД","Estimated routing"
"Russia","Essentuki","ООО Терек ЛТД ИП Петров Н.И.","Estimated routing"
"Russia","Essentuki","ООО Техсервис","Estimated routing"
"Russia","Essentuki","ООО Техсервис ООО Автоэкспресс ИП Фиев Ю.В.","Estimated routing"
"Russia","Essentuki","ООО Юг Авто-Тур-Транс","Estimated routing"
"Russia","Gorno-Altaisk","Transit agency (Gorno-Altaysk)","Estimated routing"
"Russia","Gorno-Altaisk","Горно-Алтайский городской союз индивидуальных автопредпринимателей","Estimated routing"
"Russia","Gorno-Altaisk","ИП Тупикин А.В.","Estimated routing"
"Russia","Gorno-Altaisk","Ип Гришина Н.В","Estimated routing"
"Russia","Gorno-Altaisk","ОАО Горно-Алтайское ПАТП","Estimated routing"
"Russia","Gorno-Altaisk","ОАО Горно-Алтайское ПАТП Горно-Алтайский городской союз индивидуальных автопредпринимателей","Estimated routing"
"Russia","Gorno-Altaisk","ООО Автотранссиб","Estimated routing"
"Russia","Gorno-Altaisk","ООО Городской союз ИП","Estimated routing"
"Russia","Gorodskoy okrug Murom","Transit agency (Murom)","Estimated routing"
"Russia","Gorodskoy okrug Murom","Transit agency (Nizhny Novgorod)","Estimated routing"
"Russia","Gorodskoy okrug Murom","АО «Федеральная пассажирская компания»","Estimated routing"
"Russia","Gorodskoy okrug Murom","АО Меленковское АТП ООО Автотранс-Сервис","Estimated routing"
"Russia","Gorodskoy okrug Murom","АО Муромское ПАТП","Estimated routing"
"Russia","Gorodskoy okrug Murom","АО Федеральная пассажирская компания","Estimated routing"
"Russia","Gorodskoy okrug Murom","ИП Белянцев С.В.","Estimated routing"
"Russia","Gorodskoy okrug Murom","ИП Васильев А.Н.","Estimated routing"
"Russia","Gorodskoy okrug Murom","ИП Васильев А.Н. ИП Белянцев С.В.","Estimated routing"
"Russia","Gorodskoy okrug Murom","ИП Джишкариани Тамара Джарназиевна","Estimated routing"
"Russia","Gorodskoy okrug Murom","ИП Захаров Юрий Владимирович","Estimated routing"
"Russia","Gorodskoy okrug Murom","ИП Климов В.С.","Estimated routing"
"Russia","Gorodskoy okrug Murom","ИП Климов В.С. ИП Белянцев С.В.","Estimated routing"
"Russia","Gorodskoy okrug Murom","ИП Климов В.С. ИП Коровин А.Ф.","Estimated routing"
"Russia","Gorodskoy okrug Murom","ИП Коровин А.Ф.","Estimated routing"
"Russia","Gorodskoy okrug Murom","ИП Маркелов Селивановское АТП ГУП Владимирский автовокзал","Estimated routing"
"Russia","Gorodskoy okrug Murom","ИП Роганова А.Н.","Estimated routing"
"Russia","Gorodskoy okrug Murom","ИП Тимонина О.Е.","Estimated routing"
"Russia","Gorodskoy okrug Murom","ИП Тузкова Л.Е.","Estimated routing"
"Russia","Gorodskoy okrug Murom","ИП Шамилина Н.А","Estimated routing"
"Russia","Gorodskoy okrug Murom","ИП Шамилина Н.А.","Estimated routing"
"Russia","Gorodskoy okrug Murom","МП Автостанция","Estimated routing"
"Russia","Gorodskoy okrug Murom","МУП ВПАТП","Estimated routing"
"Russia","Gorodskoy okrug Murom","ОАО «РЖД» (АО «Волго-Вятская пригородная пассажирская компания»)","Estimated routing"
"Russia","Gorodskoy okrug Murom","ОАО Муромское ПАТП","Estimated routing"
"Russia","Gorodskoy okrug Murom","ОАО Селивановское АТП","Estimated routing"
"Russia","Gorodskoy okrug Murom","ООО АТП г.Нижний Новгород","Estimated routing"
"Russia","Gorodskoy okrug Murom","ООО Авто Лидер","Estimated routing"
"Russia","Gorodskoy okrug Murom","ООО Автотранс-Сервис","Estimated routing"
"Russia","Gorodskoy okrug Murom","ООО Альянс - Авто","Estimated routing"
"Russia","Gorodskoy okrug Murom","ООО Владимиравтотранс","Estimated routing"
"Russia","Gorodskoy okrug Murom","ООО Круиз-Авто","Estimated routing"
"Russia","Gorodskoy okrug Murom","ООО Междугородные пассажирские перевозки ИП Шарий Е.М.","Estimated routing"
"Russia","Gorodskoy okrug Murom","ООО СпецТранс ИП Захаров Ю.В. АО Муромское ПАТП","Estimated routing"
"Russia","Gorodskoy okrug Murom","Туристическое агентство ИВАН ДА МАРЬЯ","Estimated routing"
"Russia","Irkutsk","Transit agency (Irkutsk)","Estimated routing"
"Russia","Irkutsk","Transit agency (Shelekhov)","Estimated routing"
"Russia","Irkutsk","АО «Федеральная пассажирская компания»","Estimated routing"
"Russia","Irkutsk","АО Акционерная компания Железные дороги Якутии","Estimated routing"
"Russia","Irkutsk","АО Федеральная пасажирская компания","Estimated routing"
"Russia","Irkutsk","АО Федеральная пассажирская компания","Estimated routing"
"Russia","Irkutsk","ИП Горохов А.Л.","Estimated routing"
"Russia","Irkutsk","ИП Ивлев Сергей Леонидович","Estimated routing"
"Russia","Irkutsk","ИП Кошкин А.Ю.","Estimated routing"
"Russia","Irkutsk","ИП Лавриненко А.В.","Estimated routing"
"Russia","Irkutsk","ИП Махортов С.С.","Estimated routing"
"Russia","Irkutsk","ИП Мицкевич В. А.","Estimated routing"
"Russia","Irkutsk","ИП Непомнящих В. В. ООО ТрансКом","Estimated routing"
"Russia","Irkutsk","ИП Новиков И.А.","Estimated routing"
"Russia","Irkutsk","ИП Новиков С.Л.","Estimated routing"
"Russia","Irkutsk","ИП Рыцева Н.Ш.","Estimated routing"
"Russia","Irkutsk","ИП Рябец С. П.","Estimated routing"
"Russia","Irkutsk","ИП С.Л. Новиков","Estimated routing"
"Russia","Irkutsk","ИП Садков Евгений Юрьевич","Estimated routing"
"Russia","Irkutsk","ИП Хомкова О.О.","Estimated routing"
"Russia","Irkutsk","Иркутскавтотранс Маршрут-Сервис ИП Саломатов","Estimated routing"
"Russia","Irkutsk","МУП Икутскавтотранс","Estimated routing"
"Russia","Irkutsk","МУП ИркутскГорТранс","Estimated routing"
"Russia","Irkutsk","МУП Иркутскавтотранс","Estimated routing"
"Russia","Irkutsk","МУП Иркутскавтотранс (1 машина) ИП Махортов С.С. (4 машины) ИП Пинчуков А.А. (до 30 машин)","Estimated routing"
"Russia","Irkutsk","МУП Иркутскавтотранс ООО Автовек","Estimated routing"
"Russia","Irkutsk","МУП Иркутскавтотранс ООО Сибмаршрут","Estimated routing"
"Russia","Irkutsk","МУП Иркутскавтотранс ООО Транс ЛСО","Estimated routing"
"Russia","Irkutsk","МУП Иркутскавтотранс ОООЭкспресс-Авто","Estimated routing"
"Russia","Irkutsk","МУП Иркутскгортранс","Estimated routing"
"Russia","Irkutsk","МУПИркутскавтотранс","Estimated routing"
"Russia","Irkutsk","ОАО «РЖД» (АО «Байкальская пригородная пассажирская компания»)","Estimated routing"
"Russia","Irkutsk","ООО Автолайн","Estimated routing"
"Russia","Irkutsk","ООО Автомобилист","Estimated routing"
"Russia","Irkutsk","ООО Автомобилист ООО Бригада ИП Новиков С.Л.","Estimated routing"
"Russia","Irkutsk","ООО Автопарк","Estimated routing"
"Russia","Irkutsk","ООО Байкал-Логистик","Estimated routing"
"Russia","Irkutsk","ООО Бригада","Estimated routing"
"Russia","Irkutsk","ООО Бригада ООО ТрансКом","Estimated routing"
"Russia","Irkutsk","ООО ГК Атлант","Estimated routing"
"Russia","Irkutsk","ООО КАРТУР","Estimated routing"
"Russia","Irkutsk","ООО Маршрут-сервис / ИП Абрамов А.А. ИП Маркидонова Е.Д. ООО Автопарк / ИП Шаблова В.В. ООО Транс ЛСО / ИП Ошурков С.Н. ИП Лавриненко А.В. ООО Пантера","Estimated routing"
"Russia","Irkutsk","ООО СевКо","Estimated routing"
"Russia","Irkutsk","ООО Сиблайн","Estimated routing"
"Russia","Irkutsk","ООО Слава","Estimated routing"
"Russia","Irkutsk","ООО Статус","Estimated routing"
"Russia","Irkutsk","ООО ТРАНСПОРТ","Estimated routing"
"Russia","Irkutsk","ООО ТРАНСПОРТ ООО КАРТУР","Estimated routing"
"Russia","Irkutsk","ООО Таксополь Плюс","Estimated routing"
"Russia","Irkutsk","ООО Транс ЛСО","Estimated routing"
"Russia","Irkutsk","ООО Транс миссия","Estimated routing"
"Russia","Irkutsk","ООО Транс-Вест","Estimated routing"
"Russia","Irkutsk","ООО ТрансСибМаршрут/ИП Забанов В.И","Estimated routing"
"Russia","Irkutsk","ООО Тур-Авто","Estimated routing"
"Russia","Irkutsk","ООО.СЛАВА","Estimated routing"
"Russia","Irkutsk","ОООАвтомобилист","Estimated routing"
"Russia","Irkutsk","ПАО Восточно-Сибирское Речное Пароходство","Estimated routing"
"Russia","Irkutsk","ТК Лидер","Estimated routing"
"Russia","Ivanovo","Transit agency (Ivanovo)","Estimated routing"
"Russia","Ivanovo","Transit agency (Yaroslavl)","Estimated routing"
"Russia","Ivanovo","АО «Северная пригородная пассажирская компания»","Estimated routing"
"Russia","Ivanovo","АО «Федеральная пассажирская компания»","Estimated routing"
"Russia","Ivanovo","АО АвтоВАС","Estimated routing"
"Russia","Ivanovo","АО Федеральная пассажирская компания","Estimated routing"
"Russia","Ivanovo","ВолгаТранс","Estimated routing"
"Russia","Ivanovo","ГУП Башавтотранс филиал Уфимское АТП 3","Estimated routing"
"Russia","Ivanovo","ГУП ЧР Чувашавтотранс","Estimated routing"
"Russia","Ivanovo","ЗАО Экспресс-Сервис","Estimated routing"
"Russia","Ivanovo","ИП Андреев Д.В.","Estimated routing"
"Russia","Ivanovo","ИП Антонов Александр Константинович","Estimated routing"
"Russia","Ivanovo","ИП Джишкариани Тамара Джарназиевна","Estimated routing"
"Russia","Ivanovo","ИП Забавин А.В.","Estimated routing"
"Russia","Ivanovo","ИП Зеленцов П.Г. ИП Забавин А.В.","Estimated routing"
"Russia","Ivanovo","ИП Зеленцов Павел Григорьевич ООО АВТОТУР","Estimated routing"
"Russia","Ivanovo","ИП Коробко В.А.","Estimated routing"
"Russia","Ivanovo","ИП Мирзоян А.Ш.","Estimated routing"
"Russia","Ivanovo","ИП Моисеенко Александр Викторович","Estimated routing"
"Russia","Ivanovo","ИП Наумов Александр Дмитриевич","Estimated routing"
"Russia","Ivanovo","ИП Соловьев Виктор Николаевич","Estimated routing"
"Russia","Ivanovo","ИП Фомин Алексей Сергеевич","Estimated routing"
"Russia","Ivanovo","ИП Частин Александр Борисович","Estimated routing"
"Russia","Ivanovo","ИП Шишкин Михаил Анатольевич (ООО ТрансСервис)","Estimated routing"
"Russia","Ivanovo","Лена тур","Estimated routing"
"Russia","Ivanovo","МУП Ивановский пассажирский транспорт","Estimated routing"
"Russia","Ivanovo","МУП Ильинское АТП","Estimated routing"
"Russia","Ivanovo","Новая транспортная компания","Estimated routing"
"Russia","Ivanovo","ОАО «РЖД» (АО «Дирекция скоростного сообщения»)","Estimated routing"
"Russia","Ivanovo","ОАО «РЖД» (АО «Северная пригородная пассажирская компания»)","Estimated routing"
"Russia","Ivanovo","ООО «ВолгаТранс»","Estimated routing"
"Russia","Ivanovo","ООО «Мега-Авто»","Estimated routing"
"Russia","Ivanovo","ООО «Транс Авто Мед» ИП Мотакова Алевтина Павловна","Estimated routing"
"Russia","Ivanovo","ООО «ТрансЛайн»","Estimated routing"
"Russia","Ivanovo","ООО «Фаворит»","Estimated routing"
"Russia","Ivanovo","ООО «Экипаж»","Estimated routing"
"Russia","Ivanovo","ООО Авто Лидер","Estimated routing"
"Russia","Ivanovo","ООО Авто Лидер ООО Люкс-Авто.","Estimated routing"
"Russia","Ivanovo","ООО Владимирское ПАТП","Estimated routing"
"Russia","Ivanovo","ООО ВолгаТранс ООО ДрайвАвто ООО Новая Транспортная Компания ООО АВТОТРЕСТ","Estimated routing"
"Russia","Ivanovo","ООО ВолгаТранс ООО Экспресс-Лидер","Estimated routing"
"Russia","Ivanovo","ООО ВолгаТранс ООО Экспресс-Лидер ООО АВТОТРЕСТ","Estimated routing"
"Russia","Ivanovo","ООО ДрайвАвто","Estimated routing"
"Russia","Ivanovo","ООО ДрайвАвто ИП Полтавцев А.Н","Estimated routing"
"Russia","Ivanovo","ООО Иваново-Вознесенский Альянс","Estimated routing"
"Russia","Ivanovo","ООО Иваново-Вознесенский Альянс ИП Андреев Дмитрий Витальевич","Estimated routing"
"Russia","Ivanovo","ООО Ивгортранс","Estimated routing"
"Russia","Ivanovo","ООО Костромское ПАТП-2","Estimated routing"
"Russia","Ivanovo","ООО Люкс-Авто","Estimated routing"
"Russia","Ivanovo","ООО Люкс-Авто ООО ТрансЛайн","Estimated routing"
"Russia","Ivanovo","ООО Мега-Авто","Estimated routing"
"Russia","Ivanovo","ООО Мега-Авто ООО ЭКСПРЕСС-ЛИДЕР","Estimated routing"
"Russia","Ivanovo","ООО Междуречье Авто","Estimated routing"
"Russia","Ivanovo","ООО Новая транспортная компания","Estimated routing"
"Russia","Ivanovo","ООО Новая транспортная компания ООО АВТОТРЕСТ ООО Экспресс-Лидер ООО ИвГОРТРАНС ООО ДрайвАвто","Estimated routing"
"Russia","Ivanovo","ООО ПАТП плюс ООО ПАТП-ЭКСПРЕСС ИП Джишкариани Тамара Джарназиевна ООО Авто лидер","Estimated routing"
"Russia","Ivanovo","ООО Транс Лайн ООО Авто Лидер","Estimated routing"
"Russia","Ivanovo","ООО ТрансАвтоСервис","Estimated routing"
"Russia","Ivanovo","ООО ТрансАвтоСервис ИП Шишкин М.А. ИП Баранов Н.А.","Estimated routing"
"Russia","Ivanovo","ООО ТрансЛайн","Estimated routing"
"Russia","Ivanovo","ООО ТрансЛайн ООО Драйв-Авто","Estimated routing"
"Russia","Ivanovo","ООО ТрансЛайн ООО Новая Транспортная Компания","Estimated routing"
"Russia","Ivanovo","ООО Транссовт","Estimated routing"
"Russia","Ivanovo","ООО Экспресс-Лидер","Estimated routing"
"Russia","Ivanovo","ООО Экспресс-Лидер ООО Мега-Авто","Estimated routing"
"Russia","Ivanovo","ООО Экспресс-Лидер ООО Новая Линия ООО Автотрест","Estimated routing"
"Russia","Ivanovo","ТрансЛайн","Estimated routing"
"Russia","Ivanovo","Транслайн","Estimated routing"
"Russia","Izhevsk","АО «ЕКА» ИП Никитин Ю.И.","Estimated routing"
"Russia","Izhevsk","АО ЕКА","Estimated routing"
"Russia","Izhevsk","АО ИПОПАТ","Estimated routing"
"Russia","Izhevsk","АО Летний Сад им. М. Горького","Estimated routing"
"Russia","Izhevsk","АО ППК «Содружество»","Estimated routing"
"Russia","Izhevsk","АО ППК Содружество","Estimated routing"
"Russia","Izhevsk","АО Федеральная пассажирская компания","Estimated routing"
"Russia","Izhevsk","Альметьевское ПОПАТ","Estimated routing"
"Russia","Izhevsk","ИП Гараев Ш.И.","Estimated routing"
"Russia","Izhevsk","ИП Негодяев Ю.С.","Estimated routing"
"Russia","Izhevsk","ИП Никитин Ю.И.","Estimated routing"
"Russia","Izhevsk","ИП Плехов В.Л.","Estimated routing"
"Russia","Izhevsk","ИП Рубцова Е. В.","Estimated routing"
"Russia","Izhevsk","ИП Рубцова Е.В.","Estimated routing"
"Russia","Izhevsk","ИП Тепляков Е.В.","Estimated routing"
"Russia","Izhevsk","ИП Швец В. Ю. ИП Мальцев В. В.","Estimated routing"
"Russia","Izhevsk","МУП ИжГЭТ (трамвайное депо №1 и №2)","Estimated routing"
"Russia","Izhevsk","МУП ИжГЭТ (трамвайное депо №1)","Estimated routing"
"Russia","Izhevsk","МУП ИжГЭТ (трамвайное депо №2)","Estimated routing"
"Russia","Izhevsk","МУП ИжГЭТ (троллейбусный парк № 1)","Estimated routing"
"Russia","Izhevsk","МУП ИжГЭТ (троллейбусный парк № 2)","Estimated routing"
"Russia","Izhevsk","МУП ИжГЭТ (троллейбусный парк №1 и №2)","Estimated routing"
"Russia","Izhevsk","МУП ИжГЭТ (троллейбусный парк №1)","Estimated routing"
"Russia","Izhevsk","МУП ИжГЭТ (троллейбусный парк №2)","Estimated routing"
"Russia","Izhevsk","ОАО «РЖД» (АО «Содружество»)","Estimated routing"
"Russia","Izhevsk","ОАО ИПОПАТ","Estimated routing"
"Russia","Izhevsk","ОАО РЖД/ АО ФПК","Estimated routing"
"Russia","Izhevsk","ОАО РЖД/АО ФПК","Estimated routing"
"Russia","Izhevsk","ООО Автосила","Estimated routing"
"Russia","Izhevsk","ООО Автоэкспресс","Estimated routing"
"Russia","Izhevsk","ООО Альянс-Авто АО Удмуртавтотранс (Можгинский филиал)*","Estimated routing"
"Russia","Izhevsk","ООО Бус-Сервис","Estimated routing"
"Russia","Izhevsk","ООО ИПОПАТ-Север ИП Лыкова Т.Ю. ИП Никитин Ю.И.","Estimated routing"
"Russia","Izhevsk","ООО ИПОПАТ-Север ИП Матюшин В.С.","Estimated routing"
"Russia","Izhevsk","ООО КА-345","Estimated routing"
"Russia","Izhevsk","ООО Оранжевый автобус","Estimated routing"
"Russia","Izhevsk","ООО Оранжевый автобус ИП Шерстобит В.С.","Estimated routing"
"Russia","Izhevsk","ООО ПАТП-7","Estimated routing"
"Russia","Izhevsk","ООО Пермские автобусные линии","Estimated routing"
"Russia","Izhevsk","ООО ТФ Альбатрос","Estimated routing"
"Russia","Kaliningrad","Ecolines","Estimated routing"
"Russia","Kaliningrad","Norma-A SIA","Estimated routing"
"Russia","Kaliningrad","АО «Калининградская пригородная пассажирская компания»","Estimated routing"
"Russia","Kaliningrad","АО Федеральная пассажирская компания","Estimated routing"
"Russia","Kaliningrad","АТП Гурьевские линии","Estimated routing"
"Russia","Kaliningrad","АТП Гурьевские линии","Estimated routing"
"Russia","Kaliningrad","АТП Гурьевские линии-1","Estimated routing"
"Russia","Kaliningrad","Балттрансавто два","Estimated routing"
"Russia","Kaliningrad","Балттрансавто один","Estimated routing"
"Russia","Kaliningrad","Вест Лайн 1","Estimated routing"
"Russia","Kaliningrad","ИП Северов И.В.","Estimated routing"
"Russia","Kaliningrad","ИП Скиба В.С.","Estimated routing"
"Russia","Kaliningrad","ИП Фомин М.В.","Estimated routing"
"Russia","Kaliningrad","Калининград-ГорТранс","Estimated routing"
"Russia","Kaliningrad","МКП Калининград-ГорТранс","Estimated routing"
"Russia","Kaliningrad","МКП КалининградГорТранс","Estimated routing"
"Russia","Kaliningrad","ООО Аркада СЗП","Estimated routing"
"Russia","Kaliningrad","ООО БалтТрансАвто","Estimated routing"
"Russia","Kaliningrad","ООО ВестЛайн","Estimated routing"
"Russia","Kaliningrad","ООО ВестЛайн - 1","Estimated routing"
"Russia","Kaliningrad","ООО Гурьевские Линии","Estimated routing"
"Russia","Kaliningrad","ООО Гурьевские линии","Estimated routing"
"Russia","Kaliningrad","ООО Гусевавтотранс","Estimated routing"
"Russia","Kaliningrad","ООО Гусевские линии","Estimated routing"
"Russia","Kaliningrad","ООО Зеленоградск- Транс","Estimated routing"
"Russia","Kaliningrad","ООО Зеленоградск-Транс","Estimated routing"
"Russia","Kaliningrad","ООО ЗеленоградскТранс","Estimated routing"
"Russia","Kaliningrad","ООО ЗеленоградскТранс ООО Светлогорскаавто","Estimated routing"
"Russia","Kaliningrad","ООО Маршрутное такси","Estimated routing"
"Russia","Kaliningrad","ООО ПАП","Estimated routing"
"Russia","Kaliningrad","ООО Регио-экспресс","Estimated routing"
"Russia","Kaliningrad","ООО Тотем","Estimated routing"
"Russia","Kaspiysk","Transit agency (Kaspiysk)","Estimated routing"
"Russia","Kaspiysk","Transit agency (Makhachkala)","Estimated routing"
"Russia","Kaspiysk","ИП Абдураизов Ш.А.","Estimated routing"
"Russia","Kaspiysk","МУП Махачкалинское троллейбусное управление","Estimated routing"
"Russia","Kazan","City Sightseeing Russia","Estimated routing"
"Russia","Kazan","ECOLINES-RUS","Estimated routing"
"Russia","Kazan","Transit agency (Innopolis)","Estimated routing"
"Russia","Kazan","Transit agency (Kazan)","Estimated routing"
"Russia","Kazan","Transit agency (Yudino (Kazan))","Estimated routing"
"Russia","Kazan","АО «Федеральная пассажирская компания»","Estimated routing"
"Russia","Kazan","АО Альметьевское ПОПАТ","Estimated routing"
"Russia","Kazan","АО КПАТП-1","Estimated routing"
"Russia","Kazan","АО КПАТП-1 ТОО Экспресс","Estimated routing"
"Russia","Kazan","АО Казанское ПАТП-1","Estimated routing"
"Russia","Kazan","АО Казанское ПАТП-1 АО ЕКА","Estimated routing"
"Russia","Kazan","АО ППК «Содружество»","Estimated routing"
"Russia","Kazan","АО ППК Содружество","Estimated routing"
"Russia","Kazan","АО ТК Гранд Сервис Экспресс","Estimated routing"
"Russia","Kazan","АО Федеральная пассажирская компания","Estimated routing"
"Russia","Kazan","Актанышское АТХ","Estimated routing"
"Russia","Kazan","Бирское АТП филиал ГУП РБ Башавтотранс","Estimated routing"
"Russia","Kazan","ГУП Башавтотранс (Уфимское ПАТП-3)","Estimated routing"
"Russia","Kazan","ГУП Башавтотранс филиал Уфимское АТП 3","Estimated routing"
"Russia","Kazan","ЗПАТП","Estimated routing"
"Russia","Kazan","Зеленодольское ПАТП","Estimated routing"
"Russia","Kazan","ИП Беляев Р.И.","Estimated routing"
"Russia","Kazan","ИП Гаджиев Д.А.","Estimated routing"
"Russia","Kazan","ИП Гилязов Р.А.","Estimated routing"
"Russia","Kazan","ИП Гилязов Ф.Т.","Estimated routing"
"Russia","Kazan","ИП Гилязовы","Estimated routing"
"Russia","Kazan","ИП Жильцов А.А. АО КПАТП-1","Estimated routing"
"Russia","Kazan","ИП Кирьянов Сергей Николаевич","Estimated routing"
"Russia","Kazan","ИП Назаров Н.И. (Ульяновск) ИП Басыров Р.Р. (Ульяновск) ИП Унянин А.В. (Ульяновск) ИП Бородин А.И. ИП Айметов И.К. (Ульяновск) ИП Якупов Р.И. АО Казанское ПАТП-1.","Estimated routing"
"Russia","Kazan","ИП Хуснуллин И.Г.","Estimated routing"
"Russia","Kazan","ИП Шарафутдинов И.И.","Estimated routing"
"Russia","Kazan","КПАТП 1","Estimated routing"
"Russia","Kazan","КПАТП-1","Estimated routing"
"Russia","Kazan","Команда РЕТРО-ТУР","Estimated routing"
"Russia","Kazan","МУП Башавтотранс (Уфимское ПАТП-3)","Estimated routing"
"Russia","Kazan","МУП Казанское ПАТП № 2","Estimated routing"
"Russia","Kazan","МУП Казанское ПАТП-2","Estimated routing"
"Russia","Kazan","МУП Казанское ПАТП-4","Estimated routing"
"Russia","Kazan","МУП Метроэлектротранс","Estimated routing"
"Russia","Kazan","МУП Метроэлектротранс (троллейбусное депо №1)","Estimated routing"
"Russia","Kazan","МУП Метроэлектротранс (троллейбусное депо №2)","Estimated routing"
"Russia","Kazan","МУП Метроэлектротранс (троллейбусное депо №2)","Estimated routing"
"Russia","Kazan","Мелеузовское АТП","Estimated routing"
"Russia","Kazan","Мелеузовское АТП филиал ГУП РБ Башавтотранс","Estimated routing"
"Russia","Kazan","ОАО «РЖД» (АО «Содружество»)","Estimated routing"
"Russia","Kazan","ОАО КПАТП-1","Estimated routing"
"Russia","Kazan","ОАО Казанское ПАТП-1","Estimated routing"
"Russia","Kazan","ОАО Кировпассажиравтотранс АО Казанское ПАТП-1","Estimated routing"
"Russia","Kazan","ОАО РЖД/АО ФПК","Estimated routing"
"Russia","Kazan","ООО «Волжские пассажирские перевозки»","Estimated routing"
"Russia","Kazan","ООО Авто-Круиз","Estimated routing"
"Russia","Kazan","ООО Автовокзал Восточный","Estimated routing"
"Russia","Kazan","ООО Байлык №3","Estimated routing"
"Russia","Kazan","ООО Буревестник","Estimated routing"
"Russia","Kazan","ООО Восток-Транс-Строй","Estimated routing"
"Russia","Kazan","ООО Зеленодольское ПАТП","Estimated routing"
"Russia","Kazan","ООО ИТЦ","Estimated routing"
"Russia","Kazan","ООО Инженерно-технический центр","Estimated routing"
"Russia","Kazan","ООО КПАП-7","Estimated routing"
"Russia","Kazan","ООО КПАТП-1","Estimated routing"
"Russia","Kazan","ООО Казанское ПАТП-9","Estimated routing"
"Russia","Kazan","ООО Нижнекамское ПАТП-1","Estimated routing"
"Russia","Kazan","ООО ПАТП-8","Estimated routing"
"Russia","Kazan","ООО Пермские автобусные линии","Estimated routing"
"Russia","Kazan","ООО Республиканский автовокзал","Estimated routing"
"Russia","Kazan","ООО Транссовт","Estimated routing"
"Russia","Kazan","ООО Тур Престиж (ООО Express-Line)","Estimated routing"
"Russia","Kazan","ООО Управление Механизации № 4","Estimated routing"
"Russia","Kazan","ООО Фаэтон","Estimated routing"
"Russia","Kazan","ООО Фаэтон КПАТП-1","Estimated routing"
"Russia","Kazan","ПАТП №2","Estimated routing"
"Russia","Kazan","ПАТП-2","Estimated routing"
"Russia","Kazan","Стерлитамакское ПАТП филиал ГУП.РБ Башавтотранс","Estimated routing"
"Russia","Kazan","Троллейбусное депо № 2","Estimated routing"
"Russia","Kazan","Уфимское ПАТП-3 филиал ГУП РБ Башавтотранс","Estimated routing"
"Russia","Kemerovo","Transit agency (Kemerovo)","Estimated routing"
"Russia","Kemerovo","Transit agency (Krapivinsky)","Estimated routing"
"Russia","Kemerovo","Transit agency (Leninsk-Kuznetsky)","Estimated routing"
"Russia","Kemerovo","Transit agency (Novokuznetsk)","Estimated routing"
"Russia","Kemerovo","Transit agency (Yurga)","Estimated routing"
"Russia","Kemerovo","АО «Федеральная пассажирская компания»","Estimated routing"
"Russia","Kemerovo","АО Кемеровская транспортная комания ООО Гепард","Estimated routing"
"Russia","Kemerovo","АО Кемеровская транспортная компания","Estimated routing"
"Russia","Kemerovo","АО Кемеровская электротранспортная компания","Estimated routing"
"Russia","Kemerovo","АО Федеральная пассажирская компания","Estimated routing"
"Russia","Kemerovo","ГП КО Кемеровская автоколонна № 1237","Estimated routing"
"Russia","Kemerovo","ГП КО Кемеровская автоколонна №1237","Estimated routing"
"Russia","Kemerovo","ГПАТП г. Анжеро-Судженск (ГПАТП г. Кемерово)","Estimated routing"
"Russia","Kemerovo","ГПК Пассажиравтотранс","Estimated routing"
"Russia","Kemerovo","ГУ Кузбасспассажиравтотранс","Estimated routing"
"Russia","Kemerovo","ИП Большанин О.Н.","Estimated routing"
"Russia","Kemerovo","ИП Зудилин Н.А.","Estimated routing"
"Russia","Kemerovo","ИП Кошелев И.С.","Estimated routing"
"Russia","Kemerovo","ИП Мурадханян А.В.","Estimated routing"
"Russia","Kemerovo","ИП Неверов Р.Ю.","Estimated routing"
"Russia","Kemerovo","ИП Попова И.Б.","Estimated routing"
"Russia","Kemerovo","Ижморский ГПАТП КО","Estimated routing"
"Russia","Kemerovo","Ижморское ГПАТП КО","Estimated routing"
"Russia","Kemerovo","НП АРИАТ","Estimated routing"
"Russia","Kemerovo","НП СКАТ","Estimated routing"
"Russia","Kemerovo","ОАО «РЖД» (АО «Кузбасс-Пригород»)","Estimated routing"
"Russia","Kemerovo","ОАО «РЖД» (Кемеровская детская железная дорога)","Estimated routing"
"Russia","Kemerovo","ООО «Сибплодтранс»","Estimated routing"
"Russia","Kemerovo","ООО АТП Сибтехсервис-1","Estimated routing"
"Russia","Kemerovo","ООО Гепард","Estimated routing"
"Russia","Kemerovo","ООО Кузбасские междугородние перевозки ООО СРТ ИП Неверов Р.Ю.","Estimated routing"
"Russia","Kemerovo","ООО Кузбасские междугородних перевозки МКП ПАТП-4 (Новосибирск) ИП Неверов Р.Ю. ИП Зудилин Н.А.","Estimated routing"
"Russia","Kemerovo","ООО НСК-АВТО","Estimated routing"
"Russia","Kemerovo","ООО СРТ","Estimated routing"
"Russia","Kemerovo","ООО Сибплодтранс","Estimated routing"
"Russia","Kemerovo","ООО ТК Автоколонна 1962","Estimated routing"
"Russia","Kemerovo","ООО Томскавтоэкспресс","Estimated routing"
"Russia","Kemerovo","ООО Томскавтоэкспресс ГУ Кузбасспассажиравтотранс","Estimated routing"
"Russia","Kemerovo","Тяжинское ГПАТП КО","Estimated routing"
"Russia","Kemerovo","Юргинское ГПАТП КО","Estimated routing"
"Russia","Khabarovsk","АО «Федеральная пассажирская компания»","Estimated routing"
"Russia","Khabarovsk","АО Акционерная компания Железные дороги Якутии","Estimated routing"
"Russia","Khabarovsk","АО Федеральная пассажирская компания","Estimated routing"
"Russia","Khabarovsk","АО ХАТТ","Estimated routing"
"Russia","Khabarovsk","ЗАО Амурские пассажирские перевозки","Estimated routing"
"Russia","Khabarovsk","ИП Артамонов Д.В.","Estimated routing"
"Russia","Khabarovsk","ИП Ахмедова Л.В.","Estimated routing"
"Russia","Khabarovsk","ИП Бертонас Н.А.","Estimated routing"
"Russia","Khabarovsk","ИП Гаврилов В.В. ИП Лащук Н.А. ООО Дальневосточная автотехническая экспертиза","Estimated routing"
"Russia","Khabarovsk","ИП Гасанов Н.А.","Estimated routing"
"Russia","Khabarovsk","ИП Гасанов Н.А. ООО Техрегион ИП Мышляев С.В.","Estimated routing"
"Russia","Khabarovsk","ИП Дворянчиков В.А. ИП Рябцев С.Н. ИП Павлюк В.М.","Estimated routing"
"Russia","Khabarovsk","ИП Денисов Д.Н.","Estimated routing"
"Russia","Khabarovsk","ИП Ермилов А.С.","Estimated routing"
"Russia","Khabarovsk","ИП Ермилова М.П.","Estimated routing"
"Russia","Khabarovsk","ИП Желудков В.А.","Estimated routing"
"Russia","Khabarovsk","ИП Комарова Т.И. ИП Белогорцева Е.Г. ИП Бабаев З.М.","Estimated routing"
"Russia","Khabarovsk","ИП Комарова Т.И. ИП Никитина И.Р. ИП Шадуя Е.В.","Estimated routing"
"Russia","Khabarovsk","ИП Никитина И.Р.","Estimated routing"
"Russia","Khabarovsk","ИП Обедина Л.В.","Estimated routing"
"Russia","Khabarovsk","ИП Павлюк В.М.","Estimated routing"
"Russia","Khabarovsk","ИП Рябцев С.Н.","Estimated routing"
"Russia","Khabarovsk","ИП Рябцев С.Н. ИП Бабаев З.М. ИП Скакун Е.Л.","Estimated routing"
"Russia","Khabarovsk","ИП Трофименко А.М.","Estimated routing"
"Russia","Khabarovsk","ИП Филимонов А.С.","Estimated routing"
"Russia","Khabarovsk","ИП Филимонов А.С. ИП Денисов Д.Н.","Estimated routing"
"Russia","Khabarovsk","ИП Шадуя Е.В.","Estimated routing"
"Russia","Khabarovsk","ИП Шардакова В.В.","Estimated routing"
"Russia","Khabarovsk","МУП ГЭТ","Estimated routing"
"Russia","Khabarovsk","МУП г. Вяземский Автотранспортный перевозчик ООО Вираж","Estimated routing"
"Russia","Khabarovsk","ОАО «РЖД» (АО «Экспресс Приморья»)","Estimated routing"
"Russia","Khabarovsk","ООО «РусАвто»","Estimated routing"
"Russia","Khabarovsk","ООО АТП Владивосток","Estimated routing"
"Russia","Khabarovsk","ООО АТП Хабаровск","Estimated routing"
"Russia","Khabarovsk","ООО Автомиг","Estimated routing"
"Russia","Khabarovsk","ООО Автоэкспресс","Estimated routing"
"Russia","Khabarovsk","ООО Автоэкспресс ООО Вираж-1","Estimated routing"
"Russia","Khabarovsk","ООО Автоэкспресс ООО ОПЕРАТОР","Estimated routing"
"Russia","Khabarovsk","ООО БРИЗ","Estimated routing"
"Russia","Khabarovsk","ООО БРОСКО","Estimated routing"
"Russia","Khabarovsk","ООО Вираж","Estimated routing"
"Russia","Khabarovsk","ООО Вираж ООО ОПЕРАТОР","Estimated routing"
"Russia","Khabarovsk","ООО Вираж-1","Estimated routing"
"Russia","Khabarovsk","ООО Дальневосточная автотехническая экспертиза","Estimated routing"
"Russia","Khabarovsk","ООО ЕФИМОВ","Estimated routing"
"Russia","Khabarovsk","ООО ЕФИМОВ ООО Вираж","Estimated routing"
"Russia","Khabarovsk","ООО МАРШРУТ","Estimated routing"
"Russia","Khabarovsk","ООО МАРШРУТ ИП Ермилова М.П.","Estimated routing"
"Russia","Khabarovsk","ООО Магистраль Авто ДВ ИП Артамонов В.И.","Estimated routing"
"Russia","Khabarovsk","ООО Магистраль Авто ДВ ООО Реилком","Estimated routing"
"Russia","Khabarovsk","ООО Невада","Estimated routing"
"Russia","Khabarovsk","ООО ОПЕРАТОР","Estimated routing"
"Russia","Khabarovsk","ООО ОПЕРАТОР ИП Трофименко А.М.","Estimated routing"
"Russia","Khabarovsk","ООО ПАТП ДальАвто","Estimated routing"
"Russia","Khabarovsk","ООО Реилком","Estimated routing"
"Russia","Khabarovsk","ООО Реилком ООО БРИЗ","Estimated routing"
"Russia","Khabarovsk","ООО РусАвто","Estimated routing"
"Russia","Khabarovsk","ООО Совтранс-ДВ ООО Васильев","Estimated routing"
"Russia","Khabarovsk","ООО Техрегион","Estimated routing"
"Russia","Khasavyurt","Transit agency (Khasavyurt)","Estimated routing"
"Russia","Khasavyurt","АО «Федеральная пассажирская компания»","Estimated routing"
"Russia","Khasavyurt","ГУП Ингушавтотранс","Estimated routing"
"Russia","Khasavyurt","ИП Абдулатипов М.Г.","Estimated routing"
"Russia","Khasavyurt","ИП Алидибиров А.М. ИП Магомедов М.А. ООО ТП Азимут","Estimated routing"
"Russia","Khasavyurt","ИП Гаджиев Д.А.","Estimated routing"
"Russia","Khasavyurt","ОАО «РЖД» («Северо-Кавказская пригородная пассажирская компания»)","Estimated routing"
"Russia","Khasavyurt","ОАО Махачкалинская АК 1736 ООО НПП","Estimated routing"
"Russia","Khasavyurt","ОАО РЖД/АО ФПК","Estimated routing"
"Russia","Khasavyurt","ООО Ленинаултранс","Estimated routing"
"Russia","Khasavyurt","ООО ПАТП Хастранс","Estimated routing"
"Russia","Khimki","Transit agency (Khimki)","Estimated routing"
"Russia","Khimki","Transit agency (Moscow)","Estimated routing"
"Russia","Khimki","АО «МТ ППК»","Estimated routing"
"Russia","Khimki","АО Московско-Тверская ППК","Estimated routing"
"Russia","Khimki","АО Мострансавто (Долгопрудненское ПАТП)","Estimated routing"
"Russia","Khimki","АО Мострансавто (МАП № 8 - ПБ г. Клин)","Estimated routing"
"Russia","Khimki","АО Мострансавто (МАП № 8 - ПБ г. Солнечногорск)","Estimated routing"
"Russia","Khimki","АО Мострансавто (МАП № 8 г. Химки)","Estimated routing"
"Russia","Khimki","АО Мострансавто (МАП № 8 г. Химки)","Estimated routing"
"Russia","Khimki","АО Мострансавто (МАП № 8 г. Химки)","Estimated routing"
"Russia","Khimki","АО Мострансавто (МАП № 9 г. Долгопрудный)","Estimated routing"
"Russia","Khimki","АО Мострансавто (МАП № 9 г. Долгопрудный)","Estimated routing"
"Russia","Khimki","АО Мострансавто (МАП № 9 г. Долгопрудный)","Estimated routing"
"Russia","Khimki","АО Мострансавто (а/к № 1786 г. Химки)","Estimated routing"
"Russia","Khimki","АО Мострансавто (а/к № 1786 г. Химки)","Estimated routing"
"Russia","Khimki","ГУП Мосгортранс (Зеленоградский автокомбинат)","Estimated routing"
"Russia","Khimki","ГУП Мосгортранс (филиал Западный)","Estimated routing"
"Russia","Khimki","МП Химкиэлектротранс","Estimated routing"
"Russia","Khimki","ОАО «РЖД» (АО «Московско-Тверская пригородная пассажирская компания»)","Estimated routing"
"Russia","Khimki","ОАО Группа Автолайн (ООО Красногорск-Авто)","Estimated routing"
"Russia","Khimki","ОАО Группа Автолайн (ООО Северный Тракт)","Estimated routing"
"Russia","Khimki","ОАО Группа Автолайн (ООО Северный Тракт)","Estimated routing"
"Russia","Khimki","ОАО Группа Автолайн (ООО Северный тракт)","Estimated routing"
"Russia","Khimki","ОАО Международный аэропорт Шереметьево","Estimated routing"
"Russia","Khimki","ООО KL Avto","Estimated routing"
"Russia","Khimki","ООО «Аэроэкспресс»","Estimated routing"
"Russia","Khimki","ООО Автомиг","Estimated routing"
"Russia","Khimki","ООО Автоэкспресс","Estimated routing"
"Russia","Khimki","ООО Аэроэкспресс","Estimated routing"
"Russia","Khimki","ООО Домтрансавто","Estimated routing"
"Russia","Khimki","ООО Регион Авто 1","Estimated routing"
"Russia","Khimki","ООО Регион Авто 1 ОАО Группа Автолайн (ООО Северный Тракт)","Estimated routing"
"Russia","Khimki","ООО Регион Авто 1 ОАО Группа Автолайн (ООО Северный тракт)","Estimated routing"
"Russia","Khimki","ООО Регион Авто 1 ООО Автороуд","Estimated routing"
"Russia","Khimki","ООО Регион Авто 1 ООО Альфа Мобил","Estimated routing"
"Russia","Khimki","ООО Регион Авто 1 ООО Магистраль","Estimated routing"
"Russia","Khimki","ООО Регион Авто-1","Estimated routing"
"Russia","Khimki","ООО Регион-Авто","Estimated routing"
"Russia","Khimki","ООО Регион-Авто 1","Estimated routing"
"Russia","Khimki","ООО Регион-Авто 1 ООО Элекс-Полюс Л","Estimated routing"
"Russia","Khimki","ООО Транспорт 21 век","Estimated routing"
"Russia","Khimki","ТСЖ Эдем","Estimated routing"
"Russia","Kiselyovsk","Transit agency (Kiselevsk)","Estimated routing"
"Russia","Kiselyovsk","Transit agency (Krasnobrodsky)","Estimated routing"
"Russia","Kiselyovsk","Transit agency (Leninsk-Kuznetsky)","Estimated routing"
"Russia","Kiselyovsk","Transit agency (Mezhdurechensk)","Estimated routing"
"Russia","Kiselyovsk","Transit agency (Novokuznetsk)","Estimated routing"
"Russia","Kiselyovsk","Transit agency (Promyshlennaya)","Estimated routing"
"Russia","Kiselyovsk","АО «Кузбасс-Пригород»","Estimated routing"
"Russia","Kiselyovsk","АО «Федеральная пассажирская компания»","Estimated routing"
"Russia","Kiselyovsk","АО Новокузнецкое ПАТП МКП ПАТП-4 (Новосибирск)","Estimated routing"
"Russia","Kiselyovsk","АО Федеральная пассажирская компания","Estimated routing"
"Russia","Kiselyovsk","ГУ Кузбасспассажиравтотранс","Estimated routing"
"Russia","Kiselyovsk","ИП Лавриненко В.В.","Estimated routing"
"Russia","Kiselyovsk","Киселевский ГПАТП","Estimated routing"
"Russia","Kiselyovsk","Киселевское Государственное Пассажирское автотранспортное предприятие","Estimated routing"
"Russia","Kiselyovsk","Киселёвский ГПАТП","Estimated routing"
"Russia","Kiselyovsk","Киселёвское ГПАП","Estimated routing"
"Russia","Kiselyovsk","Междуреченское ГПАТП Кемеровской области","Estimated routing"
"Russia","Kiselyovsk","ОАО «РЖД» (АО «Кузбасс-Пригород»)","Estimated routing"
"Russia","Kiselyovsk","ООО НСК-Авто ООО СибАвто","Estimated routing"
"Russia","Kiselyovsk","ООО СибАвто ООО НСК-Авто","Estimated routing"
"Russia","Kiselyovsk","ООО Томскавтоэкспресс","Estimated routing"
"Russia","Kiselyovsk","Прокопьевское ГПАТП КО","Estimated routing"
"Russia","Kiselyovsk","Прокопьевское ГПАТП КО филиал Киселёвская автоколонна","Estimated routing"
"Russia","Kislovodsk","Transit agency (Anapa)","Estimated routing"
"Russia","Kislovodsk","Transit agency (Kislovodsk)","Estimated routing"
"Russia","Kislovodsk","Transit agency (Maykop )","Estimated routing"
"Russia","Kislovodsk","АО «Федеральная пассажирская компания»","Estimated routing"
"Russia","Kislovodsk","АО РЖД/АО ФПК","Estimated routing"
"Russia","Kislovodsk","АО РЖД/АО Федеральная пассажирская компания","Estimated routing"
"Russia","Kislovodsk","АО ТК Гранд Сервис Экспресс (Таврия)","Estimated routing"
"Russia","Kislovodsk","АО Федеральная пассажирская компания","Estimated routing"
"Russia","Kislovodsk","ГУП Ингушавтотранс","Estimated routing"
"Russia","Kislovodsk","ЗАО Автоколонна 1721","Estimated routing"
"Russia","Kislovodsk","ЗАО Автоколонна 1721 ИП Григоров А.А.","Estimated routing"
"Russia","Kislovodsk","ИП Абдуллаев З.А. ИП Антонова С.А. ИП Кириченко В.А.","Estimated routing"
"Russia","Kislovodsk","ИП Байрамуков Х.М.","Estimated routing"
"Russia","Kislovodsk","ИП Гогричиани Ш.Г.","Estimated routing"
"Russia","Kislovodsk","ИП Гогричиани Ш.Г. ИП Галстян Р.А.","Estimated routing"
"Russia","Kislovodsk","ИП Гогричиани Ш.Г. ИП Евгамуков","Estimated routing"
"Russia","Kislovodsk","ИП Давидян Г.А.","Estimated routing"
"Russia","Kislovodsk","ИП Давидян Г.А. ИП Гогричиани Ш.Г.","Estimated routing"
"Russia","Kislovodsk","ИП Евгакумов Ш.М.","Estimated routing"
"Russia","Kislovodsk","ИП Кирилюк О.М. ИП Алексанян Л.Л. ИП Арефьев Ю.И.","Estimated routing"
"Russia","Kislovodsk","ИП Петров А.М. ИП Кириченко В.А. ИП Дорошенко В.И.","Estimated routing"
"Russia","Kislovodsk","ИП Торосян Г.Г.","Estimated routing"
"Russia","Kislovodsk","ИП Юртайкин С.А. ИП Арефьев Ю.И.","Estimated routing"
"Russia","Kislovodsk","КЧ РГУП Малокарачаевское АТП","Estimated routing"
"Russia","Kislovodsk","МУП Автоколонна 2066","Estimated routing"
"Russia","Kislovodsk","ОАО «РЖД» (АО «Северо-Кавказская пригородная пассажирская компания»)","Estimated routing"
"Russia","Kislovodsk","ОАО «РЖД»/АО «Северо-Кавказская пригородная пассажирская компания»","Estimated routing"
"Russia","Kislovodsk","ОАО «РЖД»/АО «Северо-Кавказская пригородная пассажирская компания»)","Estimated routing"
"Russia","Kislovodsk","ОАО ПАКС","Estimated routing"
"Russia","Kislovodsk","ОАО ПАТП-2","Estimated routing"
"Russia","Kislovodsk","ОАО ПАТП-2 ИП Щукин Д.В.","Estimated routing"
"Russia","Kislovodsk","ОАО РЖД/АО ФПК","Estimated routing"
"Russia","Kislovodsk","ООО Кавказ Лайн","Estimated routing"
"Russia","Kislovodsk","ООО Кооптранс","Estimated routing"
"Russia","Kislovodsk","ООО Огъурлу-жол","Estimated routing"
"Russia","Komsomol'skiy rayon","Transit agency (Komsomolsk-on-Amur)","Estimated routing"
"Russia","Komsomol'skiy rayon","АО «Федеральная пассажирская компания»","Estimated routing"
"Russia","Komsomol'skiy rayon","АО Федеральная пассажирская компания","Estimated routing"
"Russia","Komsomol'skiy rayon","Дальавтотранс","Estimated routing"
"Russia","Komsomol'skiy rayon","ИП Андреев","Estimated routing"
"Russia","Komsomol'skiy rayon","ИП Аплетаев","Estimated routing"
"Russia","Komsomol'skiy rayon","ИП Мезенцев А. В.","Estimated routing"
"Russia","Komsomol'skiy rayon","ИП Сакулина Л.Б. ИП Хадайгулов В.К. ИП Бугаев П.И.","Estimated routing"
"Russia","Komsomol'skiy rayon","ИП Сенченко","Estimated routing"
"Russia","Komsomol'skiy rayon","ИП Яровая","Estimated routing"
"Russia","Komsomol'skiy rayon","МУП Амурское ПАТП","Estimated routing"
"Russia","Komsomol'skiy rayon","МУП ПАТП-1","Estimated routing"
"Russia","Komsomol'skiy rayon","ООО АТП Комсомольск-на-Амуре","Estimated routing"
"Russia","Komsomol'skiy rayon","ООО Антарес","Estimated routing"
"Russia","Komsomol'skiy rayon","ООО Вираж","Estimated routing"
"Russia","Komsomol'skiy rayon","ООО ДВ-Меридиан","Estimated routing"
"Russia","Komsomol'skiy rayon","ООО Дальавтотранс","Estimated routing"
"Russia","Komsomol'skiy rayon","ООО Искра-99 ИП Сенченко П.П.","Estimated routing"
"Russia","Komsomol'skiy rayon","ООО Роставтоком","Estimated routing"
"Russia","Komsomol'skiy rayon","ООО Транстур","Estimated routing"
"Russia","Komsomol'skiy rayon","УМПАТП Орион","Estimated routing"
"Russia","Komsomol'skiy rayon","ооо Ефимов","Estimated routing"
"Russia","Kopeysk","Transit agency (Kopeysk)","Estimated routing"
"Russia","Kopeysk","Группа компаний Консул (ООО Челябинское такси)","Estimated routing"
"Russia","Kopeysk","Группа компаний Такси-Сервис (ООО Такси-Сервис)","Estimated routing"
"Russia","Kopeysk","ИП Галкин А.В.","Estimated routing"
"Russia","Kopeysk","ИП Глухов П.В.","Estimated routing"
"Russia","Kopeysk","ИП Осинский Д.В.","Estimated routing"
"Russia","Kopeysk","ИП Самков В.Г.","Estimated routing"
"Russia","Kopeysk","Кумир-Автолайн","Estimated routing"
"Russia","Kopeysk","Кумир-автолайн","Estimated routing"
"Russia","Kopeysk","МУП КАП","Estimated routing"
"Russia","Kopeysk","МУП КПА","Estimated routing"
"Russia","Kopeysk","МУП Служба Организации Движения","Estimated routing"
"Russia","Kopeysk","ОАО «РЖД» (АО «Свердловская пригородная пассажирская компания»)","Estimated routing"
"Russia","Kopeysk","ООО Автолайн","Estimated routing"
"Russia","Kopeysk","ООО Второй Автобусный Парк ООО Третий Автобусный Парк","Estimated routing"
"Russia","Kopeysk","ООО Второй автобусный парк","Estimated routing"
"Russia","Kopeysk","ООО ЕСТА","Estimated routing"
"Russia","Kopeysk","ООО Еманжелинск-ЕСТА","Estimated routing"
"Russia","Kopeysk","ООО Коркинское АТП","Estimated routing"
"Russia","Kopeysk","ООО Коркинское АвтоТранспортное предприятие","Estimated routing"
"Russia","Kopeysk","ООО Кременкульское АТП","Estimated routing"
"Russia","Kopeysk","ООО МегаАвтоТранс","Estimated routing"
"Russia","Kopeysk","ООО Мегаавто","Estimated routing"
"Russia","Kopeysk","ООО Первая Транспортная Корпорация (ООО Второй Автобусный Парк)","Estimated routing"
"Russia","Kopeysk","ООО Пласт-Авто","Estimated routing"
"Russia","Kopeysk","ООО Пятый автобусный парк","Estimated routing"
"Russia","Kopeysk","ООО Пятый автобусный парк ООО Шестой автобусный парк","Estimated routing"
"Russia","Kopeysk","ООО Региональные Автобусные Перевозки","Estimated routing"
"Russia","Kopeysk","ООО Шестой автобусный парк","Estimated routing"
"Russia","Korolyov","Transit agency (Korolev)","Estimated routing"
"Russia","Korolyov","АО Мострансавто (МАП № 10 Королёвское ПАТП - ПБ г. Ивантеевка)","Estimated routing"
"Russia","Korolyov","АО Мострансавто (МАП № 10 г. Королёв)","Estimated routing"
"Russia","Korolyov","АО Мострансавто (а/к № 1789 г. Ивантеевка)","Estimated routing"
"Russia","Korolyov","АО Мострансавто (а/к № 1791 г. Сергиев Посад)","Estimated routing"
"Russia","Korolyov","АО Центральная ППК","Estimated routing"
"Russia","Korolyov","ООО Автотрэвэл","Estimated routing"
"Russia","Korolyov","ООО Атотрэвэл","Estimated routing"
"Russia","Korolyov","ООО Домтрансавто","Estimated routing"
"Russia","Korolyov","ООО КомБАТ","Estimated routing"
"Russia","Korolyov","ООО Ранд-Транс","Estimated routing"
"Russia","Kostroma","Transit agency (Kostroma)","Estimated routing"
"Russia","Kostroma","АО «Федеральная пассажирская компания»","Estimated routing"
"Russia","Kostroma","ГП КПАТП-3","Estimated routing"
"Russia","Kostroma","ГУП Башавтотранс филиал Уфимское АТП 3","Estimated routing"
"Russia","Kostroma","ИП Веселова С.Л.","Estimated routing"
"Russia","Kostroma","ИП Веселова Светлана Леонидовна","Estimated routing"
"Russia","Kostroma","ИП Волков","Estimated routing"
"Russia","Kostroma","ИП Горбонос В.И.","Estimated routing"
"Russia","Kostroma","ИП Давыдов А.Н.","Estimated routing"
"Russia","Kostroma","ИП Дадашев К.З.","Estimated routing"
"Russia","Kostroma","ИП Исочка Юрий Викторович МУП Троллейбусное управление","Estimated routing"
"Russia","Kostroma","ИП Исрафилов А.И.","Estimated routing"
"Russia","Kostroma","ИП Коробко В.А.","Estimated routing"
"Russia","Kostroma","ИП Лаптева О.В.","Estimated routing"
"Russia","Kostroma","ИП Солдаткин А.Ф.","Estimated routing"
"Russia","Kostroma","ИП Чернов И.Г.","Estimated routing"
"Russia","Kostroma","ИП Чернов Игорь Геннадьевич","Estimated routing"
"Russia","Kostroma","ИП Шпотин Олег Александрович","Estimated routing"
"Russia","Kostroma","МУП Костромагортранс","Estimated routing"
"Russia","Kostroma","МУП Костромагортранс ИП Маслов Михаил Юрьевич","Estimated routing"
"Russia","Kostroma","МУП Костромагортранс МУП Троллейбусное управление","Estimated routing"
"Russia","Kostroma","МУП Костромагортранс ООО Автотранспорт 44","Estimated routing"
"Russia","Kostroma","МУП Троллейбусное Управление","Estimated routing"
"Russia","Kostroma","МУП Троллейбусное управление","Estimated routing"
"Russia","Kostroma","ОАО «РЖД» (АО «Дирекция скоростного сообщения»)","Estimated routing"
"Russia","Kostroma","ОАО «РЖД» (АО «Северная пригородная пассажирская компания»)","Estimated routing"
"Russia","Kostroma","ОАО Красноеремтехпредприятие","Estimated routing"
"Russia","Kostroma","ОАО Судиславское АТП","Estimated routing"
"Russia","Kostroma","ООО БАРС-профи","Estimated routing"
"Russia","Kostroma","ООО Волна","Estimated routing"
"Russia","Kostroma","ООО ГлобалТранс","Estimated routing"
"Russia","Kostroma","ООО ЗаВлаН","Estimated routing"
"Russia","Kostroma","ООО ИРА","Estimated routing"
"Russia","Kostroma","ООО КПАТП №2","Estimated routing"
"Russia","Kostroma","ООО КПАТП №2 ¹ ИП Точилов Д.В.²","Estimated routing"
"Russia","Kostroma","ООО КПАТП №2 ИП Горбонос В.И.","Estimated routing"
"Russia","Kostroma","ООО Костромское ПАТП № 2 ИП Деменков А.А.","Estimated routing"
"Russia","Kostroma","ООО Костромское ПАТП № 2 ООО АТП г.Буя ИП Крицкий А.В","Estimated routing"
"Russia","Kostroma","ООО Костромское ПАТП №2 ИП Горбонос В.И.","Estimated routing"
"Russia","Kostroma","ООО Костромское ПАТП-2","Estimated routing"
"Russia","Kostroma","ООО Майс","Estimated routing"
"Russia","Kostroma","ООО Междуречье Авто","Estimated routing"
"Russia","Kostroma","ООО Островскоеавтотранс","Estimated routing"
"Russia","Kostroma","ООО ПАТП 2 г. Кострома","Estimated routing"
"Russia","Kostroma","ООО Прайд","Estimated routing"
"Russia","Kostroma","ООО Солигаличское ТЭП","Estimated routing"
"Russia","Kostroma","ООО Транспорт","Estimated routing"
"Russia","Kostroma","ООО ЯрКамп-Кострома","Estimated routing"
"Russia","Kostroma","ООО Ярославская транспортная компания-2","Estimated routing"
"Russia","Kostroma","ТЦ 100 Метровка","Estimated routing"
"Russia","Kovrov","Transit agency (Kovrov)","Estimated routing"
"Russia","Kovrov","АО «Федеральная пассажирская компания»","Estimated routing"
"Russia","Kovrov","АО АвтоВАС","Estimated routing"
"Russia","Kovrov","АО Федеральная пассажирская компания","Estimated routing"
"Russia","Kovrov","Администрация Ковровского района","Estimated routing"
"Russia","Kovrov","ГУП Владимирский автовокзал","Estimated routing"
"Russia","Kovrov","ГУП ЧР Чувашавтотранс","Estimated routing"
"Russia","Kovrov","ИП Глущенко С.О.","Estimated routing"
"Russia","Kovrov","ИП Глущенко Сергей Олегович","Estimated routing"
"Russia","Kovrov","ИП Журавлев Р. Н.","Estimated routing"
"Russia","Kovrov","ИП Журавлев Роман Николаевич","Estimated routing"
"Russia","Kovrov","ИП Зеленцов Павел Григорьевич","Estimated routing"
"Russia","Kovrov","ИП Маркелов Селивановское АТП ГУП Владимирский автовокзал","Estimated routing"
"Russia","Kovrov","ИП Маслов В.В.","Estimated routing"
"Russia","Kovrov","ИП Пухно Ирина Николаевна","Estimated routing"
"Russia","Kovrov","ИП Соловьев Виктор Николаевич","Estimated routing"
"Russia","Kovrov","ИП Соловьёв А.Н. АО Ковровское ПАТП","Estimated routing"
"Russia","Kovrov","ИП Фурманов В.И. ООО ПАТП-экспресс","Estimated routing"
"Russia","Kovrov","Лена тур","Estimated routing"
"Russia","Kovrov","ОАО «РЖД» (АО «Волго-Вятская пригородная пассажирская компания»)","Estimated routing"
"Russia","Kovrov","ОАО «РЖД» (АО «Северная пригородная пассажирская компания»)","Estimated routing"
"Russia","Kovrov","ОАО Камешковское АТП","Estimated routing"
"Russia","Kovrov","ООО ПАТП плюс","Estimated routing"
"Russia","Kovrov","ООО ПАТП плюс ООО ПАТП-ЭКСПРЕСС ИП Джишкариани Тамара Джарназиевна ООО Авто лидер","Estimated routing"
"Russia","Kovrov","ООО ПАТП-СЕРВИС","Estimated routing"
"Russia","Kovrov","ООО ПАТП-Сервис","Estimated routing"
"Russia","Kovrov","ООО УТТ Г. КОВРОВА","Estimated routing"
"Russia","Kovrov","ООО УТТ Г. Коврова","Estimated routing"
"Russia","Kovrov","ООО УТТ Г.КОВРОВА","Estimated routing"
"Russia","Kovrov","ООО УТТ г. Коврова","Estimated routing"
"Russia","Kovrov","ООО Управление троллейбусного транспорта г.Коврова","Estimated routing"
"Russia","Kovrov","Селивановское ПАТП","Estimated routing"
"Russia","Kovrov","Туристическое агентство ИВАН ДА МАРЬЯ","Estimated routing"
"Russia","Krasnodar","Transit agency (Anapa)","Estimated routing"
"Russia","Krasnodar","Transit agency (Gukovo)","Estimated routing"
"Russia","Krasnodar","Transit agency (Krasnodar)","Estimated routing"
"Russia","Krasnodar","Transit agency (Saratov)","Estimated routing"
"Russia","Krasnodar","Transit agency (Yevpatoria)","Estimated routing"
"Russia","Krasnodar","АО «Федеральная пассажирская компания»","Estimated routing"
"Russia","Krasnodar","АО Гранд Сервис Экспресс","Estimated routing"
"Russia","Krasnodar","АО Кубань Экспресс-Пригород","Estimated routing"
"Russia","Krasnodar","АО РЖД/АО ФПК","Estimated routing"
"Russia","Krasnodar","АО РЖД/АО Федеральная пассажирская компания","Estimated routing"
"Russia","Krasnodar","АО ТК Гранд Сервис Экспресс","Estimated routing"
"Russia","Krasnodar","АО ТК Гранд Сервис Экспресс (Таврия)","Estimated routing"
"Russia","Krasnodar","АО Федеральная пассажирская компания","Estimated routing"
"Russia","Krasnodar","Автоколонна №1491","Estimated routing"
"Russia","Krasnodar","Беларуская Чыгунка","Estimated routing"
"Russia","Krasnodar","ГУП Каббалкавтотранс УП Администрации г. Сухум Сухумское АТП","Estimated routing"
"Russia","Krasnodar","ИП Алексанян А.Б","Estimated routing"
"Russia","Krasnodar","ИП Болдырев Ю.В.","Estimated routing"
"Russia","Krasnodar","ИП Гевондян К.В.","Estimated routing"
"Russia","Krasnodar","ИП Ересенко С.В.","Estimated routing"
"Russia","Krasnodar","ИП Калинин А.Н.","Estimated routing"
"Russia","Krasnodar","ИП Литвяков Н.Г.","Estimated routing"
"Russia","Krasnodar","ИП Тхагапсо Адам Гучипсович","Estimated routing"
"Russia","Krasnodar","МУП КТТУ (Восточное депо)","Estimated routing"
"Russia","Krasnodar","МУП КТТУ (Восточное трамвайное депо)","Estimated routing"
"Russia","Krasnodar","МУП КТТУ (Восточное трамвайное депо)","Estimated routing"
"Russia","Krasnodar","МУП КТТУ (Восточное трамвайное депо) МУП КТТУ (Западное трамвайное депо)","Estimated routing"
"Russia","Krasnodar","МУП КТТУ (Западное депо)","Estimated routing"
"Russia","Krasnodar","МУП КТТУ (Западное трамвайное депо)","Estimated routing"
"Russia","Krasnodar","МУП КТТУ (Троллейбусное депо № 1)","Estimated routing"
"Russia","Krasnodar","МУП КТТУ (Троллейбусное депо №1)","Estimated routing"
"Russia","Krasnodar","МУП КТТУ (Троллейбусное депо №2)","Estimated routing"
"Russia","Krasnodar","МУП КТТУ (депо №1)","Estimated routing"
"Russia","Krasnodar","МУП КТТУ (депо №2)","Estimated routing"
"Russia","Krasnodar","НАО Приморско-Ахтарское АТП","Estimated routing"
"Russia","Krasnodar","ННН Тёплый дом","Estimated routing"
"Russia","Krasnodar","ОАО «РЖД» (АО «Кубань Экспресс-Пригород»)","Estimated routing"
"Russia","Krasnodar","ОАО «РЖД»/АО «Кубань Экспресс-Пригород»","Estimated routing"
"Russia","Krasnodar","ОАО «РЖД»/АО «Северо-Кавказская пригородная пассажирская компания»","Estimated routing"
"Russia","Krasnodar","ОАО РЖД/АО Северо-Кавказская пригородная пассажирская компания","Estimated routing"
"Russia","Krasnodar","ОАО РЖД/АО ФПК","Estimated routing"
"Russia","Krasnodar","ОАО РЖД/АО Федеральная Пассажирская Компания","Estimated routing"
"Russia","Krasnodar","ОАО РЖД/АО Федеральная пассажирская компания","Estimated routing"
"Russia","Krasnodar","ООО 23 BUS","Estimated routing"
"Russia","Krasnodar","ООО «Управляющая автотранспортная компания города Краснодара»","Estimated routing"
"Russia","Krasnodar","ООО Автоальянс","Estimated routing"
"Russia","Krasnodar","ООО Автолайн г. Зверево","Estimated routing"
"Russia","Krasnodar","ООО Агаттрансавто ИП Федотова Е.П.","Estimated routing"
"Russia","Krasnodar","ООО АртАвто","Estimated routing"
"Russia","Krasnodar","ООО Волгодонское ПАТП-1","Estimated routing"
"Russia","Krasnodar","ООО Вымпел-М","Estimated routing"
"Russia","Krasnodar","ООО Евротранс","Estimated routing"
"Russia","Krasnodar","ООО ЗЕТ","Estimated routing"
"Russia","Krasnodar","ООО Кавказ Лайн","Estimated routing"
"Russia","Krasnodar","ООО Кайман","Estimated routing"
"Russia","Krasnodar","ООО Квартет","Estimated routing"
"Russia","Krasnodar","ООО Краснодаравтотранс","Estimated routing"
"Russia","Krasnodar","ООО Круг 98","Estimated routing"
"Russia","Krasnodar","ООО Кубань","Estimated routing"
"Russia","Krasnodar","ООО Кубаньтранс","Estimated routing"
"Russia","Krasnodar","ООО Кубаньтранссервис","Estimated routing"
"Russia","Krasnodar","ООО Магистраль","Estimated routing"
"Russia","Krasnodar","ООО Маршрут-Сервис","Estimated routing"
"Russia","Krasnodar","ООО Маршрут-Сервис ООО Зет","Estimated routing"
"Russia","Krasnodar","ООО Маршрут-сервис","Estimated routing"
"Russia","Krasnodar","ООО Мегаполис","Estimated routing"
"Russia","Krasnodar","ООО НАВИКОМ","Estimated routing"
"Russia","Krasnodar","ООО ННН-Теплый дом","Estimated routing"
"Russia","Krasnodar","ООО ННН-Тёплый дом","Estimated routing"
"Russia","Krasnodar","ООО Ника-Тур","Estimated routing"
"Russia","Krasnodar","ООО Пассажир-Авто","Estimated routing"
"Russia","Krasnodar","ООО Регион-Транс","Estimated routing"
"Russia","Krasnodar","ООО Регион-транс","Estimated routing"
"Russia","Krasnodar","ООО Респект","Estimated routing"
"Russia","Krasnodar","ООО Ространсавто","Estimated routing"
"Russia","Krasnodar","ООО Русавтопром-Кубаньтранс","Estimated routing"
"Russia","Krasnodar","ООО Рустрансавто","Estimated routing"
"Russia","Krasnodar","ООО СВП","Estimated routing"
"Russia","Krasnodar","ООО Секвестр","Estimated routing"
"Russia","Krasnodar","ООО Спринт","Estimated routing"
"Russia","Krasnodar","ООО Технотранс-Юг","Estimated routing"
"Russia","Krasnodar","ООО Транзит-Авто","Estimated routing"
"Russia","Krasnodar","ООО Транс-Лизинг","Estimated routing"
"Russia","Krasnodar","ООО Управляющая автотранспортная компания города Краснодара","Estimated routing"
"Russia","Krasnodar","ООО Управляющая компания города Краснодара","Estimated routing"
"Russia","Krasnodar","ООО Хоспис","Estimated routing"
"Russia","Krasnodar","ООО Экспресс","Estimated routing"
"Russia","Krasnodar","ООО Экспресс-Авто","Estimated routing"
"Russia","Krasnodar","ООО Экспресс-Сервис","Estimated routing"
"Russia","Krasnodar","ООО Югополис - Экспресс","Estimated routing"
"Russia","Krasnogorsk","Transit agency (Krasnogorsk)","Estimated routing"
"Russia","Krasnogorsk","Transit agency (Moscow)","Estimated routing"
"Russia","Krasnogorsk","АО «Центральная ППК»","Estimated routing"
"Russia","Krasnogorsk","АО Группа Автолайн (ООО Автолайн-Мытищи)","Estimated routing"
"Russia","Krasnogorsk","АО Группа Автолайн (ООО Красногорск Авто)","Estimated routing"
"Russia","Krasnogorsk","АО Группа Автолайн (ООО Красногорск-Авто)","Estimated routing"
"Russia","Krasnogorsk","АО Мострансавто (МАП № 7 г. Истра)","Estimated routing"
"Russia","Krasnogorsk","АО Мострансавто (МАП № 7 г. Истра)","Estimated routing"
"Russia","Krasnogorsk","АО Мострансавто (МАП № 8 - ПБ г. Солнечногорск)","Estimated routing"
"Russia","Krasnogorsk","АО Мострансавто (МАП № 8 г. Химки)","Estimated routing"
"Russia","Krasnogorsk","АО Мострансавто (МАП № 8 г. Химки)","Estimated routing"
"Russia","Krasnogorsk","АО Мострансавто (МАП № 8 г. Химки)","Estimated routing"
"Russia","Krasnogorsk","АО Мострансавто (МАП № 9 г. Долгопрудный)","Estimated routing"
"Russia","Krasnogorsk","АО Мострансавто (МАП № 9 г. Долгопрудный)","Estimated routing"
"Russia","Krasnogorsk","АО Мострансавто (МАП №6 г. Одинцово)","Estimated routing"
"Russia","Krasnogorsk","АО Мострансавто (МАП №7 г. Истра)","Estimated routing"
"Russia","Krasnogorsk","АО Центральная ППК","Estimated routing"
"Russia","Krasnogorsk","ГУП Мосгортранс (Зеленоградский автокомбинат)","Estimated routing"
"Russia","Krasnogorsk","ГУП Мосгортранс (филиал Западный)","Estimated routing"
"Russia","Krasnogorsk","ГУП Московский метрополитен","Estimated routing"
"Russia","Krasnogorsk","ГУП Ритуал","Estimated routing"
"Russia","Krasnogorsk","ИП Сергеев Вячеслав Владимирович","Estimated routing"
"Russia","Krasnogorsk","ОАО Группа Автолайн","Estimated routing"
"Russia","Krasnogorsk","ОАО Группа Автолайн (ООО Автолайн-Мытищи)","Estimated routing"
"Russia","Krasnogorsk","ОАО Группа Автолайн (ООО Автомагистраль)","Estimated routing"
"Russia","Krasnogorsk","ОАО Группа Автолайн (ООО КрасАвто)","Estimated routing"
"Russia","Krasnogorsk","ОАО Группа Автолайн (ООО Красногорск-Авто)","Estimated routing"
"Russia","Krasnogorsk","ОАО Группа Автолайн (ООО Транскорпорация)","Estimated routing"
"Russia","Krasnogorsk","ООО Гудвиль","Estimated routing"
"Russia","Krasnogorsk","ООО Домтрансавто","Estimated routing"
"Russia","Krasnogorsk","ООО КАВЗ-2000","Estimated routing"
"Russia","Krasnogorsk","ООО КЛгрупп","Estimated routing"
"Russia","Krasnogorsk","ООО Кондор","Estimated routing"
"Russia","Krasnogorsk","ООО Кондор ИП Сергеев Вячеслав Владимирович","Estimated routing"
"Russia","Krasnogorsk","ООО КрасАвтоТранс","Estimated routing"
"Russia","Krasnogorsk","ООО Люберецкое Транспортное Агентство","Estimated routing"
"Russia","Krasnogorsk","ООО Попутчик","Estimated routing"
"Russia","Krasnogorsk","ООО ТК Таксибус","Estimated routing"
"Russia","Krasnogorsk","ООО Транс-Вей","Estimated routing"
"Russia","Krasnogorsk","ООО Транссервис","Estimated routing"
"Russia","Krasnogorsk","ООО Фортпарк","Estimated routing"
"Russia","Krasnojarsk","Transit agency (Krasnoyarsk)","Estimated routing"
"Russia","Krasnojarsk","Transit agency (Novokuznetsk)","Estimated routing"
"Russia","Krasnojarsk","АО «Федеральная пассажирская компания»","Estimated routing"
"Russia","Krasnojarsk","АО ПассажирРечТранс","Estimated routing"
"Russia","Krasnojarsk","АО Федеральная пассажирская компания","Estimated routing"
"Russia","Krasnojarsk","Автоколонна № 1340","Estimated routing"
"Russia","Krasnojarsk","Автоколонна № 1967","Estimated routing"
"Russia","Krasnojarsk","Автоколонна № 1967 (Ачинск)","Estimated routing"
"Russia","Krasnojarsk","ГП КК Краевое АТП","Estimated routing"
"Russia","Krasnojarsk","ГПКК Канское ПАТП","Estimated routing"
"Russia","Krasnojarsk","ГПКК Краевое АТП","Estimated routing"
"Russia","Krasnojarsk","ИП Бронников А. И.","Estimated routing"
"Russia","Krasnojarsk","ИП Галченкова Е.А","Estimated routing"
"Russia","Krasnojarsk","ИП Глухих В. Д.","Estimated routing"
"Russia","Krasnojarsk","ИП Гнетов Ю.Н.","Estimated routing"
"Russia","Krasnojarsk","ИП Голунцов С. В. ИП Кривоногов И. Г.","Estimated routing"
"Russia","Krasnojarsk","ИП Долгушин Д.Г.","Estimated routing"
"Russia","Krasnojarsk","ИП Долгушина Г.И. ИП Бойко А.П.","Estimated routing"
"Russia","Krasnojarsk","ИП Кнапнугель А.Э.","Estimated routing"
"Russia","Krasnojarsk","ИП Мещеряков А.С.","Estimated routing"
"Russia","Krasnojarsk","ИП Мещеряков С.Г.","Estimated routing"
"Russia","Krasnojarsk","ИП Мыкало Д.А.","Estimated routing"
"Russia","Krasnojarsk","ИП Патрин Н.Н.","Estimated routing"
"Russia","Krasnojarsk","ИП Патрин Н.Н. ООО СТК","Estimated routing"
"Russia","Krasnojarsk","ИП Полютова Т.И.","Estimated routing"
"Russia","Krasnojarsk","ИП Разумов Н.Д.","Estimated routing"
"Russia","Krasnojarsk","ИП Семин В.В.","Estimated routing"
"Russia","Krasnojarsk","ИП Сидоров В.М.","Estimated routing"
"Russia","Krasnojarsk","ИП Сёмин В.В.","Estimated routing"
"Russia","Krasnojarsk","ИП Тагачаков В.Г.","Estimated routing"
"Russia","Krasnojarsk","ИП Цугленок М.М.","Estimated routing"
"Russia","Krasnojarsk","ИП Читашвили Н. С.","Estimated routing"
"Russia","Krasnojarsk","ИП Ялтонский М. А. ИП Ялтонская А. Н.","Estimated routing"
"Russia","Krasnojarsk","Красноярский филиал ГПКК Краевое АТП","Estimated routing"
"Russia","Krasnojarsk","МП Городской транспорт","Estimated routing"
"Russia","Krasnojarsk","МП Городской траспорт","Estimated routing"
"Russia","Krasnojarsk","МП Горэлектротранс","Estimated routing"
"Russia","Krasnojarsk","МП КПАТП-5","Estimated routing"
"Russia","Krasnojarsk","МП КПАТП-5 МП КПАТП-7","Estimated routing"
"Russia","Krasnojarsk","МП КПАТП-7","Estimated routing"
"Russia","Krasnojarsk","МП ПАТП г.Железногорска ГПКК Краевое АТП","Estimated routing"
"Russia","Krasnojarsk","МП Пассажирское автотранспортное предприятие г.Железногорск","Estimated routing"
"Russia","Krasnojarsk","МП г. Красноярска «КПАТП № 7»","Estimated routing"
"Russia","Krasnojarsk","МП г. Красноярска КПАТП-7","Estimated routing"
"Russia","Krasnojarsk","ОАО «РЖД» (АО «Краспригород»)","Estimated routing"
"Russia","Krasnojarsk","ОАО «РЖД» (Красноярская детская железная дорога)","Estimated routing"
"Russia","Krasnojarsk","ОАО КП АТП ООО А/к 1967-СП ОАО Автоколонна 1967","Estimated routing"
"Russia","Krasnojarsk","ООО Авто Плюс","Estimated routing"
"Russia","Krasnojarsk","ООО Автоколонна 1967 ИП Матюшенко Ю.В.","Estimated routing"
"Russia","Krasnojarsk","ООО Вавулин-К","Estimated routing"
"Russia","Krasnojarsk","ООО Ветеран","Estimated routing"
"Russia","Krasnojarsk","ООО Вояж","Estimated routing"
"Russia","Krasnojarsk","ООО Дивтранс","Estimated routing"
"Russia","Krasnojarsk","ООО Енисей-Авто","Estimated routing"
"Russia","Krasnojarsk","ООО КПАТП","Estimated routing"
"Russia","Krasnojarsk","ООО Контур","Estimated routing"
"Russia","Krasnojarsk","ООО Красноярское пассажирское автотранспортное предприятие","Estimated routing"
"Russia","Krasnojarsk","ООО Магистраль ИП Кнапнугель К.А. ИП Сайко А.А.","Estimated routing"
"Russia","Krasnojarsk","ООО Перевозчик","Estimated routing"
"Russia","Krasnojarsk","ООО Практик ООО МаршрутАвто ИП Карасева Н. Н.","Estimated routing"
"Russia","Krasnojarsk","ООО Практик ООО Сибирь Авто","Estimated routing"
"Russia","Krasnojarsk","ООО СТК ИП Патрин Н.Н.","Estimated routing"
"Russia","Krasnojarsk","ООО СТК ИП Патрин Н.Н.","Estimated routing"
"Russia","Krasnojarsk","ООО Сибэкспресс","Estimated routing"
"Russia","Krasnojarsk","ООО Сирена","Estimated routing"
"Russia","Krasnojarsk","ООО ТК Ветеран","Estimated routing"
"Russia","Krasnojarsk","ООО ТОП-Сервис","Estimated routing"
"Russia","Krasnojarsk","ООО Топ-Сервис","Estimated routing"
"Russia","Krasnojarsk","ООО Топ-сервис","Estimated routing"
"Russia","Krasnojarsk","ООО Триумф 7","Estimated routing"
"Russia","Krasnojarsk","ООО ЦЭТ Эконом Энерго ИП Сайко А. А.","Estimated routing"
"Russia","Krasnojarsk","ООО Экипаж-GL","Estimated routing"
"Russia","Krasnojarsk","ООО Экипаж-GL ИП Волобуев Н.Г.","Estimated routing"
"Russia","Krasnojarsk","ООО Южное направление ОАО КП АТП","Estimated routing"
"Russia","Krasnojarsk","Сибирский федеральный университет","Estimated routing"
"Russia","Krasnojarsk","УМ АТП","Estimated routing"
"Russia","Kurgan","Transit agency (Kurgan )","Estimated routing"
"Russia","Kurgan","АО «Федеральная пассажирская компания»","Estimated routing"
"Russia","Kurgan","АО Федеральная пассажирская компания","Estimated routing"
"Russia","Kurgan","ГК ТрансСервис","Estimated routing"
"Russia","Kurgan","ИП Бардин С.В.","Estimated routing"
"Russia","Kurgan","ИП Белобородов Е.И.","Estimated routing"
"Russia","Kurgan","ИП Калинин А.А.","Estimated routing"
"Russia","Kurgan","ИП Крылов А.В.","Estimated routing"
"Russia","Kurgan","ИП Крылов В.В.","Estimated routing"
"Russia","Kurgan","ИП Лыкова Т.Ю. д.Мартьяново","Estimated routing"
"Russia","Kurgan","ИП Меркулов Ю.Н. ИП Крылов А.В.","Estimated routing"
"Russia","Kurgan","ИП Михайличенко А.Е.","Estimated routing"
"Russia","Kurgan","ИП Невструев О.Н.","Estimated routing"
"Russia","Kurgan","ИП Шорохов В.К.","Estimated routing"
"Russia","Kurgan","Компания Альбатрос","Estimated routing"
"Russia","Kurgan","Курганское ПАТП-1","Estimated routing"
"Russia","Kurgan","ОАО «РЖД» (АО «Свердловская пригородная пассажирская компания»)","Estimated routing"
"Russia","Kurgan","ОАО «РЖД» (Курганская детская железная дорога)","Estimated routing"
"Russia","Kurgan","ООО АвтоМиг","Estimated routing"
"Russia","Kurgan","ООО АвтоСити+","Estimated routing"
"Russia","Kurgan","ООО Автолюкс","Estimated routing"
"Russia","Kurgan","ООО ЗауралТрансСервис","Estimated routing"
"Russia","Kurgan","ООО Компания Заурал-Такси-Лайн","Estimated routing"
"Russia","Kurgan","ООО МТ КурганАвтолайт","Estimated routing"
"Russia","Kurgan","ООО ПАТП №5","Estimated routing"
"Russia","Kurgan","ООО Попутчик+","Estimated routing"
"Russia","Kurgan","ООО Севертрансавто-1 ИП Крылов Андрей Владимирович","Estimated routing"
"Russia","Kurgan","ООО Транспортная компания","Estimated routing"
"Russia","Kursk","Transit agency (Kursk)","Estimated routing"
"Russia","Kursk","АО «Федеральная пассажирская компания","Estimated routing"
"Russia","Kursk","АО «Федеральная пассажирская компания»","Estimated routing"
"Russia","Kursk","АО КПАТП-1","Estimated routing"
"Russia","Kursk","АО РЖД/АО ФПК","Estimated routing"
"Russia","Kursk","АО РЖД/АО Федеральная пассажирская компания","Estimated routing"
"Russia","Kursk","АО Тимавтотранс","Estimated routing"
"Russia","Kursk","АО Федеральная пассажирская компания","Estimated routing"
"Russia","Kursk","Автоколонна 1403","Estimated routing"
"Russia","Kursk","ИП Амелин Д.М.","Estimated routing"
"Russia","Kursk","ИП Белоусов А.В.","Estimated routing"
"Russia","Kursk","ИП Быков Е.А.","Estimated routing"
"Russia","Kursk","ИП Губанов","Estimated routing"
"Russia","Kursk","ИП Гусейнов А.С.","Estimated routing"
"Russia","Kursk","ИП Демидова Н.В.","Estimated routing"
"Russia","Kursk","ИП Жмыхов Николай Николаевич","Estimated routing"
"Russia","Kursk","ИП Капустин Ю.В.","Estimated routing"
"Russia","Kursk","ИП Козуева С.Э.","Estimated routing"
"Russia","Kursk","ИП Костина Т.А.","Estimated routing"
"Russia","Kursk","ИП Локтионов А.А.","Estimated routing"
"Russia","Kursk","ИП Лёгенький М.Е.","Estimated routing"
"Russia","Kursk","ИП Мельничук О.С.","Estimated routing"
"Russia","Kursk","ИП Михайлов О.В.","Estimated routing"
"Russia","Kursk","ИП Овсянников В.И.","Estimated routing"
"Russia","Kursk","ИП Писарев А.С.","Estimated routing"
"Russia","Kursk","ИП Пыжов В.С.","Estimated routing"
"Russia","Kursk","ИП Самойлов Николай Николаевич","Estimated routing"
"Russia","Kursk","ИП Цвиров А.В.","Estimated routing"
"Russia","Kursk","Курская Пассажирская Компания","Estimated routing"
"Russia","Kursk","МУП Курскэлектротранс","Estimated routing"
"Russia","Kursk","МУП ПАТП города Курска","Estimated routing"
"Russia","Kursk","НП Общество Частных Перевозчиков","Estimated routing"
"Russia","Kursk","НП Общество частных перевозчиков","Estimated routing"
"Russia","Kursk","ОАО «РЖД» (АО «Пригородная пассажирская компания «Черноземье»)","Estimated routing"
"Russia","Kursk","ОАО «РЖД» (АО «Центральная пригородная пассажирская компания»)","Estimated routing"
"Russia","Kursk","ОАО «РЖД»/АО «ФПК»","Estimated routing"
"Russia","Kursk","ОАО «РЖД»/АО «Центральная пригородная пассажирская компания»)","Estimated routing"
"Russia","Kursk","ОАО КПАТП-1","Estimated routing"
"Russia","Kursk","ОАО Курск-Авто","Estimated routing"
"Russia","Kursk","ОАО Курчатовавтотранс","Estimated routing"
"Russia","Kursk","ОАО Мантуровоавтотранс","Estimated routing"
"Russia","Kursk","ОАО Маршрутное такси Фаворит","Estimated routing"
"Russia","Kursk","ОАО РЖД/АО Федеральная пассажирская компания","Estimated routing"
"Russia","Kursk","ООО АТЭЛ","Estimated routing"
"Russia","Kursk","ООО Золотухинское АТП","Estimated routing"
"Russia","Kursk","ООО Курск-Авто","Estimated routing"
"Russia","Kursk","ООО Курскавтотранс","Estimated routing"
"Russia","Kursk","ООО Курскавтотранс ООО Экспресс-Авто","Estimated routing"
"Russia","Kursk","ООО Курская Пассажирская Компания","Estimated routing"
"Russia","Kursk","ООО ППАТ","Estimated routing"
"Russia","Kursk","ООО ПЭЛ ООО ТК Экспресс Авто","Estimated routing"
"Russia","Kursk","ООО ПЭЛ-3 Валуйская Автоколонна","Estimated routing"
"Russia","Kursk","ООО Транспортная компания Экспресс Авто","Estimated routing"
"Russia","Kursk","ПТ Авто-208","Estimated routing"
"Russia","Kursk","ПТ ПАТП города Курска","Estimated routing"
"Russia","Kursk","ПТ ПОГА-1 пассажирское","Estimated routing"
"Russia","Kyzyl","Transit agency (Kyzyl )","Estimated routing"
"Russia","Kyzyl","ИП Иожица Э.П.","Estimated routing"
"Russia","Kyzyl","МУП Кызылгортанс","Estimated routing"
"Russia","Kyzyl","МУП Кызылгортранс","Estimated routing"
"Russia","Kyzyl","ОАО КП АТП ООО А/к 1967-СП ОАО Автоколонна 1967","Estimated routing"
"Russia","Kyzyl","ООО Тумэнд нээлттэй хязгаарынхан","Estimated routing"
"Russia","Kyzyl","ФГУП Кызылгортранс","Estimated routing"
"Russia","Leninsk-Kuznetskiy","000 СРТ","Estimated routing"
"Russia","Leninsk-Kuznetskiy","Transit agency (Belovo)","Estimated routing"
"Russia","Leninsk-Kuznetskiy","Transit agency (Kemerovo)","Estimated routing"
"Russia","Leninsk-Kuznetskiy","Transit agency (Leninsk-Kuznetsky)","Estimated routing"
"Russia","Leninsk-Kuznetskiy","Transit agency (Mezhdurechensk)","Estimated routing"
"Russia","Leninsk-Kuznetskiy","Transit agency (Novokuznetsk)","Estimated routing"
"Russia","Leninsk-Kuznetskiy","Transit agency (Promyshlennaya)","Estimated routing"
"Russia","Leninsk-Kuznetskiy","АО «Федеральная пассажирская компания»","Estimated routing"
"Russia","Leninsk-Kuznetskiy","АО Горэлектротранспорт","Estimated routing"
"Russia","Leninsk-Kuznetskiy","АО Новокузнецкое ПАТП МКП ПАТП-4 (Новосибирск)","Estimated routing"
"Russia","Leninsk-Kuznetskiy","АО Федеральная пассажирская компания","Estimated routing"
"Russia","Leninsk-Kuznetskiy","Беловское ГПАТП Кузбасса ООО СРТ","Estimated routing"
"Russia","Leninsk-Kuznetskiy","ГУ Кузбасспассажиравтотранс","Estimated routing"
"Russia","Leninsk-Kuznetskiy","Зеленогорское ГПАТП КО Ленинск-кузнецкая АК № 1337","Estimated routing"
"Russia","Leninsk-Kuznetskiy","Зеленогорское ГПАТП КО Ленинск-кузнецкий ГП Кемеровской области АК № 1337","Estimated routing"
"Russia","Leninsk-Kuznetskiy","ИП Лавриненко В.В.","Estimated routing"
"Russia","Leninsk-Kuznetskiy","ИП Рязанов В.Н","Estimated routing"
"Russia","Leninsk-Kuznetskiy","Ленинск-Кузнецкий ГП по Кемеровской области АК № 1337","Estimated routing"
"Russia","Leninsk-Kuznetskiy","Ленинск-Кузнецкий ГП по Кемеровской области АК №1337","Estimated routing"
"Russia","Leninsk-Kuznetskiy","Ленинск-кузнецкий ГП по Кемеровской области АК №1337","Estimated routing"
"Russia","Leninsk-Kuznetskiy","Междуреченское ГПАТП Кемеровской области","Estimated routing"
"Russia","Leninsk-Kuznetskiy","ООО «АРИАТ»","Estimated routing"
"Russia","Leninsk-Kuznetskiy","ООО НСК-Авто ООО СибАвто","Estimated routing"
"Russia","Leninsk-Kuznetskiy","ООО СибАвто ООО НСК-Авто","Estimated routing"
"Russia","Leninsk-Kuznetskiy","ООО СибАвтотранс","Estimated routing"
"Russia","Leninsk-Kuznetskiy","ООО Томскавтоэкспресс ГУ Кузбасспассажиравтотранс","Estimated routing"
"Russia","Leninsk-Kuznetskiy","Филиал Беловского ГПАТП Кузбасса «Ленинск-Кузнецкая автоколонна»","Estimated routing"
"Russia","Lipetsk","Transit agency (Michurinsk)","Estimated routing"
"Russia","Lipetsk","АО «Федеральная пассажирская компания»","Estimated routing"
"Russia","Lipetsk","АО Гранд Сервис Экспресс","Estimated routing"
"Russia","Lipetsk","АО Грязинское АТП","Estimated routing"
"Russia","Lipetsk","АО Липецкий пассажирский парк","Estimated routing"
"Russia","Lipetsk","АО Липецкий пассажирский парк ООО AGEEVBUS ª","Estimated routing"
"Russia","Lipetsk","АО Липецкий пассажирский парк ООО AGEEVBUS °","Estimated routing"
"Russia","Lipetsk","АО ТК Гранд Сервис Экспресс","Estimated routing"
"Russia","Lipetsk","АО Тербунское АТП","Estimated routing"
"Russia","Lipetsk","АО Федеральная пассажирская компания","Estimated routing"
"Russia","Lipetsk","Беларуская Чыгунка","Estimated routing"
"Russia","Lipetsk","ЗАО Л-Бус","Estimated routing"
"Russia","Lipetsk","ЗАО Л-Бус АО Автоколонна-2068","Estimated routing"
"Russia","Lipetsk","ЗАО Л-Бус ОАО Добринское АТП","Estimated routing"
"Russia","Lipetsk","ЗАО Л-Бус ООО Лебедянские автобусные линии","Estimated routing"
"Russia","Lipetsk","ЗАО работников НП Экспресс-Липецк","Estimated routing"
"Russia","Lipetsk","ЗАО работников НП Экспресс-Липецк АО работников НП Чаплыгинавто","Estimated routing"
"Russia","Lipetsk","ЗАО работников НП Экспресс-Липецк ОАО Воловское АТП","Estimated routing"
"Russia","Lipetsk","ЗАО работников НП Экспресс-Липецк ОАО Липецкие автобусные линии","Estimated routing"
"Russia","Lipetsk","ЗАО работников НП Экспресс-Липецк ООО Лебедянские автобусные линии","Estimated routing"
"Russia","Lipetsk","ИП Агеев Ю.Н","Estimated routing"
"Russia","Lipetsk","ИП Агеев Ю.Н.","Estimated routing"
"Russia","Lipetsk","ИП Алтарев А.Ю.","Estimated routing"
"Russia","Lipetsk","ИП Ахметов М.Р.","Estimated routing"
"Russia","Lipetsk","ИП Ахметов М.Р. и другие","Estimated routing"
"Russia","Lipetsk","ИП Двуреченский А.Н. ИП Руднев В.Я.","Estimated routing"
"Russia","Lipetsk","ИП Денисов О.Г.","Estimated routing"
"Russia","Lipetsk","ИП Дубенский А.В.","Estimated routing"
"Russia","Lipetsk","ИП Игнатов В.К.","Estimated routing"
"Russia","Lipetsk","ИП Игнатов С.Н","Estimated routing"
"Russia","Lipetsk","ИП Игнатов С.Н АО Грязинское АТП","Estimated routing"
"Russia","Lipetsk","ИП Игнатов С.Н.","Estimated routing"
"Russia","Lipetsk","ИП Карих А.И.","Estimated routing"
"Russia","Lipetsk","ИП Ларин В.И.","Estimated routing"
"Russia","Lipetsk","ИП Орлов М.Г.","Estimated routing"
"Russia","Lipetsk","ИП Орлов Р.М","Estimated routing"
"Russia","Lipetsk","ИП Орлов Р.М.","Estimated routing"
"Russia","Lipetsk","ИП Филимонов В.Е","Estimated routing"
"Russia","Lipetsk","ИП Филимонов В.Е.","Estimated routing"
"Russia","Lipetsk","ИП Филимонов В.Е. ИП Филимонова В.Н.","Estimated routing"
"Russia","Lipetsk","ИП Хуткин Д.Е.","Estimated routing"
"Russia","Lipetsk","МУП Городской электротранспорт","Estimated routing"
"Russia","Lipetsk","МУП Липецкпассажиртранс","Estimated routing"
"Russia","Lipetsk","ОАО Автоколонна № 1414","Estimated routing"
"Russia","Lipetsk","ОАО Добринское АТП","Estimated routing"
"Russia","Lipetsk","ОАО Липецкие автобусные линии","Estimated routing"
"Russia","Lipetsk","ОАО РЖД/АО ФПК","Estimated routing"
"Russia","Lipetsk","ООО АТП ВОА ООО Автотранс ВОА","Estimated routing"
"Russia","Lipetsk","ООО АТП Добровское","Estimated routing"
"Russia","Lipetsk","ООО АТП Добровское ОАО Липецкие автобусные линии","Estimated routing"
"Russia","Lipetsk","ООО АТТ-Плюс","Estimated routing"
"Russia","Lipetsk","ООО Автолайн-Плюс ИП Филина Е.Н.","Estimated routing"
"Russia","Lipetsk","ООО Автолидер-Липецк","Estimated routing"
"Russia","Lipetsk","ООО Автолидер-Липецк Карих И.В.","Estimated routing"
"Russia","Lipetsk","ООО Автомиг","Estimated routing"
"Russia","Lipetsk","ООО Долгоруковское АТП","Estimated routing"
"Russia","Lipetsk","ООО Краснинское АТП","Estimated routing"
"Russia","Lipetsk","ООО Курскавтотранс","Estimated routing"
"Russia","Lipetsk","ООО Липецктранссервис","Estimated routing"
"Russia","Lipetsk","ООО МегаТрансАвто","Estimated routing"
"Russia","Lipetsk","ООО НИРАЛ-Авто и другие","Estimated routing"
"Russia","Lipetsk","ООО Нирал-Авто","Estimated routing"
"Russia","Lipetsk","ООО Нирал-Авто АО Грязинское АТП Липецкая региональная общественная организация Общероссийской общественной организации инвалидов войны в Афганистане и военной травмы - Инвалиды войны","Estimated routing"
"Russia","Lipetsk","ООО ПАТП-5","Estimated routing"
"Russia","Lipetsk","ООО Трансферсервис","Estimated routing"
"Russia","Lipetsk","ООО Тульские автобусные линии ИП Ахметов М.Р.","Estimated routing"
"Russia","Lipetsk","ООО Центр Транс Сити","Estimated routing"
"Russia","Lyubertsy","Transit agency (Dzerzhinsky)","Estimated routing"
"Russia","Lyubertsy","Transit agency (Kotelniki)","Estimated routing"
"Russia","Lyubertsy","Transit agency (Lyubertsy)","Estimated routing"
"Russia","Lyubertsy","АО Мострансавто (МАП № 1 - а/к 1787 г. Люберцы (ПБ Лыткаринское ПАТП))","Estimated routing"
"Russia","Lyubertsy","АО Мострансавто (МАП № 1 - а/к 1787 г. Люберцы)","Estimated routing"
"Russia","Lyubertsy","АО Мострансавто (МАП № 1 - а/к № 1787 г. Люберцы)","Estimated routing"
"Russia","Lyubertsy","АО Мострансавто (МАП № 1 - а/к № 1787 г. Люберцы)","Estimated routing"
"Russia","Lyubertsy","АО Мострансавто (МАП № 1 - а/к №1787 г.Люберцы)","Estimated routing"
"Russia","Lyubertsy","АО Мострансавто (МАП № 1 А/к 1787 г. Люберцы)","Estimated routing"
"Russia","Lyubertsy","АО Мострансавто (МАП № 1 а/к 1787 г. Люберцы)","Estimated routing"
"Russia","Lyubertsy","АО Мострансавто (МАП № 1 а/к № 1787 г.Люберцы)","Estimated routing"
"Russia","Lyubertsy","АО Мострансавто (МАП № 1 г. Люберцы ПБ «Лыткарино»)","Estimated routing"
"Russia","Lyubertsy","АО Мострансавто (МАП № 4 - ПБ г. Шатура)","Estimated routing"
"Russia","Lyubertsy","АО Мострансавто (МАП №1 - а/к 1787 г. Люберцы ПБ а/к 1376 г. Жуковский)","Estimated routing"
"Russia","Lyubertsy","АО Мострансавто (МАП №1 - а/к 1787 г. Люберцы ПБ а/к 1376 г. Жуковский)","Estimated routing"
"Russia","Lyubertsy","АО Мострансавто (МАП №1 - а/к 1787 г. Люберцы)","Estimated routing"
"Russia","Lyubertsy","АО Мострансавто (МАП №1 - а/к №1787 г. Люберцы)","Estimated routing"
"Russia","Lyubertsy","АО Мострансавто (МАП №1 - а/к №1787 г.Люберцы)","Estimated routing"
"Russia","Lyubertsy","АО Мострансавто (МАП №1 А/к 1787 г. Люберцы)","Estimated routing"
"Russia","Lyubertsy","АО Мострансавто (МАП №1 а/к 1787 г. Люберцы)","Estimated routing"
"Russia","Lyubertsy","АО Мострансавто (МАП №1 а/к №1787 г. Люберцы ПБ г. Лыткарино)","Estimated routing"
"Russia","Lyubertsy","АО Мострансавто (МАП №1 а/к №1787 г. Люберцы)","Estimated routing"
"Russia","Lyubertsy","АО Мострансавто (МАП №1 а/к №1787 г.Люберцы)","Estimated routing"
"Russia","Lyubertsy","АО Мострансавто (МАП №1 г. Люберцы (ПБ г. Жуковский))","Estimated routing"
"Russia","Lyubertsy","АО Мострансавто (МАП №2 - а/к 1417 г. Коломна ПБ г. Бронницы)","Estimated routing"
"Russia","Lyubertsy","АО Мострансавто (МАП №4 - ПБ г. Шатура)","Estimated routing"
"Russia","Lyubertsy","АО Мострансавто (МАП №4 ПБ г. Шатура)","Estimated routing"
"Russia","Lyubertsy","АО Мострансавто (МАП №4 г. Раменское)","Estimated routing"
"Russia","Lyubertsy","АО Мострансавто (ПБ Лыткаринское ПАТП МАП №1 а/к 1787 г. Люберцы)","Estimated routing"
"Russia","Lyubertsy","АО Мострансавто (Шатурское ПАТП)","Estimated routing"
"Russia","Lyubertsy","АО Мострансавто (а/к 1787 г. Люберцы)","Estimated routing"
"Russia","Lyubertsy","АО Мострансавто (а/к 1796 г.Егорьевск)","Estimated routing"
"Russia","Lyubertsy","АО Мострансавто (а/к №1787 г.Люберцы)","Estimated routing"
"Russia","Lyubertsy","ГУП Мосгортранс (филиал Восточный)","Estimated routing"
"Russia","Lyubertsy","ОАО «РЖД» (АО «Центральная пригородная пассажирская компания»)","Estimated routing"
"Russia","Lyubertsy","ООО Автоновио","Estimated routing"
"Russia","Lyubertsy","ООО Автотранссервис 1","Estimated routing"
"Russia","Lyubertsy","ООО Автотранссервис-1","Estimated routing"
"Russia","Lyubertsy","ООО Альфа-Мобил","Estimated routing"
"Russia","Lyubertsy","ООО Альфа-Мобил ООО Авто-Магистраль","Estimated routing"
"Russia","Lyubertsy","ООО Вест Лайн","Estimated routing"
"Russia","Lyubertsy","ООО Вест-Лайн","Estimated routing"
"Russia","Lyubertsy","ООО Диалан-Мобил","Estimated routing"
"Russia","Lyubertsy","ООО Домтрансавто","Estimated routing"
"Russia","Lyubertsy","ООО Компания Люберецкое Транспортное Агентство","Estimated routing"
"Russia","Lyubertsy","ООО Компания Люберецкое транспортное агентство","Estimated routing"
"Russia","Lyubertsy","ООО Ранд-Транс","Estimated routing"
"Russia","Lyubertsy","ООО Ранд-Транс ООО Балашиха-Экспресс","Estimated routing"
"Russia","Lyubertsy","ООО Славянский экспресс","Estimated routing"
"Russia","Lyubertsy","ООО Стаффтранс","Estimated routing"
"Russia","Lyubertsy","ООО Стаффтранс 1","Estimated routing"
"Russia","Lyubertsy","ООО Стаффтранс-1","Estimated routing"
"Russia","Lyubertsy","ООО ТФ Спартак и К","Estimated routing"
"Russia","Lyubertsy","ООО ТФ Спартак и К ООО Экскомавто","Estimated routing"
"Russia","Lyubertsy","ООО ТрансАвто","Estimated routing"
"Russia","Lyubertsy","ООО Транспорт-1","Estimated routing"
"Russia","Lyubertsy","ООО Фабула","Estimated routing"
"Russia","Moscow","Norma-A SIA","Estimated routing"
"Russia","Moscow","Transit agency (Balashikha)","Estimated routing"
"Russia","Moscow","Transit agency (Khimki)","Estimated routing"
"Russia","Moscow","Transit agency (Lyubertsy)","Estimated routing"
"Russia","Moscow","Transit agency (Moscow)","Estimated routing"
"Russia","Moscow","Transit agency (Mytishchi)","Estimated routing"
"Russia","Moscow","Transit agency (Pereslavl-Zalessky)","Estimated routing"
"Russia","Moscow","Transit agency (Saint-Petersburg)","Estimated routing"
"Russia","Moscow","Transit agency (Troitsk (Moscow))","Estimated routing"
"Russia","Moscow","Transit agency (Uryupinsk )","Estimated routing"
"Russia","Moscow","«Дирекция скоростного сообщения» ОАО РЖД","Estimated routing"
"Russia","Moscow","АO Федеральная пассажирская компания","Estimated routing"
"Russia","Moscow","АО «МТ ППК»","Estimated routing"
"Russia","Moscow","АО «Федеральная пассажирская компания","Estimated routing"
"Russia","Moscow","АО «Федеральная пассажирская компания»","Estimated routing"
"Russia","Moscow","АО «Центральная ППК»","Estimated routing"
"Russia","Moscow","АО «Центральная пригородная пассажирская компания»","Estimated routing"
"Russia","Moscow","АО Автомобилист","Estimated routing"
"Russia","Moscow","АО ВДНХ","Estimated routing"
"Russia","Moscow","АО Гранд Сервис Экспресс","Estimated routing"
"Russia","Moscow","АО Группа Автолайн (ООО Аврора)","Estimated routing"
"Russia","Moscow","АО Группа Автолайн (ООО Автолайн-Мытищи)","Estimated routing"
"Russia","Moscow","АО Группа Автолайн (ООО Красногорск Авто)","Estimated routing"
"Russia","Moscow","АО Группа Автолайн (ООО Красногорск-Авто)","Estimated routing"
"Russia","Moscow","АО Московско-Тверская ППК","Estimated routing"
"Russia","Moscow","АО Мострансавто (Видновское ПАТП)","Estimated routing"
"Russia","Moscow","АО Мострансавто (Волоколамское ПАТП в т.ч. ПБ Шаховская)","Estimated routing"
"Russia","Moscow","АО Мострансавто (Волоколамское ПАТП)","Estimated routing"
"Russia","Moscow","АО Мострансавто (Долгопрудненское ПАТП)","Estimated routing"
"Russia","Moscow","АО Мострансавто (Каширское ПАТП)","Estimated routing"
"Russia","Moscow","АО Мострансавто (МАП № 1 - а/к 1787 г. Люберцы (ПБ Лыткаринское ПАТП))","Estimated routing"
"Russia","Moscow","АО Мострансавто (МАП № 1 - а/к 1787 г. Люберцы)","Estimated routing"
"Russia","Moscow","АО Мострансавто (МАП № 1 - а/к № 1787 г. Люберцы)","Estimated routing"
"Russia","Moscow","АО Мострансавто (МАП № 1 - а/к № 1787 г. Люберцы)","Estimated routing"
"Russia","Moscow","АО Мострансавто (МАП № 1 - а/к №1787 г. Люберцы)","Estimated routing"
"Russia","Moscow","АО Мострансавто (МАП № 1 а/к 1787 г. Люберцы)","Estimated routing"
"Russia","Moscow","АО Мострансавто (МАП № 1 а/к № 1787 г. Люберцы)","Estimated routing"
"Russia","Moscow","АО Мострансавто (МАП № 10 - ПБ г. Мытищи)","Estimated routing"
"Russia","Moscow","АО Мострансавто (МАП № 11 г. Балашиха)","Estimated routing"
"Russia","Moscow","АО Мострансавто (МАП № 5 - а/к № 1788 г. Подольск)","Estimated routing"
"Russia","Moscow","АО Мострансавто (МАП № 5 г. Подольск)","Estimated routing"
"Russia","Moscow","АО Мострансавто (МАП № 5 г. Подольск)","Estimated routing"
"Russia","Moscow","АО Мострансавто (МАП № 6 - ПБ г. Звенигород)","Estimated routing"
"Russia","Moscow","АО Мострансавто (МАП № 6 - ПБ г. Звенигород)","Estimated routing"
"Russia","Moscow","АО Мострансавто (МАП № 6 - ПБ г. Можайск)","Estimated routing"
"Russia","Moscow","АО Мострансавто (МАП № 6 - ПБ г. Наро-Фоминск)","Estimated routing"
"Russia","Moscow","АО Мострансавто (МАП № 6 - ПБ г. Руза)","Estimated routing"
"Russia","Moscow","АО Мострансавто (МАП № 6 Одинцовское ПАТП)","Estimated routing"
"Russia","Moscow","АО Мострансавто (МАП № 6 Одинцовское ПАТП) ИП Шаталов Сергей Иванович","Estimated routing"
"Russia","Moscow","АО Мострансавто (МАП № 6 г. Одинцово - производственный участок г. Верея)","Estimated routing"
"Russia","Moscow","АО Мострансавто (МАП № 6 г. Одинцово)","Estimated routing"
"Russia","Moscow","АО Мострансавто (МАП № 6 г. Одинцово)","Estimated routing"
"Russia","Moscow","АО Мострансавто (МАП № 7 Истринское АТП - ПБ г. Волоколамск)","Estimated routing"
"Russia","Moscow","АО Мострансавто (МАП № 7 г. Истра)","Estimated routing"
"Russia","Moscow","АО Мострансавто (МАП № 7 г. Истра)","Estimated routing"
"Russia","Moscow","АО Мострансавто (МАП № 7 г. Истра)","Estimated routing"
"Russia","Moscow","АО Мострансавто (МАП № 8 - ПБ г. Клин)","Estimated routing"
"Russia","Moscow","АО Мострансавто (МАП № 8 - ПБ г. Солнечногорск)","Estimated routing"
"Russia","Moscow","АО Мострансавто (МАП № 8 - ПБ г. Солнечногорск)","Estimated routing"
"Russia","Moscow","АО Мострансавто (МАП № 8 г. Химки)","Estimated routing"
"Russia","Moscow","АО Мострансавто (МАП № 8 г. Химки)","Estimated routing"
"Russia","Moscow","АО Мострансавто (МАП № 8 г. Химки)","Estimated routing"
"Russia","Moscow","АО Мострансавто (МАП № 9 г. Долгопрудный)","Estimated routing"
"Russia","Moscow","АО Мострансавто (МАП № 9 г. Долгопрудный)","Estimated routing"
"Russia","Moscow","АО Мострансавто (МАП № 9 г. Долгопрудный)","Estimated routing"
"Russia","Moscow","АО Мострансавто (МАП №1 - а/к 1787 г. Люберцы ПБ а/к 1376 г. Жуковский)","Estimated routing"
"Russia","Moscow","АО Мострансавто (МАП №1 - а/к 1787 г. Люберцы)","Estimated routing"
"Russia","Moscow","АО Мострансавто (МАП №1 - а/к №1787 г.Люберцы)","Estimated routing"
"Russia","Moscow","АО Мострансавто (МАП №1 А/к 1787 г. Люберцы)","Estimated routing"
"Russia","Moscow","АО Мострансавто (МАП №1 а/к 1787 г. Люберцы)","Estimated routing"
"Russia","Moscow","АО Мострансавто (МАП №11 г. Балашиха)","Estimated routing"
"Russia","Moscow","АО Мострансавто (МАП №11 г.Балашиха)","Estimated routing"
"Russia","Moscow","АО Мострансавто (МАП №11 производственная база «Щёлково»)","Estimated routing"
"Russia","Moscow","АО Мострансавто (МАП №12 ПБ г.Орехово-Зуево)","Estimated routing"
"Russia","Moscow","АО Мострансавто (МАП №12 г. Ногинск)","Estimated routing"
"Russia","Moscow","АО Мострансавто (МАП №12 г.Ногинск)","Estimated routing"
"Russia","Moscow","АО Мострансавто (МАП №2 - Озёрское ПАТП)","Estimated routing"
"Russia","Moscow","АО Мострансавто (МАП №5 Подольск ПБ г. Серпухов)","Estimated routing"
"Russia","Moscow","АО Мострансавто (МАП №6 г. Одинцово)","Estimated routing"
"Russia","Moscow","АО Мострансавто (МАП №7 г. Истра)","Estimated routing"
"Russia","Moscow","АО Мострансавто (Одинцовское ПАТП)","Estimated routing"
"Russia","Moscow","АО Мострансавто (Павлово-Посадское ПАТП)","Estimated routing"
"Russia","Moscow","АО Мострансавто (Солнечногорское ПАТП) (субподрядчик: ООО Стартранс)","Estimated routing"
"Russia","Moscow","АО Мострансавто (Ступинское ПАТП)","Estimated routing"
"Russia","Moscow","АО Мострансавто (Чеховское ПАТП)","Estimated routing"
"Russia","Moscow","АО Мострансавто (а/к 1377 г. Балашиха)","Estimated routing"
"Russia","Moscow","АО Мострансавто (а/к 1377 г.Балашиха)","Estimated routing"
"Russia","Moscow","АО Мострансавто (а/к 1784 г. Дмитров)","Estimated routing"
"Russia","Moscow","АО Мострансавто (а/к 1785 г.Щелково)","Estimated routing"
"Russia","Moscow","АО Мострансавто (а/к 1785 г.Щёлково)","Estimated routing"
"Russia","Moscow","АО Мострансавто (а/к 1787 г. Люберцы)","Estimated routing"
"Russia","Moscow","АО Мострансавто (а/к 1788 г. Подольск)","Estimated routing"
"Russia","Moscow","АО Мострансавто (а/к № 1375 г. Мытищи)","Estimated routing"
"Russia","Moscow","АО Мострансавто (а/к № 1375 г. Мытищи)","Estimated routing"
"Russia","Moscow","АО Мострансавто (а/к № 1377 г. Балашиха)","Estimated routing"
"Russia","Moscow","АО Мострансавто (а/к № 1784 г. Дмитров - ПБ г. Талдом)","Estimated routing"
"Russia","Moscow","АО Мострансавто (а/к № 1786 г. Химки)","Estimated routing"
"Russia","Moscow","АО Мострансавто (а/к № 1788 г. Подольск)","Estimated routing"
"Russia","Moscow","АО Мострансавто (а/к № 1788 г. Подольск)","Estimated routing"
"Russia","Moscow","АО Мострансавто (а/к № 1788 г.&nbsp Подольск)","Estimated routing"
"Russia","Moscow","АО Мострансавто (а/к № 1788)","Estimated routing"
"Russia","Moscow","АО Мострансавто (а/к № 1789 г. Ивантеевка)","Estimated routing"
"Russia","Moscow","АО Мострансавто (а/к № 1789 г. Ивантеевка)","Estimated routing"
"Russia","Moscow","АО Мострансавто (а/к № 1791 г. Сергиев Посад)","Estimated routing"
"Russia","Moscow","АО Мострансавто (а/к №&nbsp 1785 г.&nbsp Щёлково)","Estimated routing"
"Russia","Moscow","АО Мострансавто (а/к №1377 г. Балашиха)","Estimated routing"
"Russia","Moscow","АО Мострансавто (а/к №1787 г.Люберцы)","Estimated routing"
"Russia","Moscow","АО РЖД/АО ФПК","Estimated routing"
"Russia","Moscow","АО РЖД/АО Федеральная пассажирская компания","Estimated routing"
"Russia","Moscow","АО ТК Гранд Сервис Экспресс","Estimated routing"
"Russia","Moscow","АО Федеральная пассажирская компания","Estimated routing"
"Russia","Moscow","АО Центральная ППК","Estimated routing"
"Russia","Moscow","БЦ Верейская Плаза","Estimated routing"
"Russia","Moscow","Беларуская чыгунка","Estimated routing"
"Russia","Moscow","ГП Автовокзал Калуга","Estimated routing"
"Russia","Moscow","ГУП Мосгортранс (17-й автобусный парк)","Estimated routing"
"Russia","Moscow","ГУП Мосгортранс (Зеленоградский автокомбинат)","Estimated routing"
"Russia","Moscow","ГУП Мосгортранс (Служба заказных перевозок)","Estimated routing"
"Russia","Moscow","ГУП Мосгортранс (Филиал Северо-Восточный)","Estimated routing"
"Russia","Moscow","ГУП Мосгортранс (Филиал Южный)","Estimated routing"
"Russia","Moscow","ГУП Мосгортранс (филиал Восточный и филиал Южный)","Estimated routing"
"Russia","Moscow","ГУП Мосгортранс (филиал Восточный)","Estimated routing"
"Russia","Moscow","ГУП Мосгортранс (филиал Западный и филиал Черёмушкинский)","Estimated routing"
"Russia","Moscow","ГУП Мосгортранс (филиал Западный)","Estimated routing"
"Russia","Moscow","ГУП Мосгортранс (филиал Северо-Восточный)","Estimated routing"
"Russia","Moscow","ГУП Мосгортранс (филиал Северо-восточный)","Estimated routing"
"Russia","Moscow","ГУП Мосгортранс (филиал Центральный)","Estimated routing"
"Russia","Moscow","ГУП Мосгортранс (филиал Черёмушкинский и 17-й автобусный парк)","Estimated routing"
"Russia","Moscow","ГУП Мосгортранс (филиал Черёмушкинский)","Estimated routing"
"Russia","Moscow","ГУП Мосгортранс (филиал Юго-Западный филиал Черёмушкинский)","Estimated routing"
"Russia","Moscow","ГУП Мосгортранс (филиал Юго-Западный)","Estimated routing"
"Russia","Moscow","ГУП Мосгортранс (филиал Южный)","Estimated routing"
"Russia","Moscow","ГУП Мосгортранс (филиалы Центральный и Южный)","Estimated routing"
"Russia","Moscow","ГУП Мосгортранс(филиал Северо-Восточный)","Estimated routing"
"Russia","Moscow","ГУП Московский метрополитен","Estimated routing"
"Russia","Moscow","ГУП Московский метрополитен (Краснопресненское трамвайное депо)","Estimated routing"
"Russia","Moscow","ГУП Московский метрополитен (Октябрьское трамвайное депо и трамвайное депо имени Апакова)","Estimated routing"
"Russia","Moscow","ГУП Московский метрополитен (Октябрьское трамвайное депо)","Estimated routing"
"Russia","Moscow","ГУП Московский метрополитен (трамвайное депо им. Апакова)","Estimated routing"
"Russia","Moscow","ГУП Московский метрополитен (трамвайное депо имени Апакова и трамвайное депо имени Русакова)","Estimated routing"
"Russia","Moscow","ГУП Московский метрополитен (трамвайное депо имени Апакова)","Estimated routing"
"Russia","Moscow","ГУП Московский метрополитен (трамвайное депо имени Баумана)","Estimated routing"
"Russia","Moscow","ГУП Московский метрополитен (трамвайное депо имени Русакова и Октябрьское трамвайное депо)","Estimated routing"
"Russia","Moscow","ГУП Московский метрополитен (трамвайное депо имени Русакова)","Estimated routing"
"Russia","Moscow","Группа Автоэкспресс (ООО ПаркСервис)","Estimated routing"
"Russia","Moscow","ДЦ Автопассаж на Дорожной","Estimated routing"
"Russia","Moscow","Дирекция скоростного сообщения - филиал ОАО «РЖД» (ДОСС)","Estimated routing"
"Russia","Moscow","Дирекция скоростного сообщения – филиал ОАО «РЖД» (ДОСС)","Estimated routing"
"Russia","Moscow","ЗАО Бус Трэвел","Estimated routing"
"Russia","Moscow","ЗАО Крокус-Сити","Estimated routing"
"Russia","Moscow","ЗАО Межавтотранс","Estimated routing"
"Russia","Moscow","ЗАО Московский шёлк","Estimated routing"
"Russia","Moscow","ЗАО Эвромекс-Транс","Estimated routing"
"Russia","Moscow","ИП Абилова Людмила Григорьевна","Estimated routing"
"Russia","Moscow","ИП Аджем Ю.Ю","Estimated routing"
"Russia","Moscow","ИП Бобков Дмитрий Викторович","Estimated routing"
"Russia","Moscow","ИП Воробьёва Наталья Владимировна","Estimated routing"
"Russia","Moscow","ИП Гады Юрий Сергеевич","Estimated routing"
"Russia","Moscow","ИП Джишкариани Тамара Джарназиевна","Estimated routing"
"Russia","Moscow","ИП Капустин Ю.В.","Estimated routing"
"Russia","Moscow","ИП Карташов О.А. и другие","Estimated routing"
"Russia","Moscow","ИП Князев Владимир Анатольевич","Estimated routing"
"Russia","Moscow","ИП Косолапова Надежда Григорьевна","Estimated routing"
"Russia","Moscow","ИП Лазарева В.В","Estimated routing"
"Russia","Moscow","ИП Любимов Е.В.","Estimated routing"
"Russia","Moscow","ИП Маркелов Р.С.","Estimated routing"
"Russia","Moscow","ИП Маслов ПАТП+ г. Ковров","Estimated routing"
"Russia","Moscow","ИП Матвеева Ольга Владимировна ИП Никитенков Алексей Вячеславович ИП Суворов Александр Николаевич","Estimated routing"
"Russia","Moscow","ИП Морковский А.В.","Estimated routing"
"Russia","Moscow","ИП Рупп Виктор Иосифович","Estimated routing"
"Russia","Moscow","ИП Сильтикова Галина Валентиновна","Estimated routing"
"Russia","Moscow","ИП Терехов Д.А. и другие","Estimated routing"
"Russia","Moscow","ИП Тычинин А.Е","Estimated routing"
"Russia","Moscow","ИП Филаткин А.В.","Estimated routing"
"Russia","Moscow","ИП Цветков Михаил Юрьевич","Estimated routing"
"Russia","Moscow","МП Химкиэлектротранс","Estimated routing"
"Russia","Moscow","МУП АТП ЗАТО г. Радужный","Estimated routing"
"Russia","Moscow","МУП Жуковское ПАТП","Estimated routing"
"Russia","Moscow","МУП Хвастовичское АТП","Estimated routing"
"Russia","Moscow","МУП Холм-Жирковское ПАТП","Estimated routing"
"Russia","Moscow","ОАО «РЖД» («Дирекция скоростного сообщения»)","Estimated routing"
"Russia","Moscow","ОАО «РЖД» (АО «Дирекция скоростного сообщения»)","Estimated routing"
"Russia","Moscow","ОАО «РЖД» (АО «Московско-Тверская пригородная пассажирская компания»)","Estimated routing"
"Russia","Moscow","ОАО «РЖД» (АО «Центральная пригородная пассажирская компания»)","Estimated routing"
"Russia","Moscow","ОАО «РЖД» (ООО «Аэроэкспресс»)","Estimated routing"
"Russia","Moscow","ОАО «РЖД»/АО «ФПК»","Estimated routing"
"Russia","Moscow","ОАО Автоколонна 1655","Estimated routing"
"Russia","Moscow","ОАО ГРУППА АВТОЛАЙН","Estimated routing"
"Russia","Moscow","ОАО Группа Автолайн","Estimated routing"
"Russia","Moscow","ОАО Группа Автолайн (ООО Авто-Троицк)","Estimated routing"
"Russia","Moscow","ОАО Группа Автолайн (ООО АвтоКольцо)","Estimated routing"
"Russia","Moscow","ОАО Группа Автолайн (ООО Автолайн-Мытищи)","Estimated routing"
"Russia","Moscow","ОАО Группа Автолайн (ООО Автолайн-Мытищи) Субподрядчик: ООО РАТА-Экспресс","Estimated routing"
"Russia","Moscow","ОАО Группа Автолайн (ООО Автолайн-Троицк)","Estimated routing"
"Russia","Moscow","ОАО Группа Автолайн (ООО Автолайн-Троицк-2)","Estimated routing"
"Russia","Moscow","ОАО Группа Автолайн (ООО Автомагистраль)","Estimated routing"
"Russia","Moscow","ОАО Группа Автолайн (ООО ВииЯ)","Estimated routing"
"Russia","Moscow","ОАО Группа Автолайн (ООО Компания Автолайн)","Estimated routing"
"Russia","Moscow","ОАО Группа Автолайн (ООО КрасАвто)","Estimated routing"
"Russia","Moscow","ОАО Группа Автолайн (ООО КрасЛайн)","Estimated routing"
"Russia","Moscow","ОАО Группа Автолайн (ООО Краслайн)","Estimated routing"
"Russia","Moscow","ОАО Группа Автолайн (ООО Красногорск-Авто)","Estimated routing"
"Russia","Moscow","ОАО Группа Автолайн (ООО Северный Тракт)","Estimated routing"
"Russia","Moscow","ОАО Группа Автолайн (ООО Северный Тракт)","Estimated routing"
"Russia","Moscow","ОАО Группа Автолайн (ООО Северный тракт)","Estimated routing"
"Russia","Moscow","ОАО Группа Автолайн (ООО Трансавтолиз)","Estimated routing"
"Russia","Moscow","ОАО Группа Автолайн (ООО Транскорпорация)","Estimated routing"
"Russia","Moscow","ОАО Группа Автолайн (ООО Троицкавтотранс)","Estimated routing"
"Russia","Moscow","ОАО Думиничское АТП","Estimated routing"
"Russia","Moscow","ОАО Люберецкое Транспортное Агентство","Estimated routing"
"Russia","Moscow","ОАО РЖД","Estimated routing"
"Russia","Moscow","ОАО РЖД/АО «Федеральная пассажирская компания»","Estimated routing"
"Russia","Moscow","ОАО РЖД/АО ФПК","Estimated routing"
"Russia","Moscow","ОАО РЖД/АО Федеральная пассажирская компания","Estimated routing"
"Russia","Moscow","ОАО Транспортник","Estimated routing"
"Russia","Moscow","ОАО Ярославское ПАТП-3","Estimated routing"
"Russia","Moscow","ООО KL Avto","Estimated routing"
"Russia","Moscow","ООО «Аэроэкспресс»","Estimated routing"
"Russia","Moscow","ООО АТП-Мещовское","Estimated routing"
"Russia","Moscow","ООО АТЭК ООО Мегатранс","Estimated routing"
"Russia","Moscow","ООО Авто-Хендлер+","Estimated routing"
"Russia","Moscow","ООО АвтоКольцо","Estimated routing"
"Russia","Moscow","ООО АвтоТУР","Estimated routing"
"Russia","Moscow","ООО АвтоТур","Estimated routing"
"Russia","Moscow","ООО АвтоХендлер+","Estimated routing"
"Russia","Moscow","ООО Автокарз","Estimated routing"
"Russia","Moscow","ООО Автокольцо","Estimated routing"
"Russia","Moscow","ООО Автолидер","Estimated routing"
"Russia","Moscow","ООО Автомиг","Estimated routing"
"Russia","Moscow","ООО Автомобилист","Estimated routing"
"Russia","Moscow","ООО Автомобилист-Юхнов","Estimated routing"
"Russia","Moscow","ООО Автоновио","Estimated routing"
"Russia","Moscow","ООО Автороуд","Estimated routing"
"Russia","Moscow","ООО Автофлот Автоколонна-1601","Estimated routing"
"Russia","Moscow","ООО АллигаторТранс","Estimated routing"
"Russia","Moscow","ООО Альфа-Грант","Estimated routing"
"Russia","Moscow","ООО Альфа-Мобил","Estimated routing"
"Russia","Moscow","ООО Альянс - Авто","Estimated routing"
"Russia","Moscow","ООО Альянс-Авто","Estimated routing"
"Russia","Moscow","ООО Альянс-Тур","Estimated routing"
"Russia","Moscow","ООО Аэроэкспресс","Estimated routing"
"Russia","Moscow","ООО БТ-Моторс","Estimated routing"
"Russia","Moscow","ООО Балашиха-Экспресс","Estimated routing"
"Russia","Moscow","ООО Балашиха-экспресс","Estimated routing"
"Russia","Moscow","ООО Валуйская АК","Estimated routing"
"Russia","Moscow","ООО Вест Лайн","Estimated routing"
"Russia","Moscow","ООО Вест-Лайн","Estimated routing"
"Russia","Moscow","ООО Владимиравтотранс","Estimated routing"
"Russia","Moscow","ООО Глобалбасс","Estimated routing"
"Russia","Moscow","ООО ГорТакси","Estimated routing"
"Russia","Moscow","ООО Гортакси","Estimated routing"
"Russia","Moscow","ООО Группа Автолайн (ООО Авто-Троицк)","Estimated routing"
"Russia","Moscow","ООО Гудвиль","Estimated routing"
"Russia","Moscow","ООО Диана Тур","Estimated routing"
"Russia","Moscow","ООО Домтрансавто","Estimated routing"
"Russia","Moscow","ООО Драйв Авто","Estimated routing"
"Russia","Moscow","ООО Импульс","Estimated routing"
"Russia","Moscow","ООО Интершина ¹ ООО Универсал-транс ²","Estimated routing"
"Russia","Moscow","ООО КАВЗ-2000","Estimated routing"
"Russia","Moscow","ООО КЛавто","Estimated routing"
"Russia","Moscow","ООО КЛгрупп","Estimated routing"
"Russia","Moscow","ООО Касимовское ПОАТ-3 АО Мострансавто (а/к 1377 г.Балашиха)","Estimated routing"
"Russia","Moscow","ООО Квант","Estimated routing"
"Russia","Moscow","ООО Клаксон","Estimated routing"
"Russia","Moscow","ООО Клён 2","Estimated routing"
"Russia","Moscow","ООО Кольчугинский автобус","Estimated routing"
"Russia","Moscow","ООО КомБАТ","Estimated routing"
"Russia","Moscow","ООО Комавтотранс","Estimated routing"
"Russia","Moscow","ООО Компания Люберецкое транспортное агенство","Estimated routing"
"Russia","Moscow","ООО Компания Люберецкое транспортное агентство","Estimated routing"
"Russia","Moscow","ООО Круиз-Авто","Estimated routing"
"Russia","Moscow","ООО Люберецкое Транспортное Агентство","Estimated routing"
"Russia","Moscow","ООО Люберецкое транспортное агенстство","Estimated routing"
"Russia","Moscow","ООО Люберецкое транспортное агентство","Estimated routing"
"Russia","Moscow","ООО МКТ","Estimated routing"
"Russia","Moscow","ООО МегаТрансАвто","Estimated routing"
"Russia","Moscow","ООО Мегатранс ООО АТЭК","Estimated routing"
"Russia","Moscow","ООО Ментор-1","Estimated routing"
"Russia","Moscow","ООО Мобил Трак Центр","Estimated routing"
"Russia","Moscow","ООО Моршанское АТП","Estimated routing"
"Russia","Moscow","ООО Московские канатные дороги","Estimated routing"
"Russia","Moscow","ООО Надежный попутчик","Estimated routing"
"Russia","Moscow","ООО Ника-Тур","Estimated routing"
"Russia","Moscow","ООО ОДАС Сколково","Estimated routing"
"Russia","Moscow","ООО ПАТП плюс","Estimated routing"
"Russia","Moscow","ООО ПО АвтоТур","Estimated routing"
"Russia","Moscow","ООО Панавто и другие","Estimated routing"
"Russia","Moscow","ООО Пегас-Тур","Estimated routing"
"Russia","Moscow","ООО Перевозчик","Estimated routing"
"Russia","Moscow","ООО Переславское ПАТП","Estimated routing"
"Russia","Moscow","ООО Попутчик-С","Estimated routing"
"Russia","Moscow","ООО Посадтрансавто","Estimated routing"
"Russia","Moscow","ООО Прима","Estimated routing"
"Russia","Moscow","ООО РАНД ТРАНС","Estimated routing"
"Russia","Moscow","ООО Ранд-Транс","Estimated routing"
"Russia","Moscow","ООО Ранд-Транс (ООО Автомиг)","Estimated routing"
"Russia","Moscow","ООО Ранд-Транс (ООО Домтрансавто)","Estimated routing"
"Russia","Moscow","ООО Ранд-Транс ООО Балашиха-Экспресс","Estimated routing"
"Russia","Moscow","ООО Ранд-транс","Estimated routing"
"Russia","Moscow","ООО Регион Авто 1","Estimated routing"
"Russia","Moscow","ООО Регион Авто 1 ОАО Группа Автолайн (ООО Северный Тракт)","Estimated routing"
"Russia","Moscow","ООО Регион Авто 1 ОАО Группа Автолайн (ООО Северный тракт)","Estimated routing"
"Russia","Moscow","ООО Регион Авто 1 ООО Автороуд","Estimated routing"
"Russia","Moscow","ООО Регион Авто 1 ООО Альфа Мобил","Estimated routing"
"Russia","Moscow","ООО Регион Авто 1 ООО Магистраль","Estimated routing"
"Russia","Moscow","ООО Регион Авто-1","Estimated routing"
"Russia","Moscow","ООО Регион-Авто","Estimated routing"
"Russia","Moscow","ООО Регион-Авто 1","Estimated routing"
"Russia","Moscow","ООО Регион-Авто 1 ООО Элекс-Полюс Л","Estimated routing"
"Russia","Moscow","ООО С.В.К.","Estimated routing"
"Russia","Moscow","ООО СТК Парус","Estimated routing"
"Russia","Moscow","ООО Симферопольская транспортная компания","Estimated routing"
"Russia","Moscow","ООО Сириус","Estimated routing"
"Russia","Moscow","ООО Сити Сайтсиинг Москоу","Estimated routing"
"Russia","Moscow","ООО СитиБас","Estimated routing"
"Russia","Moscow","ООО Славянский экспресс","Estimated routing"
"Russia","Moscow","ООО Стандарт","Estimated routing"
"Russia","Moscow","ООО Стартранс","Estimated routing"
"Russia","Moscow","ООО Стаффтранс","Estimated routing"
"Russia","Moscow","ООО Стратранс","Estimated routing"
"Russia","Moscow","ООО Стрела","Estimated routing"
"Russia","Moscow","ООО ТК 55-я Парраллель / ЦППК","Estimated routing"
"Russia","Moscow","ООО ТК Властелин","Estimated routing"
"Russia","Moscow","ООО ТФ Спартак и К","Estimated routing"
"Russia","Moscow","ООО Такси Экономъ","Estimated routing"
"Russia","Moscow","ООО Таксомоторный парк № 20","Estimated routing"
"Russia","Moscow","ООО Таксомоторный парк № 20","Estimated routing"
"Russia","Moscow","ООО Тверской Экспресс","Estimated routing"
"Russia","Moscow","ООО Транс Люкс","Estimated routing"
"Russia","Moscow","ООО Транс-Балт","Estimated routing"
"Russia","Moscow","ООО Транс-Вей","Estimated routing"
"Russia","Moscow","ООО ТрансАвто","Estimated routing"
"Russia","Moscow","ООО Трансавтопрестиж ОАО Группа Автолайн (ООО Автолайн-Мытищи)","Estimated routing"
"Russia","Moscow","ООО Транспорт 21 Век","Estimated routing"
"Russia","Moscow","ООО Транспорт 21 век","Estimated routing"
"Russia","Moscow","ООО Транспортная Компания Транзит","Estimated routing"
"Russia","Moscow","ООО Транспортная компания ЭлитГрупп-Регион","Estimated routing"
"Russia","Moscow","ООО Транссервис","Estimated routing"
"Russia","Moscow","ООО Трансфер-12","Estimated routing"
"Russia","Moscow","ООО Траст-Авто","Estimated routing"
"Russia","Moscow","ООО Троицк-Авто Боевое Братство","Estimated routing"
"Russia","Moscow","ООО ФИНВАЛ","Estimated routing"
"Russia","Moscow","ООО ФСВ-Бизнес","Estimated routing"
"Russia","Moscow","ООО Центр Транс Сити","Estimated routing"
"Russia","Moscow","ООО Экспресс","Estimated routing"
"Russia","Moscow","ООО Ярославская транспортная компания-2","Estimated routing"
"Russia","Moscow","ООО транспортно-экспедиционная фирма АТЕК","Estimated routing"
"Russia","Moscow","ТК Люблинское поле","Estimated routing"
"Russia","Moscow","ТРЦ РИО","Estimated routing"
"Russia","Murmansk","Transit agency (Apatity)","Estimated routing"
"Russia","Murmansk","Transit agency (Kirovsk (Murmansk))","Estimated routing"
"Russia","Murmansk","Transit agency (Kola)","Estimated routing"
"Russia","Murmansk","Transit agency (Murmansk)","Estimated routing"
"Russia","Murmansk","АО «Федеральная пассажирская компания»","Estimated routing"
"Russia","Murmansk","АО Федеральная пассажирская компания","Estimated routing"
"Russia","Murmansk","Беларуская чыгунка","Estimated routing"
"Russia","Murmansk","ИП Лосев А.Н.","Estimated routing"
"Russia","Murmansk","МУАП Снежногорское АТП ЗАТО Александровск","Estimated routing"
"Russia","Murmansk","ОАО «РЖД» (АО «Северо-Западная пригородная пассажирская компания»)","Estimated routing"
"Russia","Murmansk","ОАО «РЖД»/АО «ФПК»","Estimated routing"
"Russia","Murmansk","ОАО Мурманскавтотранс","Estimated routing"
"Russia","Murmansk","ОАО Электротранспорт","Estimated routing"
"Russia","Murmansk","ООО Авто-Экспресс","Estimated routing"
"Russia","Murmansk","ООО Нордбус","Estimated routing"
"Russia","Murmansk","ООО Фаворит","Estimated routing"
"Russia","Murmansk","Першерон","Estimated routing"
"Russia","Mytishchi","Transit agency (Lobnya)","Estimated routing"
"Russia","Mytishchi","Transit agency (Moscow)","Estimated routing"
"Russia","Mytishchi","Transit agency (Mytishchi)","Estimated routing"
"Russia","Mytishchi","АО Мострансавто (Долгопрудненское ПАТП)","Estimated routing"
"Russia","Mytishchi","АО Мострансавто (МАП № 10 - ПБ г. Мытищи)","Estimated routing"
"Russia","Mytishchi","АО Мострансавто (МАП № 10 - ПБ г. Мытищи)","Estimated routing"
"Russia","Mytishchi","АО Мострансавто (МАП № 10 - ПБ г. Мытищи)","Estimated routing"
"Russia","Mytishchi","АО Мострансавто (МАП № 10 Королёвское ПАТП - ПБ г. Мытищи)","Estimated routing"
"Russia","Mytishchi","АО Мострансавто (МАП № 10 г. Королёв)","Estimated routing"
"Russia","Mytishchi","АО Мострансавто (МАП № 9 - ПБ г. Дмитров)","Estimated routing"
"Russia","Mytishchi","АО Мострансавто (а/к 1784 г. Дмитров)","Estimated routing"
"Russia","Mytishchi","АО Мострансавто (а/к № 1375 г. Мытищи)","Estimated routing"
"Russia","Mytishchi","АО Мострансавто (а/к № 1375 г. Мытищи)","Estimated routing"
"Russia","Mytishchi","АО Мострансавто (а/к № 1789 г. Ивантеевка)","Estimated routing"
"Russia","Mytishchi","АО Мострансавто (а/к № 1789 г. Ивантеевка)","Estimated routing"
"Russia","Mytishchi","АО Мострансавто (а/к № 1791 г. Сергиев Посад)","Estimated routing"
"Russia","Mytishchi","АО Центральная ППК","Estimated routing"
"Russia","Mytishchi","ГУП Мосгортранс (Филиал Северо-Восточный)","Estimated routing"
"Russia","Mytishchi","ГУП Мосгортранс (филиал Восточный)","Estimated routing"
"Russia","Mytishchi","ГУП Мосгортранс (филиал Северо-Восточный)","Estimated routing"
"Russia","Mytishchi","ЗАО Крокус-Сити","Estimated routing"
"Russia","Mytishchi","ОАО «РЖД» (АО «Центральная пригородная пассажирская компания»)","Estimated routing"
"Russia","Mytishchi","ОАО Группа Автолайн (ООО Автолайн-Мытищи)","Estimated routing"
"Russia","Mytishchi","ОАО Группа Автолайн (ООО Автолайн-Мытищи) ООО Трансавтопрестиж","Estimated routing"
"Russia","Mytishchi","ОАО Группа Автолайн (ООО Северный Тракт)","Estimated routing"
"Russia","Mytishchi","ОАО Группа Автолайн (ООО Северный Тракт) Субподрядчик: ООО РАТА-Экспресс","Estimated routing"
"Russia","Mytishchi","ООО Глобалбасс","Estimated routing"
"Russia","Mytishchi","ООО Домтрансавто","Estimated routing"
"Russia","Mytishchi","ООО ККБ-Буслайн","Estimated routing"
"Russia","Mytishchi","ООО КомБАТ","Estimated routing"
"Russia","Mytishchi","ООО Лидер Моторс Групп","Estimated routing"
"Russia","Mytishchi","ООО МКТ","Estimated routing"
"Russia","Mytishchi","ООО Надежный попутчик","Estimated routing"
"Russia","Mytishchi","ООО Посадтрансавто","Estimated routing"
"Russia","Mytishchi","ООО Ранд-Транс","Estimated routing"
"Russia","Mytishchi","ООО Таксомоторный парк № 20","Estimated routing"
"Russia","Mytishchi","ООО Транс-Балт","Estimated routing"
"Russia","Mytishchi","ООО ТрансИнвест","Estimated routing"
"Russia","Mytishchi","ООО ТрансИнвест ООО Трансавтопрестиж","Estimated routing"
"Russia","Mytishchi","ООО Трансавтопрестиж","Estimated routing"
"Russia","Mytishchi","ООО Трансавтопрестиж ОАО Группа Автолайн (ООО Автолайн-Мытищи)","Estimated routing"
"Russia","Mytishchi","ООО Трансинвест/ООО Ком-БАТ ООО Автомиг","Estimated routing"
"Russia","Naberezhnye Chelny","Transit agency (Almetyevsk)","Estimated routing"
"Russia","Naberezhnye Chelny","Transit agency (Naberezhnye Chelny)","Estimated routing"
"Russia","Naberezhnye Chelny","АО «ЕКА» ИП Никитин Ю.И.","Estimated routing"
"Russia","Naberezhnye Chelny","АО ЕКА","Estimated routing"
"Russia","Naberezhnye Chelny","АО КПАТП-1 ТОО Экспресс","Estimated routing"
"Russia","Naberezhnye Chelny","АО ППК «Содружество»","Estimated routing"
"Russia","Naberezhnye Chelny","АО Ульяновское ПАТП-1","Estimated routing"
"Russia","Naberezhnye Chelny","АО Федеральная пассажирская компания","Estimated routing"
"Russia","Naberezhnye Chelny","Актанышское АТХ","Estimated routing"
"Russia","Naberezhnye Chelny","Альметьевское ПОПАТ","Estimated routing"
"Russia","Naberezhnye Chelny","ГК Альтекс","Estimated routing"
"Russia","Naberezhnye Chelny","ГУП Башавтотранс (Уфимское ПАТП-3)","Estimated routing"
"Russia","Naberezhnye Chelny","ГУП Башавтотранс филиал Уфимское АТП 3","Estimated routing"
"Russia","Naberezhnye Chelny","ГУП РБ Башавтотранс (Уфимское ПАТП-3)","Estimated routing"
"Russia","Naberezhnye Chelny","Дюртюлинское АТП","Estimated routing"
"Russia","Naberezhnye Chelny","Жигулёвское АТП","Estimated routing"
"Russia","Naberezhnye Chelny","ИП Алиев","Estimated routing"
"Russia","Naberezhnye Chelny","ИП Валиуллина Г.Н.","Estimated routing"
"Russia","Naberezhnye Chelny","ИП Гайнетдинов Э.А.","Estimated routing"
"Russia","Naberezhnye Chelny","ИП Гайнетдинов Э.А. ООО ТрансферГрупп Нурлатское АТП","Estimated routing"
"Russia","Naberezhnye Chelny","ИП Давлетшин В.Н.","Estimated routing"
"Russia","Naberezhnye Chelny","ИП Набиуллин И.К.","Estimated routing"
"Russia","Naberezhnye Chelny","ИП Негодяев Ю.С.","Estimated routing"
"Russia","Naberezhnye Chelny","ИП Никитин Ю.И.","Estimated routing"
"Russia","Naberezhnye Chelny","ИП Плехов В.Л.","Estimated routing"
"Russia","Naberezhnye Chelny","ИП Салихова Л.И. Менделеевское АТП","Estimated routing"
"Russia","Naberezhnye Chelny","ИП Тепляков Е.В.","Estimated routing"
"Russia","Naberezhnye Chelny","МУП Актанышское АТХ","Estimated routing"
"Russia","Naberezhnye Chelny","МУП Башавтотранс (Уфимское ПАТП-3)","Estimated routing"
"Russia","Naberezhnye Chelny","МУП Электротранспорт","Estimated routing"
"Russia","Naberezhnye Chelny","ОАО Кировпассажиравтотранс","Estimated routing"
"Russia","Naberezhnye Chelny","ОАО Нижнекамское ПАТП-1 ИП Миннебаев Х. М.","Estimated routing"
"Russia","Naberezhnye Chelny","ООО Авто-Круиз","Estimated routing"
"Russia","Naberezhnye Chelny","ООО АвтоКруиз","Estimated routing"
"Russia","Naberezhnye Chelny","ООО Автовокзал Восточный","Estimated routing"
"Russia","Naberezhnye Chelny","ООО Бузулукское АТП","Estimated routing"
"Russia","Naberezhnye Chelny","ООО Буревестник","Estimated routing"
"Russia","Naberezhnye Chelny","ООО Елабуга-Такси","Estimated routing"
"Russia","Naberezhnye Chelny","ООО Нижнекамское ПАТП-1","Estimated routing"
"Russia","Naberezhnye Chelny","ООО ПАТП-7","Estimated routing"
"Russia","Naberezhnye Chelny","ООО Пассажирские перевозки","Estimated routing"
"Russia","Naberezhnye Chelny","ООО Пассажирско-транспортные Перевозки-7","Estimated routing"
"Russia","Naberezhnye Chelny","ООО Пермские автобусные линии","Estimated routing"
"Russia","Naberezhnye Chelny","ООО Спутник","Estimated routing"
"Russia","Naberezhnye Chelny","ООО ТФ Альбатрос","Estimated routing"
"Russia","Naberezhnye Chelny","ООО ТрансферГрупп","Estimated routing"
"Russia","Naberezhnye Chelny","ООО Фаэтон","Estimated routing"
"Russia","Naberezhnye Chelny","ООО Фаэтон КПАТП-1","Estimated routing"
"Russia","Naberezhnye Chelny","ООО Электротранспорт","Estimated routing"
"Russia","Naberezhnye Chelny","ООО Энергосбыт","Estimated routing"
"Russia","Naberezhnye Chelny","Стерлитамакское ПАТП филиал ГУП.РБ Башавтотранс","Estimated routing"
"Russia","Naberezhnye Chelny","Транспорт Уруссу","Estimated routing"
"Russia","Naberezhnye Chelny","Транспорт города Мамадыш","Estimated routing"
"Russia","Naberezhnye Chelny","Туймазинское АТП","Estimated routing"
"Russia","Naberezhnye Chelny","Уфимское ПАТП-3 филиал ГУП РБ Башавтотранс","Estimated routing"
"Russia","Nalchik","Transit agency (Grozny )","Estimated routing"
"Russia","Nalchik","Transit agency (Mozdok)","Estimated routing"
"Russia","Nalchik","Transit agency (Nalchik)","Estimated routing"
"Russia","Nalchik","АО Федеральная пассажирская компания","Estimated routing"
"Russia","Nalchik","ГУП Ингушавтотранс","Estimated routing"
"Russia","Nalchik","ГУП Каббалкавтотранс УП Администрации г. Сухум Сухумское АТП","Estimated routing"
"Russia","Nalchik","ГУП Каббалкавтотранс-1438","Estimated routing"
"Russia","Nalchik","ИП","Estimated routing"
"Russia","Nalchik","МУП Нальчикский Транспорт","Estimated routing"
"Russia","Nalchik","МУП Нальчикский транспорт","Estimated routing"
"Russia","Nalchik","МУП Нальчикскипцй транспорт","Estimated routing"
"Russia","Nalchik","МУП Нальчикское троллейбусное управление","Estimated routing"
"Russia","Nalchik","ОАО РЖД/АО ФПК","Estimated routing"
"Russia","Nalchik","ОАО Такси","Estimated routing"
"Russia","Nalchik","ООО Волгодонское ПАТП-1","Estimated routing"
"Russia","Nalchik","ООО Лакнея-Союзавто","Estimated routing"
"Russia","Nalchik","ООО Лекс-Транс","Estimated routing"
"Russia","Nalchik","ООО Маршрут 11","Estimated routing"
"Russia","Nalchik","ООО Огъурлу-жол","Estimated routing"
"Russia","Nalchik","ООО Перевозчик","Estimated routing"
"Russia","Nalchik","ООО Ралли - Спорт","Estimated routing"
"Russia","Nalchik","ООО Ралли-Спорт","Estimated routing"
"Russia","Nalchik","ООО РегионАвтоТранс-Плюс","Estimated routing"
"Russia","Nalchik","ООО Союз-Авто","Estimated routing"
"Russia","Nalchik","ООО Союз-Транс","Estimated routing"
"Russia","Nalchik","ООО Транссервис Нальчик","Estimated routing"
"Russia","Nalchik","ООО Эльбрус-Транс","Estimated routing"
"Russia","Nefteyugansk","Transit agency (Khanty-Mansiysk)","Estimated routing"
"Russia","Nefteyugansk","Transit agency (Nefteyugansk)","Estimated routing"
"Russia","Nefteyugansk","ИП Аднакулов Г.В.","Estimated routing"
"Russia","Nefteyugansk","ИП Аскеров Р.Г.","Estimated routing"
"Russia","Nefteyugansk","ИП Калинин С.В. ООО ХМАТП ООО Севертрансавто-1","Estimated routing"
"Russia","Nefteyugansk","ИП Караев М.К.","Estimated routing"
"Russia","Nefteyugansk","ИП Коробейников Д.Н.","Estimated routing"
"Russia","Nefteyugansk","ИП Крылов В.В.","Estimated routing"
"Russia","Nefteyugansk","ИП Родионов А.Н.","Estimated routing"
"Russia","Nefteyugansk","МП НРМУТТП","Estimated routing"
"Russia","Nefteyugansk","ОАО Юганскпассажиравтотранс","Estimated routing"
"Russia","Nefteyugansk","ООО Нефтеюганское АТП-1","Estimated routing"
"Russia","Nefteyugansk","ООО Севертрансавто-1 ИП Крылов Андрей Владимирович","Estimated routing"
"Russia","Nefteyugansk","ООО Ханты-Мансийское ПАТП","Estimated routing"
"Russia","Nevinnomyssk","Transit agency (Grozny )","Estimated routing"
"Russia","Nevinnomyssk","АО «Федеральная пассажирская компания»","Estimated routing"
"Russia","Nevinnomyssk","АО РЖД/АО ФПК","Estimated routing"
"Russia","Nevinnomyssk","АО РЖД/АО Федеральная пассажирская компания","Estimated routing"
"Russia","Nevinnomyssk","АО ТК Гранд Сервис Экспресс (Таврия)","Estimated routing"
"Russia","Nevinnomyssk","АО Федеральная пассажирская компания","Estimated routing"
"Russia","Nevinnomyssk","ГУП Каббалкавтотранс УП Администрации г. Сухум Сухумское АТП","Estimated routing"
"Russia","Nevinnomyssk","ИП Белицкая Е.В. и другие","Estimated routing"
"Russia","Nevinnomyssk","ИП Гатауллин Ж.М.","Estimated routing"
"Russia","Nevinnomyssk","ИП Игнатьев А.Б.","Estimated routing"
"Russia","Nevinnomyssk","ИП Никитин Н.В.","Estimated routing"
"Russia","Nevinnomyssk","ИП Романчук И.А.","Estimated routing"
"Russia","Nevinnomyssk","ИП Сбитнев А.П.","Estimated routing"
"Russia","Nevinnomyssk","ИП Толстов В.В.","Estimated routing"
"Russia","Nevinnomyssk","ОАО «РЖД»/АО «Северо-Кавказская пригородная пассажирская компания»","Estimated routing"
"Russia","Nevinnomyssk","ОАО РЖД/АО ФПК","Estimated routing"
"Russia","Nevinnomyssk","ОАО РЖД/АО Федеральная пассажирская компания","Estimated routing"
"Russia","Nevinnomyssk","ООО Автолайн","Estimated routing"
"Russia","Nevinnomyssk","ООО Автолайн г. Зверево","Estimated routing"
"Russia","Nevinnomyssk","ООО Волгодонское ПАТП-1","Estimated routing"
"Russia","Nevinnomyssk","ООО Данко","Estimated routing"
"Russia","Nevinnomyssk","ООО Данко ИП Михно И.Л.","Estimated routing"
"Russia","Nevinnomyssk","ООО Кавказ Лайн","Estimated routing"
"Russia","Nevinnomyssk","ООО Ника Авто Транс","Estimated routing"
"Russia","Nevinnomyssk","ООО СКТК","Estimated routing"
"Russia","Nevinnomyssk","ООО Трейд-Авто","Estimated routing"
"Russia","Nizhnekamskiy rayon","Transit agency (Nizhnekamsk)","Estimated routing"
"Russia","Nizhnekamskiy rayon","АО ППК «Содружество»","Estimated routing"
"Russia","Nizhnekamskiy rayon","ГУП Горэлектротранс","Estimated routing"
"Russia","Nizhnekamskiy rayon","ИП Валиуллина Г.Н.","Estimated routing"
"Russia","Nizhnekamskiy rayon","ИП Тепляков Е.В.","Estimated routing"
"Russia","Nizhnekamskiy rayon","ОАО Нижнекамское ПАТП-1","Estimated routing"
"Russia","Nizhnekamskiy rayon","ОАО Нижнекамское ПАТП-1 ИП Миннебаев Х. М.","Estimated routing"
"Russia","Nizhnekamskiy rayon","ООО Буревестник","Estimated routing"
"Russia","Nizhnekamskiy rayon","ООО Нижнекамское ПАТП","Estimated routing"
"Russia","Nizhnekamskiy rayon","ООО Нижнекамское ПАТП-1","Estimated routing"
"Russia","Nizhnekamskiy rayon","ООО Партнёр","Estimated routing"
"Russia","Nizhnekamskiy rayon","ООО ТФ Альбатрос","Estimated routing"
"Russia","Nizhniy Tagil","АО «Свердловская пригородная пассажирская компания»","Estimated routing"
"Russia","Nizhniy Tagil","АО «Федеральная пассажирская компания»","Estimated routing"
"Russia","Nizhniy Tagil","АО Федеральная пассажирская компания","Estimated routing"
"Russia","Nizhniy Tagil","АП Объединение «Союз-НТ","Estimated routing"
"Russia","Nizhniy Tagil","АП Объединение Союз-НТ","Estimated routing"
"Russia","Nizhniy Tagil","ИП Введенских А.Г.","Estimated routing"
"Russia","Nizhniy Tagil","ИП Вяткина Т.А.","Estimated routing"
"Russia","Nizhniy Tagil","ИП Гришунькин В.Ю.","Estimated routing"
"Russia","Nizhniy Tagil","ИП Калинин А.А.","Estimated routing"
"Russia","Nizhniy Tagil","ИП Карелин С.В ИП Иброгимов В.Д ИП Ермаков О.Б ИП Иванов Ю.П ИП Ременец Д.В ИП Манойленко Е.А ИП Потоцкий А.В ИП Ермаков Е.О ИП Ременец А.В ИП Казаков Е.А","Estimated routing"
"Russia","Nizhniy Tagil","ИП Колесников Е.И.","Estimated routing"
"Russia","Nizhniy Tagil","ИП Моторин А.В. (г. Новоуральск)","Estimated routing"
"Russia","Nizhniy Tagil","ИП Ножнов А.А.","Estimated routing"
"Russia","Nizhniy Tagil","ИП Подсекаев Д.Н.","Estimated routing"
"Russia","Nizhniy Tagil","ИП Рябинин Алексей Игоревич","Estimated routing"
"Russia","Nizhniy Tagil","ИП Хлевной И.Г","Estimated routing"
"Russia","Nizhniy Tagil","ИП Хлевной И.Г.","Estimated routing"
"Russia","Nizhniy Tagil","ИП Яковенко А.В.","Estimated routing"
"Russia","Nizhniy Tagil","ИП Яковенко А.В. (г. Кушва)","Estimated routing"
"Russia","Nizhniy Tagil","МУП Пассажиравтотранс","Estimated routing"
"Russia","Nizhniy Tagil","МУП Тагильский трамвай","Estimated routing"
"Russia","Nizhniy Tagil","НП Объединение Союз-НТ","Estimated routing"
"Russia","Nizhniy Tagil","НТ МУП Тагильский трамвай","Estimated routing"
"Russia","Nizhniy Tagil","НТ МУП Тагильский трамвай (депо Вагонка депо Новая Кушва)","Estimated routing"
"Russia","Nizhniy Tagil","НТ МУП Тагильский трамвай (депо Вагонка)","Estimated routing"
"Russia","Nizhniy Tagil","НТ МУП Тагильский трамвай (депо Новая Куша депо Вагонка)","Estimated routing"
"Russia","Nizhniy Tagil","НТ МУП Тагильский трамвай (депо Новая Кушва)","Estimated routing"
"Russia","Nizhniy Tagil","ОАО «РЖД» (АО «Свердловская пригородная пассажирская компания» АО «Пермская пригородная компания»)","Estimated routing"
"Russia","Nizhniy Tagil","ОАО «РЖД» (АО «Свердловская пригородная пассажирская компания»)","Estimated routing"
"Russia","Nizhniy Tagil","ОАО РЖД/ АО ФПК","Estimated routing"
"Russia","Nizhniy Tagil","ОАО РЖД/АО ФПК АО ТКС","Estimated routing"
"Russia","Nizhniy Tagil","ООО «Легион-НТ»","Estimated routing"
"Russia","Nizhniy Tagil","ООО «Пермские автобусные линии»","Estimated routing"
"Russia","Nizhniy Tagil","ООО «Фирма ТАС (Тагилавтосервис)»","Estimated routing"
"Russia","Nizhniy Tagil","ООО Автобус","Estimated routing"
"Russia","Nizhniy Tagil","ООО Автолюкс","Estimated routing"
"Russia","Nizhniy Tagil","ООО Алапаевское АТП ООО Легион НТ","Estimated routing"
"Russia","Nizhniy Tagil","ООО БРиСК","Estimated routing"
"Russia","Nizhniy Tagil","ООО ВАГ-сервис","Estimated routing"
"Russia","Nizhniy Tagil","ООО Велина ВС","Estimated routing"
"Russia","Nizhniy Tagil","ООО Легион-НТ","Estimated routing"
"Russia","Nizhniy Tagil","ООО НТ Туратрансагентство","Estimated routing"
"Russia","Nizhniy Tagil","ООО СТК Строитель-Т","Estimated routing"
"Russia","Nizhniy Tagil","ООО СТК Строитель-Т ООО Тагилтранском ИП Ермаков Андрей Борисович ИП Сащенко Антон Иванович","Estimated routing"
"Russia","Nizhniy Tagil","ООО Тагилтранском","Estimated routing"
"Russia","Nizhniy Tagil","ООО Техноком","Estimated routing"
"Russia","Nizhniy Tagil","ООО ТрансПроект","Estimated routing"
"Russia","Nizhniy Tagil","ООО УК НТ ПОПАТ","Estimated routing"
"Russia","Nizhniy Tagil","ООО УК НТ ПОПАТ ИП Рябинин А.И.","Estimated routing"
"Russia","Nizhniy Tagil","ООО УК Нижнетагильское ПОПАТ","Estimated routing"
"Russia","Nizhniy Tagil","ООО Уралэксперсс","Estimated routing"
"Russia","Nizhniy Tagil","ООО Уралэкспресс","Estimated routing"
"Russia","Nizhniy Tagil","ООО Фирма ТАС","Estimated routing"
"Russia","Nizhniy Tagil","ООО Фирма ТАС (Тагилавтосервис)","Estimated routing"
"Russia","Nizhniy Tagil","ПТ Тагильское (ООО СТК Строитель-Т ООО Тагилтранском ИП Ермаков О.Б. ИП Кислицын С.П. ИП Сащенко А.И.)","Estimated routing"
"Russia","Nizhniy Tagil","до 717","Estimated routing"
"Russia","Nizhny Novgorod","ECOLINES-RUS","Estimated routing"
"Russia","Nizhny Novgorod","Transit agency (Dzerzhinsk)","Estimated routing"
"Russia","Nizhny Novgorod","Transit agency (Nizhny Novgorod)","Estimated routing"
"Russia","Nizhny Novgorod","АO Федеральная пассажирская компания","Estimated routing"
"Russia","Nizhny Novgorod","АО «Федеральная пассажирская компания»","Estimated routing"
"Russia","Nizhny Novgorod","АО АвтоВАС","Estimated routing"
"Russia","Nizhny Novgorod","АО Нижегородские канатные дороги","Estimated routing"
"Russia","Nizhny Novgorod","АО Федеральная пассажирская компания","Estimated routing"
"Russia","Nizhny Novgorod","ГП НО Богородское ПАП","Estimated routing"
"Russia","Nizhny Novgorod","ГП НО Борское ПАП","Estimated routing"
"Russia","Nizhny Novgorod","ГП НО Нижегородпассажиравтотранс","Estimated routing"
"Russia","Nizhny Novgorod","ГУП Башавтотранс (Уфимское ПАТП-3)","Estimated routing"
"Russia","Nizhny Novgorod","ГУП Башавтотранс филиал Уфимское АТП 3","Estimated routing"
"Russia","Nizhny Novgorod","ГУП РМ Мордовавтотранс","Estimated routing"
"Russia","Nizhny Novgorod","ГУП ЧР Чувашавтотранс","Estimated routing"
"Russia","Nizhny Novgorod","Дирекция скоростного сообщения – филиал ОАО «РЖД» (ДОСС)","Estimated routing"
"Russia","Nizhny Novgorod","ИП Абдуллин Р.А. (ООО РамКад)","Estimated routing"
"Russia","Nizhny Novgorod","ИП Алиев М.А.","Estimated routing"
"Russia","Nizhny Novgorod","ИП Астахова Н.В. (Megaline)","Estimated routing"
"Russia","Nizhny Novgorod","ИП Батанов И.А.","Estimated routing"
"Russia","Nizhny Novgorod","ИП Громов А.Н.","Estimated routing"
"Russia","Nizhny Novgorod","ИП Данилова Л.А.","Estimated routing"
"Russia","Nizhny Novgorod","ИП Журавлев Р. Н.","Estimated routing"
"Russia","Nizhny Novgorod","ИП Журавлев Роман Николаевич","Estimated routing"
"Russia","Nizhny Novgorod","ИП Калинин Г.Н.","Estimated routing"
"Russia","Nizhny Novgorod","ИП Корноухов Е.Ю МП Спасского района Спасское ПАП","Estimated routing"
"Russia","Nizhny Novgorod","ИП Корноухов Е.Ю.","Estimated routing"
"Russia","Nizhny Novgorod","ИП Коробко В.А.","Estimated routing"
"Russia","Nizhny Novgorod","ИП Куликов Евгений Александрович","Estimated routing"
"Russia","Nizhny Novgorod","ИП Малин О.А.","Estimated routing"
"Russia","Nizhny Novgorod","ИП Мальцева Т.А.","Estimated routing"
"Russia","Nizhny Novgorod","ИП Матрасулов А.Ю.","Estimated routing"
"Russia","Nizhny Novgorod","ИП Мещерякова Л.И.","Estimated routing"
"Russia","Nizhny Novgorod","ИП Мирзоян А.Ш.","Estimated routing"
"Russia","Nizhny Novgorod","ИП Молочков В.Е.","Estimated routing"
"Russia","Nizhny Novgorod","ИП Носов М.П.","Estimated routing"
"Russia","Nizhny Novgorod","ИП Петров В.М.","Estimated routing"
"Russia","Nizhny Novgorod","ИП Петров М.С.","Estimated routing"
"Russia","Nizhny Novgorod","ИП Петров С.В.","Estimated routing"
"Russia","Nizhny Novgorod","ИП Постникова О.И.","Estimated routing"
"Russia","Nizhny Novgorod","ИП Радчук В.И.","Estimated routing"
"Russia","Nizhny Novgorod","ИП Радчук В.И. ООО Альбатрос ИП Мидуков С.В. ИП Мызина С.А","Estimated routing"
"Russia","Nizhny Novgorod","ИП Саакян Г.А.","Estimated routing"
"Russia","Nizhny Novgorod","ИП Саакян Г.А. (ООО Футбол) ИП Сиволдаев А.В.","Estimated routing"
"Russia","Nizhny Novgorod","ИП Саратовцев С.В.","Estimated routing"
"Russia","Nizhny Novgorod","ИП Суровикин И.В.","Estimated routing"
"Russia","Nizhny Novgorod","ИП Трубникова А.С. ИП Ермолаев А.Ю.","Estimated routing"
"Russia","Nizhny Novgorod","ИП Турченко В.Б. (ООО Автоконтакт)","Estimated routing"
"Russia","Nizhny Novgorod","ИП Фадин В.Н. ИП Мызина С.А.","Estimated routing"
"Russia","Nizhny Novgorod","ИП Хомутов А.А.","Estimated routing"
"Russia","Nizhny Novgorod","ИП Шарий Е.М.","Estimated routing"
"Russia","Nizhny Novgorod","ИП Швехторов Д.А.","Estimated routing"
"Russia","Nizhny Novgorod","ИП Шилков П.М.","Estimated routing"
"Russia","Nizhny Novgorod","МП Вадское ПАП","Estimated routing"
"Russia","Nizhny Novgorod","МП Гагинское ПАП","Estimated routing"
"Russia","Nizhny Novgorod","МП Лукояновское ПАП","Estimated routing"
"Russia","Nizhny Novgorod","МП Нижегородское метро","Estimated routing"
"Russia","Nizhny Novgorod","МП Нижегородэлектротранс","Estimated routing"
"Russia","Nizhny Novgorod","МП Сергачский автобус","Estimated routing"
"Russia","Nizhny Novgorod","МП Сокольское ПАП","Estimated routing"
"Russia","Nizhny Novgorod","МП Спасского района Спасское ПАП","Estimated routing"
"Russia","Nizhny Novgorod","МУП Большемурашкинский Автобус","Estimated routing"
"Russia","Nizhny Novgorod","МУП Большемурашкинский автобус","Estimated routing"
"Russia","Nizhny Novgorod","МУП Большемурашкинское ПАП","Estimated routing"
"Russia","Nizhny Novgorod","МУП Бутурлинопассажиравтотранс","Estimated routing"
"Russia","Nizhny Novgorod","МУП Выксунское ПАП","Estimated routing"
"Russia","Nizhny Novgorod","МУП Городецпассажиравтотранс","Estimated routing"
"Russia","Nizhny Novgorod","МУП Павловское ПАП","Estimated routing"
"Russia","Nizhny Novgorod","МУП Сосновское ПАП","Estimated routing"
"Russia","Nizhny Novgorod","МУП Чкаловское ПАП","Estimated routing"
"Russia","Nizhny Novgorod","МУП Экспресс","Estimated routing"
"Russia","Nizhny Novgorod","ОАО «РЖД» (АО «Волго-Вятская пригородная пассажирская компания»)","Estimated routing"
"Russia","Nizhny Novgorod","ОАО РЖД/АО Федеральная пассажирская компания","Estimated routing"
"Russia","Nizhny Novgorod","ООО «Экипаж»","Estimated routing"
"Russia","Nizhny Novgorod","ООО АВТО-Экспресс","Estimated routing"
"Russia","Nizhny Novgorod","ООО АТП","Estimated routing"
"Russia","Nizhny Novgorod","ООО АТП г. Нижний Новгород ИП Мызина С.А.","Estimated routing"
"Russia","Nizhny Novgorod","ООО АТП г.Нижний Новгород","Estimated routing"
"Russia","Nizhny Novgorod","ООО АвтоСтар АО ЕКА","Estimated routing"
"Russia","Nizhny Novgorod","ООО Автоком","Estimated routing"
"Russia","Nizhny Novgorod","ООО Автолигатранс-НН","Estimated routing"
"Russia","Nizhny Novgorod","ООО Автопарк-НН","Estimated routing"
"Russia","Nizhny Novgorod","ООО Автоспутник","Estimated routing"
"Russia","Nizhny Novgorod","ООО Автотранспортное предприятие Болдино-Н","Estimated routing"
"Russia","Nizhny Novgorod","ООО Автофут","Estimated routing"
"Russia","Nizhny Novgorod","ООО Альбатрос ИП Шарий Е.М.","Estimated routing"
"Russia","Nizhny Novgorod","ООО Альянс - Авто","Estimated routing"
"Russia","Nizhny Novgorod","ООО Альянс-Авто","Estimated routing"
"Russia","Nizhny Novgorod","ООО Владимиравтотранс ИП Петров В.М. ГУП Владимирский автовокзал","Estimated routing"
"Russia","Nizhny Novgorod","ООО Восток (ГК ТрансковЪ)","Estimated routing"
"Russia","Nizhny Novgorod","ООО Драйв Авто","Estimated routing"
"Russia","Nizhny Novgorod","ООО ДрайвАвто","Estimated routing"
"Russia","Nizhny Novgorod","ООО Елена","Estimated routing"
"Russia","Nizhny Novgorod","ООО Квант","Estimated routing"
"Russia","Nizhny Novgorod","ООО Ковернинский автопарк","Estimated routing"
"Russia","Nizhny Novgorod","ООО Конка","Estimated routing"
"Russia","Nizhny Novgorod","ООО Круиз-Авто","Estimated routing"
"Russia","Nizhny Novgorod","ООО Максимус (ГК ТрансковЪ)","Estimated routing"
"Russia","Nizhny Novgorod","ООО Междугородные пассажирские перевозки ИП Шарий Е.М.","Estimated routing"
"Russia","Nizhny Novgorod","ООО Мещеряков и К (ИП Мещерякова Л.И.)","Estimated routing"
"Russia","Nizhny Novgorod","ООО Мещеряков и Компания","Estimated routing"
"Russia","Nizhny Novgorod","ООО Орбита","Estimated routing"
"Russia","Nizhny Novgorod","ООО Пассажиртранссервис-НН","Estimated routing"
"Russia","Nizhny Novgorod","ООО Пассажиртранссервис-НН ИП Козлов Д.Е ООО Волга-Транс Плюс","Estimated routing"
"Russia","Nizhny Novgorod","ООО Перевозчик-М","Estimated routing"
"Russia","Nizhny Novgorod","ООО Попутчик-с","Estimated routing"
"Russia","Nizhny Novgorod","ООО РБ и К","Estimated routing"
"Russia","Nizhny Novgorod","ООО Рейс-НН","Estimated routing"
"Russia","Nizhny Novgorod","ООО Рейсавто","Estimated routing"
"Russia","Nizhny Novgorod","ООО Русская тройка","Estimated routing"
"Russia","Nizhny Novgorod","ООО СолоАвто","Estimated routing"
"Russia","Nizhny Novgorod","ООО Транс-НН","Estimated routing"
"Russia","Nizhny Novgorod","ООО Транслайн","Estimated routing"
"Russia","Nizhny Novgorod","ООО Транссовт","Estimated routing"
"Russia","Nizhny Novgorod","ООО Футбол","Estimated routing"
"Russia","Nizhny Novgorod","ООО Экипаж","Estimated routing"
"Russia","Nizhny Novgorod","ТК Маршрут","Estimated routing"
"Russia","Nizhny Novgorod","ТК Транслайн","Estimated routing"
"Russia","Nizhny Novgorod","Федеральная Пассажирская Компания (ФПК)","Estimated routing"
"Russia","Novocheboksarsk","АО ЕКА","Estimated routing"
"Russia","Novocheboksarsk","ГУП Башавтотранс филиал Уфимское АТП 3","Estimated routing"
"Russia","Novocheboksarsk","ЗАО Городской таксомоторный парк","Estimated routing"
"Russia","Novocheboksarsk","ИП Антонов Н. А.","Estimated routing"
"Russia","Novocheboksarsk","ИП Евсюков Олег Петрович","Estimated routing"
"Russia","Novocheboksarsk","ИП Жуков В.В.","Estimated routing"
"Russia","Novocheboksarsk","ИП Иванов Николай Михайлович","Estimated routing"
"Russia","Novocheboksarsk","ИП Казанков Игорь Николаевич","Estimated routing"
"Russia","Novocheboksarsk","ИП Конев Илья Васильевич","Estimated routing"
"Russia","Novocheboksarsk","ИП Кузьмин В. Я.","Estimated routing"
"Russia","Novocheboksarsk","ИП Федотов В. В.","Estimated routing"
"Russia","Novocheboksarsk","МУП Башавтотранс (Уфимское ПАТП-3)","Estimated routing"
"Russia","Novocheboksarsk","НМУПТТ","Estimated routing"
"Russia","Novocheboksarsk","ООО Авто Лидер","Estimated routing"
"Russia","Novocheboksarsk","ООО Автолайн","Estimated routing"
"Russia","Novocheboksarsk","ООО Лидер-Авто","Estimated routing"
"Russia","Novocheboksarsk","ООО ТК Автолига","Estimated routing"
"Russia","Novocheboksarsk","ООО ТМК-1","Estimated routing"
"Russia","Novocheboksarsk","ООО ТМК1","Estimated routing"
"Russia","Novocheboksarsk","ПК ЧПАТП-2","Estimated routing"
"Russia","Novocherkassk","Transit agency (Gukovo)","Estimated routing"
"Russia","Novocherkassk","Transit agency (Novocherkassk)","Estimated routing"
"Russia","Novocherkassk","АО «Федеральная пассажирская компания»","Estimated routing"
"Russia","Novocherkassk","АО Гранд Сервис Экспресс","Estimated routing"
"Russia","Novocherkassk","АО Дербентское ПАТП","Estimated routing"
"Russia","Novocherkassk","АО РЖД/АО Федеральная пассажирская компания","Estimated routing"
"Russia","Novocherkassk","АО ТК Гранд Сервис Экспресс","Estimated routing"
"Russia","Novocherkassk","АО Федеральная пассажирская компания","Estimated routing"
"Russia","Novocherkassk","Беларуская Чыгунка","Estimated routing"
"Russia","Novocherkassk","ИП Таргонинский Ю.Б.","Estimated routing"
"Russia","Novocherkassk","МУП Горэлектротранс","Estimated routing"
"Russia","Novocherkassk","МУП Горэлектротранспорт","Estimated routing"
"Russia","Novocherkassk","ОАО «РЖД» («Северо-Кавказская пригородная пассажирская компания»)","Estimated routing"
"Russia","Novocherkassk","ОАО «РЖД»/«Северо-Кавказская пригородная пассажирская компания»","Estimated routing"
"Russia","Novocherkassk","ОАО «РЖД»/АО «Северо-Кавказская пригородная пассажирская компания»","Estimated routing"
"Russia","Novocherkassk","ОАО НПОПАТ","Estimated routing"
"Russia","Novocherkassk","ОАО НТК","Estimated routing"
"Russia","Novocherkassk","ОАО РЖД/АО ФПК","Estimated routing"
"Russia","Novocherkassk","ОАО РЖД/АО Федеральная пассажирская компания","Estimated routing"
"Russia","Novocherkassk","ООО Автолайн (г. Зверево)","Estimated routing"
"Russia","Novocherkassk","ООО Автолайн г. Зверево","Estimated routing"
"Russia","Novocherkassk","ООО Агаттрансавто ИП Федотова Е.П.","Estimated routing"
"Russia","Novocherkassk","ООО Вешенское АТП","Estimated routing"
"Russia","Novocherkassk","ООО Волго-Дон","Estimated routing"
"Russia","Novocherkassk","ООО Волгодонское ПАТП-2","Estimated routing"
"Russia","Novocherkassk","ООО Новочеркасская транспортная компания","Estimated routing"
"Russia","Novocherkassk","ООО Павловсклогистик","Estimated routing"
"Russia","Novocherkassk","ООО РостовДонАвто","Estimated routing"
"Russia","Novocherkassk","ООО ТК Новочеркасск","Estimated routing"
"Russia","Novocherkassk","ООО Экспресссервис","Estimated routing"
"Russia","Novocherkassk","ООО Юг Транс Сервис","Estimated routing"
"Russia","Novokuybyshevsk","Transit agency (Samara)","Estimated routing"
"Russia","Novokuybyshevsk","АО «Федеральная пассажирская компания»","Estimated routing"
"Russia","Novokuybyshevsk","АО ЕКА","Estimated routing"
"Russia","Novokuybyshevsk","АО РЖД/АО ФПК","Estimated routing"
"Russia","Novokuybyshevsk","АО РЖД/АО Федеральная пассажирская компания","Estimated routing"
"Russia","Novokuybyshevsk","АО ТК Гранд Сервис Экспресс","Estimated routing"
"Russia","Novokuybyshevsk","АО Федеральная пассажирская компания","Estimated routing"
"Russia","Novokuybyshevsk","ИП Лаврентьева А.Я.","Estimated routing"
"Russia","Novokuybyshevsk","ИП Сучкова Н.А. и другие","Estimated routing"
"Russia","Novokuybyshevsk","ИП Трубачёв","Estimated routing"
"Russia","Novokuybyshevsk","ИП Трубачёв А.Г.","Estimated routing"
"Russia","Novokuybyshevsk","Новокуйбышевское МУ ПТП","Estimated routing"
"Russia","Novokuybyshevsk","ОАО «РЖД» (АО «Самарская пригородная пассажирская компания»)","Estimated routing"
"Russia","Novokuybyshevsk","ОАО «РЖД»/АО «Самарская пригородная пассажирская компания»","Estimated routing"
"Russia","Novokuybyshevsk","ОАО РЖД/АО «Федеральная пассажирская компания»","Estimated routing"
"Russia","Novokuybyshevsk","ОАО РЖД/АО ДОСС","Estimated routing"
"Russia","Novokuybyshevsk","ООО Авто-Лайн","Estimated routing"
"Russia","Novokuybyshevsk","ООО АвтоСтар","Estimated routing"
"Russia","Novokuybyshevsk","ООО Городской Экспресс","Estimated routing"
"Russia","Novokuybyshevsk","ООО Городской экспресс","Estimated routing"
"Russia","Novokuybyshevsk","ООО СамараАвтоГаз.","Estimated routing"
"Russia","Novokuybyshevsk","ООО Транзит","Estimated routing"
"Russia","Novokuybyshevsk","ООО Транскомсервис","Estimated routing"
"Russia","Novokuznetsk","Transit agency (Kaltan)","Estimated routing"
"Russia","Novokuznetsk","Transit agency (Kemerovo)","Estimated routing"
"Russia","Novokuznetsk","Transit agency (Leninsk-Kuznetsky)","Estimated routing"
"Russia","Novokuznetsk","Transit agency (Mezhdurechensk)","Estimated routing"
"Russia","Novokuznetsk","Transit agency (Novokuznetsk)","Estimated routing"
"Russia","Novokuznetsk","Transit agency (Promyshlennaya)","Estimated routing"
"Russia","Novokuznetsk","Transit agency (Yurga)","Estimated routing"
"Russia","Novokuznetsk","АО «Кузбасс-Пригород»","Estimated routing"
"Russia","Novokuznetsk","АО «Федеральная пассажирская компания»","Estimated routing"
"Russia","Novokuznetsk","АО Новокузнецкое ПАТП","Estimated routing"
"Russia","Novokuznetsk","АО Новокузнецкое ПАТП МКП ПАТП-4 (Новосибирск)","Estimated routing"
"Russia","Novokuznetsk","АО Федеральная пассажирская компания","Estimated routing"
"Russia","Novokuznetsk","ГУ Кузбасспассажиравтотранс","Estimated routing"
"Russia","Novokuznetsk","ИП Лавриненко В.В.","Estimated routing"
"Russia","Novokuznetsk","ИП Потанин А.М.","Estimated routing"
"Russia","Novokuznetsk","ИП Хусаинов Тагир Каюмович","Estimated routing"
"Russia","Novokuznetsk","МТП-1","Estimated routing"
"Russia","Novokuznetsk","МТП-2","Estimated routing"
"Russia","Novokuznetsk","МТП-3","Estimated routing"
"Russia","Novokuznetsk","МУП Новокузнецкэлектротранс","Estimated routing"
"Russia","Novokuznetsk","Междуреченское ГПАТП Кемеровской области","Estimated routing"
"Russia","Novokuznetsk","Мысковская АК","Estimated routing"
"Russia","Novokuznetsk","Новокузнецкое МТТП","Estimated routing"
"Russia","Novokuznetsk","Новокузнецкое ПАТП 1","Estimated routing"
"Russia","Novokuznetsk","ОАО «РЖД» (АО «Кузбасс-Пригород»)","Estimated routing"
"Russia","Novokuznetsk","ОАО Новокузнецкое ПАТП 1","Estimated routing"
"Russia","Novokuznetsk","ОАО Новокузнецкое ПАТП 4","Estimated routing"
"Russia","Novokuznetsk","ООО ГК Профи","Estimated routing"
"Russia","Novokuznetsk","ООО НСК-Авто ООО СибАвто","Estimated routing"
"Russia","Novokuznetsk","ООО Питер Авто","Estimated routing"
"Russia","Novokuznetsk","ООО ПитерАвто","Estimated routing"
"Russia","Novokuznetsk","ООО СибАвто ООО НСК-Авто","Estimated routing"
"Russia","Novokuznetsk","ООО СибАвтотранс","Estimated routing"
"Russia","Novokuznetsk","ООО Томскавтоэкспресс ГУ Кузбасспассажиравтотранс","Estimated routing"
"Russia","Novokuznetsk","ОСП ООО Питеравто","Estimated routing"
"Russia","Novokuznetsk","Осинниковское ГПАТП КО","Estimated routing"
"Russia","Novoshakhtinsk","Transit agency (Gukovo)","Estimated routing"
"Russia","Novoshakhtinsk","Transit agency (Novoshakhtinsk)","Estimated routing"
"Russia","Novoshakhtinsk","ИП Буянова А.В.","Estimated routing"
"Russia","Novoshakhtinsk","ИП Дерюгина Н.С.","Estimated routing"
"Russia","Novoshakhtinsk","ООО Автоасс","Estimated routing"
"Russia","Novoshakhtinsk","ООО Автоколонна #1559","Estimated routing"
"Russia","Novoshakhtinsk","ООО Автолайн","Estimated routing"
"Russia","Novoshakhtinsk","ООО Автолайн г. Зверево","Estimated routing"
"Russia","Novoshakhtinsk","ООО Автотранс","Estimated routing"
"Russia","Novoshakhtinsk","ООО Пассажиргортранс","Estimated routing"
"Russia","Novoshakhtinsk","ООО РостовДонАвто","Estimated routing"
"Russia","Novoshakhtinsk","ООО Южная Пассажирская Компания ООО Янтарь-1 АО АТП #5","Estimated routing"
"Russia","Novosibirsk","000 СРТ","Estimated routing"
"Russia","Novosibirsk","Transit agency (Krasnoobsk)","Estimated routing"
"Russia","Novosibirsk","Transit agency (Mezhdurechensk)","Estimated routing"
"Russia","Novosibirsk","Transit agency (Novosibirsk)","Estimated routing"
"Russia","Novosibirsk","АО «Алтай-Пригород» АО «Экспресс-Пригород»","Estimated routing"
"Russia","Novosibirsk","АО «Кузбасс-Пригород»","Estimated routing"
"Russia","Novosibirsk","АО «Федеральная пассажирская компания»","Estimated routing"
"Russia","Novosibirsk","АО «Экспресс-Пригород»","Estimated routing"
"Russia","Novosibirsk","АО «Экспресс-Пригород» АО «Алтай-Пригород»","Estimated routing"
"Russia","Novosibirsk","АО Краснозёрскавтотранс-1 МКП ПАТП-4 (г. Новосибирск) ИП Киселёв Л.А.","Estimated routing"
"Russia","Novosibirsk","АО Кузбасс-Пригород","Estimated routing"
"Russia","Novosibirsk","АО Новокузнецкое ПАТП МКП ПАТП-4 (Новосибирск)","Estimated routing"
"Russia","Novosibirsk","АО Федеральная пассажирская компания","Estimated routing"
"Russia","Novosibirsk","АО Экспресс-Пригород","Estimated routing"
"Russia","Novosibirsk","АО Экспресс-пригород","Estimated routing"
"Russia","Novosibirsk","Беловское ГПАТП Кузбасса ООО СРТ","Estimated routing"
"Russia","Novosibirsk","ИП Ависова О.П. ИП Чавинкин А.Н.","Estimated routing"
"Russia","Novosibirsk","ИП Бондаренко И. А.","Estimated routing"
"Russia","Novosibirsk","ИП Бондаренко И.А","Estimated routing"
"Russia","Novosibirsk","ИП Бондаренко И.А.","Estimated routing"
"Russia","Novosibirsk","ИП Волобуев А.В. ИП Карлисон В.Н.","Estimated routing"
"Russia","Novosibirsk","ИП Гаврилюк И. А.","Estimated routing"
"Russia","Novosibirsk","ИП Гончаров М. П.","Estimated routing"
"Russia","Novosibirsk","ИП Гончаров М.П.","Estimated routing"
"Russia","Novosibirsk","ИП Гранов С.В.","Estimated routing"
"Russia","Novosibirsk","ИП Гриднев С.Ф.","Estimated routing"
"Russia","Novosibirsk","ИП Екимова Н.В. ООО НордЛайн","Estimated routing"
"Russia","Novosibirsk","ИП Зудилин Н. А. ОАО Каменское ПАТП","Estimated routing"
"Russia","Novosibirsk","ИП Зудилин Н.А.","Estimated routing"
"Russia","Novosibirsk","ИП Калашников О.В.","Estimated routing"
"Russia","Novosibirsk","ИП Калашников О.В. ИП Полнарёва О.М.","Estimated routing"
"Russia","Novosibirsk","ИП Кильгишев М. С. ООО Виктория ООО Лазурит-Н","Estimated routing"
"Russia","Novosibirsk","ИП Кобенко В. А. ИП Копыльцов К. А.","Estimated routing"
"Russia","Novosibirsk","ИП Кобенко В.А.","Estimated routing"
"Russia","Novosibirsk","ИП Ковалёв Н.Г.","Estimated routing"
"Russia","Novosibirsk","ИП Кожанов А.Н.","Estimated routing"
"Russia","Novosibirsk","ИП Кораблин С. А.","Estimated routing"
"Russia","Novosibirsk","ИП Корнев Михаил Александрович","Estimated routing"
"Russia","Novosibirsk","ИП Куранова Л.Ю.","Estimated routing"
"Russia","Novosibirsk","ИП Лавриненко В.В.","Estimated routing"
"Russia","Novosibirsk","ИП Малинкин А.В.","Estimated routing"
"Russia","Novosibirsk","ИП Малюков В. М.","Estimated routing"
"Russia","Novosibirsk","ИП Матюнина Г.А. ИП Кривошапова Т.Н.","Estimated routing"
"Russia","Novosibirsk","ИП Матюнина Г.А. ООО Обь-Транс","Estimated routing"
"Russia","Novosibirsk","ИП Молокова Л.Н.","Estimated routing"
"Russia","Novosibirsk","ИП Мурадханян А.В.","Estimated routing"
"Russia","Novosibirsk","ИП Неверов Р.Ю.","Estimated routing"
"Russia","Novosibirsk","ИП Остапенко Э.А.","Estimated routing"
"Russia","Novosibirsk","ИП Полнарева О. М. ИП Кандаков В. В.","Estimated routing"
"Russia","Novosibirsk","ИП Полнарева О.М.","Estimated routing"
"Russia","Novosibirsk","ИП Поляков В.А.","Estimated routing"
"Russia","Novosibirsk","ИП Прилукова И.А. ИП Полнарева О.М.","Estimated routing"
"Russia","Novosibirsk","ИП Сандомирская А.Ю.","Estimated routing"
"Russia","Novosibirsk","ИП Сарычев В.В.","Estimated routing"
"Russia","Novosibirsk","ИП Сарычев В.В. ИП Калашников О.В.","Estimated routing"
"Russia","Novosibirsk","ИП Сарычев В.В. ООО Диамант-1","Estimated routing"
"Russia","Novosibirsk","ИП Соколов В. Н.","Estimated routing"
"Russia","Novosibirsk","ИП Трунова О.Д. ИП Гаврилюк И.А.","Estimated routing"
"Russia","Novosibirsk","ИП Федорова Т.А.","Estimated routing"
"Russia","Novosibirsk","ИП Федорова Т.А. ИП Фирсов Н.В.","Estimated routing"
"Russia","Novosibirsk","ИП Фирсов Н.В.","Estimated routing"
"Russia","Novosibirsk","ИП Шабалина Л.А. ИП Грицев А.Л. МКП ПАТП-4","Estimated routing"
"Russia","Novosibirsk","ИП Швецов А.С.","Estimated routing"
"Russia","Novosibirsk","ИП Шестакова В.В.","Estimated routing"
"Russia","Novosibirsk","МКП ГЭТ","Estimated routing"
"Russia","Novosibirsk","МКП ГЭТ МКП ГЭТ Филиал №1","Estimated routing"
"Russia","Novosibirsk","МКП ГЭТ Филиал №1","Estimated routing"
"Russia","Novosibirsk","МКП ГЭТ Филиал №2","Estimated routing"
"Russia","Novosibirsk","МКП ГЭТ Филиал №3","Estimated routing"
"Russia","Novosibirsk","МКП ГЭТ Филиал №4","Estimated routing"
"Russia","Novosibirsk","МКП ГЭТ Филиал №5","Estimated routing"
"Russia","Novosibirsk","МКП ПАТП-4","Estimated routing"
"Russia","Novosibirsk","МКП ПАТП-4 (г. Новосибирск) ИП Боровков С.Н. ИП Бухмиллер Б.Е.","Estimated routing"
"Russia","Novosibirsk","МКППАТП-4","Estimated routing"
"Russia","Novosibirsk","МУ Купинское АТП","Estimated routing"
"Russia","Novosibirsk","МУ Ордынское АТП ИП Лядусов А.Н. ООО Сибирь-Альянс ИП Пирко Е.А.","Estimated routing"
"Russia","Novosibirsk","МУП Колыванского района НСО Автосервис","Estimated routing"
"Russia","Novosibirsk","МУП Маслянинскавтотранс ООО Маслянинское АТП ИП Матюк С.Т. ИП Фогель А.В.","Estimated routing"
"Russia","Novosibirsk","МУП Мошковское АТП ИП Лукин Н.Г.","Estimated routing"
"Russia","Novosibirsk","МУП Новосибирский метрополитен","Estimated routing"
"Russia","Novosibirsk","МУП ПАТП №5","Estimated routing"
"Russia","Novosibirsk","МУП ПАТП-5","Estimated routing"
"Russia","Novosibirsk","МУП ПАТП-5","Estimated routing"
"Russia","Novosibirsk","МУП ПАТП-5 ИП Малетин В.П.","Estimated routing"
"Russia","Novosibirsk","МУП Сузунское ПАТП","Estimated routing"
"Russia","Novosibirsk","МУП Сузунское ПАТП ИП Куликов П.Ф. ИП Ковалёва Л.В. ИП Лядусов А.Н.","Estimated routing"
"Russia","Novosibirsk","Междуреченское ГПАТП Кемеровской области","Estimated routing"
"Russia","Novosibirsk","ОАО «РЖД» (АО «Экспресс-Пригород»)","Estimated routing"
"Russia","Novosibirsk","ООО АвтоРегионБус","Estimated routing"
"Russia","Novosibirsk","ООО Автоальянс","Estimated routing"
"Russia","Novosibirsk","ООО Автолига","Estimated routing"
"Russia","Novosibirsk","ООО Автолига ИП Гаврилюк И.А. ИН Некрасов Н.П.","Estimated routing"
"Russia","Novosibirsk","ООО Автопартнер ООО ЛАНР ИП Дмитрусик В.Ф.","Estimated routing"
"Russia","Novosibirsk","ООО Автострада","Estimated routing"
"Russia","Novosibirsk","ООО Автострада ИП Тихонов В.А. ООО Сибтрансавто ИП Бондаренко И.А.","Estimated routing"
"Russia","Novosibirsk","ООО Автотранссиб","Estimated routing"
"Russia","Novosibirsk","ООО Академ Лайн","Estimated routing"
"Russia","Novosibirsk","ООО Академ Лайн ИП Остапенко И.А.","Estimated routing"
"Russia","Novosibirsk","ООО Академ Лайн ИП Остапенко Э.А. ИП Григорьев Д.Г.","Estimated routing"
"Russia","Novosibirsk","ООО АкадемЛайн ИП Кузнецов В. Я. ИП Остапенко Э.А. ООО ГАПП-6","Estimated routing"
"Russia","Novosibirsk","ООО Алтайский перевозчик ООО АП Межобластное","Estimated routing"
"Russia","Novosibirsk","ООО Б3","Estimated routing"
"Russia","Novosibirsk","ООО БП-Транзит","Estimated routing"
"Russia","Novosibirsk","ООО БП-Транзит ООО СВ-Автолайн","Estimated routing"
"Russia","Novosibirsk","ООО БелМарС ООО БелМарС-2005","Estimated routing"
"Russia","Novosibirsk","ООО БелМарС-2005 ООО Транском - Новосибирск","Estimated routing"
"Russia","Novosibirsk","ООО БелМарс","Estimated routing"
"Russia","Novosibirsk","ООО БраМиС","Estimated routing"
"Russia","Novosibirsk","ООО БраМиС ИП Остапенко Э.А.","Estimated routing"
"Russia","Novosibirsk","ООО Виктория (старший товарищества) ООО Лазурит-Н ООО Перевозчик Сибири ИП Ткаченко Е.В. ИП Кондактов А.Н.","Estimated routing"
"Russia","Novosibirsk","ООО Влюмак","Estimated routing"
"Russia","Novosibirsk","ООО Влюмак ИП Зудилин Н. А.","Estimated routing"
"Russia","Novosibirsk","ООО ГАПП-6","Estimated routing"
"Russia","Novosibirsk","ООО ГАПП-6 ИП Дмитрусик В.Ф.","Estimated routing"
"Russia","Novosibirsk","ООО ГАПП-6 ИП Кожанов А.Н.","Estimated routing"
"Russia","Novosibirsk","ООО ГАПП-6 ООО Диамант-1","Estimated routing"
"Russia","Novosibirsk","ООО Демос-С","Estimated routing"
"Russia","Novosibirsk","ООО Диамант-1","Estimated routing"
"Russia","Novosibirsk","ООО Драйв","Estimated routing"
"Russia","Novosibirsk","ООО Ком Пасс","Estimated routing"
"Russia","Novosibirsk","ООО КомПасс","Estimated routing"
"Russia","Novosibirsk","ООО Кочковское АТП","Estimated routing"
"Russia","Novosibirsk","ООО Красный Мамонт","Estimated routing"
"Russia","Novosibirsk","ООО Кузбасские междугородние перевозки ООО СРТ ИП Неверов Р.Ю.","Estimated routing"
"Russia","Novosibirsk","ООО Кузбасские междугородних перевозки МКП ПАТП-4 (Новосибирск) ИП Неверов Р.Ю. ИП Зудилин Н.А.","Estimated routing"
"Russia","Novosibirsk","ООО МК Транс Компани","Estimated routing"
"Russia","Novosibirsk","ООО МПН","Estimated routing"
"Russia","Novosibirsk","ООО Магистраль-ТрансАвто ИП Грицев А.Л.","Estimated routing"
"Russia","Novosibirsk","ООО НИКА","Estimated routing"
"Russia","Novosibirsk","ООО НОВОТЕХ - Авто ИП Федотко Н.Н.","Estimated routing"
"Russia","Novosibirsk","ООО НОВОТЕХ-Авто","Estimated routing"
"Russia","Novosibirsk","ООО НОВОТЕХ-Авто ИП Дмитрусик В.Ф. ООО Сибирь Экспресс","Estimated routing"
"Russia","Novosibirsk","ООО НОВОТЕХ-Авто ООО Сибирь Экспресс ИП Кобенко В.А. ИП Полнарева О.М.","Estimated routing"
"Russia","Novosibirsk","ООО НОВОТЕХ-авто ИП Кривошапова Т. Н. ООО АвтоРегионБус","Estimated routing"
"Russia","Novosibirsk","ООО НСК-АВТО","Estimated routing"
"Russia","Novosibirsk","ООО НСК-Авто ООО СибАвто","Estimated routing"
"Russia","Novosibirsk","ООО Новосибирскпрофстрой ПАТП-1","Estimated routing"
"Russia","Novosibirsk","ООО Новосибирскпрофстрой ПАТП-1 ООО ОСТА ООО Автолига","Estimated routing"
"Russia","Novosibirsk","ООО Новосибирскпрофстрой-ПАТП-1","Estimated routing"
"Russia","Novosibirsk","ООО Новосибирскпрофстрой-ПАТП-1 ИП Калашников О.В. ИП Кобенко В.А. ООО Ника","Estimated routing"
"Russia","Novosibirsk","ООО Новосибирскпрофстрой-ПАТП-1 ООО Магистраль-ТрансАвто ООО БелМарС-2005 ООО Транском-Новосибирск","Estimated routing"
"Russia","Novosibirsk","ООО Новосибирскпрофстрой-ПАТП-1 ООО Регион-Автоцентр","Estimated routing"
"Russia","Novosibirsk","ООО Новосибтрансавто","Estimated routing"
"Russia","Novosibirsk","ООО ОСТА","Estimated routing"
"Russia","Novosibirsk","ООО Обская Транспортная Компания","Estimated routing"
"Russia","Novosibirsk","ООО Обь-Транс ИП Матюнина Г.А. ИП Золовкин В.Н.","Estimated routing"
"Russia","Novosibirsk","ООО ОбьТранс","Estimated routing"
"Russia","Novosibirsk","ООО ОбьТранс ИП Тихонов В.А.","Estimated routing"
"Russia","Novosibirsk","ООО Обьтранс ООО МК Транскомпани","Estimated routing"
"Russia","Novosibirsk","ООО ПАТП-1118","Estimated routing"
"Russia","Novosibirsk","ООО ПАТП-6","Estimated routing"
"Russia","Novosibirsk","ООО ПАТП-6 ИП Кобенко В. А. ИП Прилукова И. А.","Estimated routing"
"Russia","Novosibirsk","ООО ПКП Лига-Т ООО Сибирь Экспресс ИП Гигин М.А.","Estimated routing"
"Russia","Novosibirsk","ООО ПП ЛОТИОС","Estimated routing"
"Russia","Novosibirsk","ООО Пассажирские перевозки (Барнаул) МКП ПАТП-4 (Новосибирск) ООО НовосибМежГортранс","Estimated routing"
"Russia","Novosibirsk","ООО ПежоСервис","Estimated routing"
"Russia","Novosibirsk","ООО Перевозчик Сибири ИП Кораблин С.А. ИП Панасюк М.В.","Estimated routing"
"Russia","Novosibirsk","ООО РАДУГА","Estimated routing"
"Russia","Novosibirsk","ООО Регион-Автоцентр","Estimated routing"
"Russia","Novosibirsk","ООО Регион-Автоцентр ИП Прилукова И.А.","Estimated routing"
"Russia","Novosibirsk","ООО Регион-автоцентр ООО СИБНИКМА","Estimated routing"
"Russia","Novosibirsk","ООО Речфлот","Estimated routing"
"Russia","Novosibirsk","ООО СВ - Автолайн","Estimated routing"
"Russia","Novosibirsk","ООО СВ-Автолайн ИП Никаншин Г. А. ИП Остапенко Э. А.","Estimated routing"
"Russia","Novosibirsk","ООО СВ-Автолайн ООО МиРос","Estimated routing"
"Russia","Novosibirsk","ООО СД-Регион 54 ИП Костомарова С.Г.","Estimated routing"
"Russia","Novosibirsk","ООО СД-Регион 54 ИП Михайлов С.В.","Estimated routing"
"Russia","Novosibirsk","ООО СИБНИКМА ИП Кандаков В.В.","Estimated routing"
"Russia","Novosibirsk","ООО СИБНИКМА ИП Кобенко В.А. ИП Полнарёва О.М.","Estimated routing"
"Russia","Novosibirsk","ООО СИБНИКМА ИП Матюнина Г.А.","Estimated routing"
"Russia","Novosibirsk","ООО СРТ","Estimated routing"
"Russia","Novosibirsk","ООО СибАвто ООО НСК-Авто","Estimated routing"
"Russia","Novosibirsk","ООО СибАвтотранс","Estimated routing"
"Russia","Novosibirsk","ООО Сибирь Экспресс","Estimated routing"
"Russia","Novosibirsk","ООО Сибирь Экспресс ПКП Лига-Т","Estimated routing"
"Russia","Novosibirsk","ООО СибирьАвтоТур ООО Демос-С","Estimated routing"
"Russia","Novosibirsk","ООО Сибсвязь-Авто","Estimated routing"
"Russia","Novosibirsk","ООО Статус","Estimated routing"
"Russia","Novosibirsk","ООО Техсервис (простое товарищество: ООО ГАПП-6 ИП Хохлов О.Н. ИП Копыльцов К.А. ООО Диамант-1 ИП Платонов Е.А.)","Estimated routing"
"Russia","Novosibirsk","ООО Транском Новосибирск 1","Estimated routing"
"Russia","Novosibirsk","ООО Транском Новосибирск 1 ИП Сандомирская А.Ю. ИП Донской М.А. ИП Кандаков В.Н.","Estimated routing"
"Russia","Novosibirsk","ООО Транском-Новосибирск-1","Estimated routing"
"Russia","Novosibirsk","ООО Транспортная фирма Движение-2000 ООО АП Межобластное ИП Лядусов А.Н.","Estimated routing"
"Russia","Novosibirsk","ООО Урман ООО Статус ООО Транском-Новосибирск 1 ИП Ткаченко Е.В.","Estimated routing"
"Russia","Novosibirsk","ООО ФЕНИКС-АВТО","Estimated routing"
"Russia","Novosibirsk","ООО Экспресс-Газель ООО Автотрейдинг +","Estimated routing"
"Russia","Obninsk","Transit agency (Obninsk)","Estimated routing"
"Russia","Obninsk","АО «Федеральная пассажирская компания»","Estimated routing"
"Russia","Obninsk","АО РЖД/АО Федеральная пассажирская компания","Estimated routing"
"Russia","Obninsk","АО Федеральная пассажирская компания","Estimated routing"
"Russia","Obninsk","АО Центральная ППК","Estimated routing"
"Russia","Obninsk","ГП Автовокзал Калуга","Estimated routing"
"Russia","Obninsk","ЗАО Межавтотранс","Estimated routing"
"Russia","Obninsk","ИП Арутюнян .И.Г.","Estimated routing"
"Russia","Obninsk","ИП Бобков Дмитрий Викторович","Estimated routing"
"Russia","Obninsk","ИП Вдовин .С.И.","Estimated routing"
"Russia","Obninsk","ИП Вдовин С.И.","Estimated routing"
"Russia","Obninsk","ИП Вдовин С.И. ИП Парфёнова Т.Н.","Estimated routing"
"Russia","Obninsk","ИП Новиков А.В.","Estimated routing"
"Russia","Obninsk","ИП Новиков А.В.¹ ООО Эталон-Сервис²","Estimated routing"
"Russia","Obninsk","ИП Цветков Михаил Юрьевич","Estimated routing"
"Russia","Obninsk","МП «ОПАТП»","Estimated routing"
"Russia","Obninsk","МП Обнинское ПАТП","Estimated routing"
"Russia","Obninsk","МУП Жуковское ПАТП","Estimated routing"
"Russia","Obninsk","МУП Хвастовичское АТП","Estimated routing"
"Russia","Obninsk","ОАО «РЖД» (АО «Центральная пригородная пассажирская компания»)","Estimated routing"
"Russia","Obninsk","ОАО Думиничское АТП","Estimated routing"
"Russia","Obninsk","ОАО РЖД/АО Федеральная пассажирская компания","Estimated routing"
"Russia","Obninsk","ОАО Транспортник","Estimated routing"
"Russia","Obninsk","ООО «АвтоРегион+»","Estimated routing"
"Russia","Obninsk","ООО «ВАСАВТО»","Estimated routing"
"Russia","Obninsk","ООО «ВасАвто»","Estimated routing"
"Russia","Obninsk","ООО «Цефей»","Estimated routing"
"Russia","Obninsk","ООО АТП-Мещовское","Estimated routing"
"Russia","Obninsk","ООО АТЭК ООО Мегатранс","Estimated routing"
"Russia","Obninsk","ООО Автомобилист","Estimated routing"
"Russia","Obninsk","ООО Автомобилист-Юхнов","Estimated routing"
"Russia","Obninsk","ООО Авторегион+","Estimated routing"
"Russia","Obninsk","ООО Вираж","Estimated routing"
"Russia","Obninsk","ООО Геокон","Estimated routing"
"Russia","Obninsk","ООО Клён 2","Estimated routing"
"Russia","Obninsk","ООО Комавтотранс","Estimated routing"
"Russia","Obninsk","ООО Мегатранс ООО АТЭК","Estimated routing"
"Russia","Obninsk","ООО ОбнинскЛайн","Estimated routing"
"Russia","Obninsk","ООО Обнинсктрансавто","Estimated routing"
"Russia","Obninsk","ООО ТК АВТОСЕТЬ","Estimated routing"
"Russia","Obninsk","ООО Транспортная компания АвтоСеть","Estimated routing"
"Russia","Obninsk","ООО Унисервис-Логистикс (ООО ТРАНС-УНИСЕРВИС)","Estimated routing"
"Russia","Obninsk","ООО Эталон-Сервис","Estimated routing"
"Russia","Obninsk","ООО компания Восход","Estimated routing"
"Russia","Odintsovo","Transit agency (Odintsovo)","Estimated routing"
"Russia","Odintsovo","АО Группа Автолайн (ООО Аврора)","Estimated routing"
"Russia","Odintsovo","АО Группа Автолайн (ООО Красногорск-Авто)","Estimated routing"
"Russia","Odintsovo","АО Группа Автолайн (ООО ТрансЭкспресс)","Estimated routing"
"Russia","Odintsovo","АО Мострансавто (МАП № 6 - ПБ г. Звенигород)","Estimated routing"
"Russia","Odintsovo","АО Мострансавто (МАП № 6 - ПБ г. Можайск)","Estimated routing"
"Russia","Odintsovo","АО Мострансавто (МАП № 6 Одинцовское ПАТП)","Estimated routing"
"Russia","Odintsovo","АО Мострансавто (МАП № 6 Одинцовское ПАТП) ИП Шаталов Сергей Иванович","Estimated routing"
"Russia","Odintsovo","АО Мострансавто (МАП № 6 Одинцовское ПАТП) ООО Импульс","Estimated routing"
"Russia","Odintsovo","АО Мострансавто (МАП № 6 г. Одинцово - производственный участок г. Верея)","Estimated routing"
"Russia","Odintsovo","АО Мострансавто (МАП № 6 г. Одинцово)","Estimated routing"
"Russia","Odintsovo","АО Мострансавто (МАП № 6 г. Одинцово)","Estimated routing"
"Russia","Odintsovo","АО Мострансавто (МАП № 6 г. Одинцово)","Estimated routing"
"Russia","Odintsovo","АО Мострансавто (МАП №6 г. Одинцово)","Estimated routing"
"Russia","Odintsovo","АО Мострансавто (Одинцовское ПАТП Звенигородский филиал)","Estimated routing"
"Russia","Odintsovo","АО Мострансавто (Одинцовское ПАТП)","Estimated routing"
"Russia","Odintsovo","АО Центральная ППК","Estimated routing"
"Russia","Odintsovo","ОАО «РЖД» (АО «Центральная пригородная пассажирская компания»)","Estimated routing"
"Russia","Odintsovo","ОАО Группа Автолайн (ООО Компания Автолайн)","Estimated routing"
"Russia","Odintsovo","ООО «Аэроэкспресс»","Estimated routing"
"Russia","Odintsovo","ООО Авто-Хендлер+","Estimated routing"
"Russia","Odintsovo","ООО АвтоХендлер+","Estimated routing"
"Russia","Odintsovo","ООО Ауто","Estimated routing"
"Russia","Odintsovo","ООО Ауто+","Estimated routing"
"Russia","Odintsovo","ООО Домтрансавто","Estimated routing"
"Russia","Odintsovo","ООО Импульс","Estimated routing"
"Russia","Odintsovo","ООО Инсветтранс","Estimated routing"
"Russia","Odintsovo","ООО КЛавто","Estimated routing"
"Russia","Odintsovo","ООО Кубинский автобусный парк","Estimated routing"
"Russia","Odintsovo","ООО МегаТрансАвто","Estimated routing"
"Russia","Odintsovo","ООО ТехноМир","Estimated routing"
"Russia","Odintsovo","ООО Транспорт 21 Век","Estimated routing"
"Russia","Omsk","Transit agency (Omsk)","Estimated routing"
"Russia","Omsk","АО «Омск-пригород»","Estimated routing"
"Russia","Omsk","АО «Федеральная пассажирская компания»","Estimated routing"
"Russia","Omsk","АО Северречфлот","Estimated routing"
"Russia","Omsk","АО ТК Гранд Сервис Экспресс","Estimated routing"
"Russia","Omsk","АО Федеральная пассажирская компания","Estimated routing"
"Russia","Omsk","ИП Акопян Г.О.","Estimated routing"
"Russia","Omsk","ИП Алгазин М.Л.","Estimated routing"
"Russia","Omsk","ИП Алгазин М.Л. ИП Мухаметшин Л.Г.","Estimated routing"
"Russia","Omsk","ИП Алгазин М.Л. ИП Чанов И.В.","Estimated routing"
"Russia","Omsk","ИП Блажко В.А.","Estimated routing"
"Russia","Omsk","ИП Бондаренко А.С.","Estimated routing"
"Russia","Omsk","ИП Валиков А.Б. ИП Каменев И.В.","Estimated routing"
"Russia","Omsk","ИП Ванеев П.М.","Estimated routing"
"Russia","Omsk","ИП Войтенко А.М.","Estimated routing"
"Russia","Omsk","ИП Войтенко А.М. ИП Зубенко Н.А. ИП Чанов И.В.","Estimated routing"
"Russia","Omsk","ИП Войтенко А.М. ИП Лутков Ю.Г.","Estimated routing"
"Russia","Omsk","ИП Войтенко А.М. ИП Трофимчук В.М. ИП Шукшин И.В.","Estimated routing"
"Russia","Omsk","ИП Волошин В.Н. ИП Шукшин И.В.","Estimated routing"
"Russia","Omsk","ИП Гаврилов М.С.","Estimated routing"
"Russia","Omsk","ИП Геворгян В.Г.","Estimated routing"
"Russia","Omsk","ИП Геворгян В.Г. ИП Геворгян Н.В.","Estimated routing"
"Russia","Omsk","ИП Геворгян В.Г. ИП Карташева Л.Д.","Estimated routing"
"Russia","Omsk","ИП Геворгян В.Г. ИП Цепаев А.Г.","Estimated routing"
"Russia","Omsk","ИП Гришин С.А.","Estimated routing"
"Russia","Omsk","ИП Гукасян Х.М.","Estimated routing"
"Russia","Omsk","ИП Доронкин В.Г. ИП Меняйлов И.Н.","Estimated routing"
"Russia","Omsk","ИП Доронкин В.Г. ИП Мухаметшин Л.Г.","Estimated routing"
"Russia","Omsk","ИП Доронкин В.Г. ИП Семыкин Н.Ю.","Estimated routing"
"Russia","Omsk","ИП Дроздова А.А. ИП Локотков М.В. ИП Лутков Ю.Г.","Estimated routing"
"Russia","Omsk","ИП Залялитдинов Ф.Ф.","Estimated routing"
"Russia","Omsk","ИП Залялитдинов Ф.Ф. ИП Локотков М.В.","Estimated routing"
"Russia","Omsk","ИП Залялитдинов Ф.Ф. ИП Торопов В.А.","Estimated routing"
"Russia","Omsk","ИП Захарова Г.И.","Estimated routing"
"Russia","Omsk","ИП Ибрагимов Д.Ю.","Estimated routing"
"Russia","Omsk","ИП Исмаилов Р.А.","Estimated routing"
"Russia","Omsk","ИП Исмаилов Р.А. ИП Петухов И.Н.","Estimated routing"
"Russia","Omsk","ИП Коробейников Д.Н.","Estimated routing"
"Russia","Omsk","ИП Кусаинов К.Ж.","Estimated routing"
"Russia","Omsk","ИП Локотков М.В.","Estimated routing"
"Russia","Omsk","ИП Локотков М.В. ИП Макаров А.И.","Estimated routing"
"Russia","Omsk","ИП Лутков Ю.Г.","Estimated routing"
"Russia","Omsk","ИП Макаров А. И.","Estimated routing"
"Russia","Omsk","ИП Матюнин И.Ю.","Estimated routing"
"Russia","Omsk","ИП Меняйлов И.Н.","Estimated routing"
"Russia","Omsk","ИП Меняйлов И.Н. ИП Петраков А.А.","Estimated routing"
"Russia","Omsk","ИП Оськина Л.И.","Estimated routing"
"Russia","Omsk","ИП Панько А.Д. ИП Локотков М.В.","Estimated routing"
"Russia","Omsk","ИП Поварченков Р.А.","Estimated routing"
"Russia","Omsk","ИП Поварченков Р.А. ИП Локотков М.В.","Estimated routing"
"Russia","Omsk","ИП Полоцкий Ю.А.","Estimated routing"
"Russia","Omsk","ИП Пятак С.А.","Estimated routing"
"Russia","Omsk","ИП Семенюк Н.М.","Estimated routing"
"Russia","Omsk","ИП Семыкин М.Н.","Estimated routing"
"Russia","Omsk","ИП Семыкин М.Н. ИП Семыкин Н.Ю.","Estimated routing"
"Russia","Omsk","ИП Семыкин Н.Ю.","Estimated routing"
"Russia","Omsk","ИП Таровская Н.А.","Estimated routing"
"Russia","Omsk","ИП Трофимчук В.М.","Estimated routing"
"Russia","Omsk","ИП Ушаткина М.А. ИП Алгазин М.Л. ИП Доронкин В.Г.","Estimated routing"
"Russia","Omsk","ИП Фиошин В.В. ИП Войтенко А.М.","Estimated routing"
"Russia","Omsk","ИП Черепанов В.Г.","Estimated routing"
"Russia","Omsk","МП Электрический транспорт (филиал Трамвайное депо)","Estimated routing"
"Russia","Omsk","МП Электрический транспорт (филиал Троллейбусное депо)","Estimated routing"
"Russia","Omsk","МП г. Омска ПП № 8","Estimated routing"
"Russia","Omsk","МП г. Омска ПП №8","Estimated routing"
"Russia","Omsk","МП г. Омска ПП №8 ИП Гаврилов М.С.","Estimated routing"
"Russia","Omsk","ОАО «РЖД» (АО «Омск-пригород»)","Estimated routing"
"Russia","Omsk","ОАО Иртышское пароходство","Estimated routing"
"Russia","Omsk","ОАО Одесское АТП","Estimated routing"
"Russia","Omsk","ОАО Омскоблавтотранс","Estimated routing"
"Russia","Omsk","ООО «АвтоГРАФ55»","Estimated routing"
"Russia","Omsk","ООО «ТорТранс»","Estimated routing"
"Russia","Omsk","ООО Автограф55","Estimated routing"
"Russia","Omsk","ООО Газетный дом Вечерний Омск ИП Поварченков Р.А.","Estimated routing"
"Russia","Omsk","ООО Дилижанс","Estimated routing"
"Russia","Omsk","ООО ОмскЭкспрессАвто","Estimated routing"
"Russia","Omsk","ООО Подорожник","Estimated routing"
"Russia","Omsk","ООО ТорТранс","Estimated routing"
"Russia","Omsk","ТК Триумф","Estimated routing"
"Russia","Omsk","ТК Триумф вкуса","Estimated routing"
"Russia","Omsk","ТЦ Леруа Мерлен","Estimated routing"
"Russia","Orenburg","Transit agency (Orenburg)","Estimated routing"
"Russia","Orenburg","АО «Федеральная пассажирская компания»","Estimated routing"
"Russia","Orenburg","АО ЕКА ТОО Экспресс","Estimated routing"
"Russia","Orenburg","АО КПАТП-1 ТОО Экспресс","Estimated routing"
"Russia","Orenburg","АО РЖД/АО ФПК","Estimated routing"
"Russia","Orenburg","АО Свердловская Пригородная Компания","Estimated routing"
"Russia","Orenburg","АО Федеральная пассажирская компания","Estimated routing"
"Russia","Orenburg","ИП Андрющенко А.В.","Estimated routing"
"Russia","Orenburg","ИП Ахметов Д.П","Estimated routing"
"Russia","Orenburg","ИП Беседин В.В.","Estimated routing"
"Russia","Orenburg","ИП Болмосова В.С.","Estimated routing"
"Russia","Orenburg","ИП Верещагин А.Н.","Estimated routing"
"Russia","Orenburg","ИП Габайдулин А.Н. и другие","Estimated routing"
"Russia","Orenburg","ИП Гузь А.А.","Estimated routing"
"Russia","Orenburg","ИП Ефимова Л.Д.","Estimated routing"
"Russia","Orenburg","ИП Ефимова Л.П.","Estimated routing"
"Russia","Orenburg","ИП Жильцов А.А. АО КПАТП-1","Estimated routing"
"Russia","Orenburg","ИП Константинов Е.Д.","Estimated routing"
"Russia","Orenburg","ИП Кузьмина И.Ю.","Estimated routing"
"Russia","Orenburg","ИП Новиков В.Н.","Estimated routing"
"Russia","Orenburg","ИП Пикалова Н.В.","Estimated routing"
"Russia","Orenburg","ИП Сидоров П.И.","Estimated routing"
"Russia","Orenburg","ИП Сидорова Е. А.","Estimated routing"
"Russia","Orenburg","ИП Сорокин С.В.","Estimated routing"
"Russia","Orenburg","ИП Филатова Т.А.","Estimated routing"
"Russia","Orenburg","ИП Шмаин А А","Estimated routing"
"Russia","Orenburg","ИП Шмарин А.А.","Estimated routing"
"Russia","Orenburg","ИП Ярковой А.М.","Estimated routing"
"Russia","Orenburg","МКП ОГПТ","Estimated routing"
"Russia","Orenburg","МКП ОПП","Estimated routing"
"Russia","Orenburg","МКП ОПП ИП Сидоров П.И.","Estimated routing"
"Russia","Orenburg","Мелеузовское АТП филиал ГУП РБ Башавтотранс","Estimated routing"
"Russia","Orenburg","Нефтекамское ПАТП филиал ГУП РБ Башавтотранс","Estimated routing"
"Russia","Orenburg","ОАО «РЖД» (АО «Свердловская пригородная пассажирская компания»)","Estimated routing"
"Russia","Orenburg","ОАО РЖД/АО «Федеральная пассажирская компания»","Estimated routing"
"Russia","Orenburg","ОАО Рексо","Estimated routing"
"Russia","Orenburg","ООО «Компания Ваш Попутчик»","Estimated routing"
"Russia","Orenburg","ООО «Лавр»","Estimated routing"
"Russia","Orenburg","ООО «Южураллифтремонт+»","Estimated routing"
"Russia","Orenburg","ООО АвтоКруиз","Estimated routing"
"Russia","Orenburg","ООО Лавр","Estimated routing"
"Russia","Orenburg","ООО ОРЕНТРАНСГРУПП","Estimated routing"
"Russia","Orenburg","ООО ОТК-1 (ООО Оренбургская Транспортная Компания 1)","Estimated routing"
"Russia","Orenburg","ООО Орентрансгрупп","Estimated routing"
"Russia","Orenburg","ООО ПАТП-7","Estimated routing"
"Russia","Orenburg","ООО Пассажирско-транспортные Перевозки-7","Estimated routing"
"Russia","Orenburg","Октябрьское АТП филиал ГУП РБ Башавтотранс","Estimated routing"
"Russia","Orenburg","Салаватское АТП филиал ГУП РБ Башавтотрэнс","Estimated routing"
"Russia","Orenburg","Стерлитамакское ПАТП филиал ГУП.РБ Башавтотранс","Estimated routing"
"Russia","Orenburg","ТК Гортранс","Estimated routing"
"Russia","Orenburg","Уфимское ПАТП-3 филиал ГУП РБ Башавтотранс","Estimated routing"
"Russia","Oryol","Transit agency (Orel)","Estimated routing"
"Russia","Oryol","АО «Федеральная пассажирская компания","Estimated routing"
"Russia","Oryol","АО «Федеральная пассажирская компания»","Estimated routing"
"Russia","Oryol","АО ВПАТП-3 ИП Ветров В.А. ИП Барсуков А.И.","Estimated routing"
"Russia","Oryol","АО РЖД/АО ФПК","Estimated routing"
"Russia","Oryol","АО РЖД/АО Федеральная пассажирская компания","Estimated routing"
"Russia","Oryol","АО Федеральная пассажирская компания","Estimated routing"
"Russia","Oryol","Беларуская Чыгунка","Estimated routing"
"Russia","Oryol","ИП Арабчиков С.А.","Estimated routing"
"Russia","Oryol","ИП Бортников И.И.","Estimated routing"
"Russia","Oryol","ИП Бортников И.И. ИП Лукьянчиков Н.А.","Estimated routing"
"Russia","Oryol","ИП Буренко А.Н.","Estimated routing"
"Russia","Oryol","ИП Варичев А.Л.","Estimated routing"
"Russia","Oryol","ИП Грачёв Ю.Н.","Estimated routing"
"Russia","Oryol","ИП Гришина Н.В.","Estimated routing"
"Russia","Oryol","ИП Грядунов С.А.","Estimated routing"
"Russia","Oryol","ИП Давышина С.В.","Estimated routing"
"Russia","Oryol","ИП Кадыров А.Ф. ИП Коновалов Д.Г.","Estimated routing"
"Russia","Oryol","ИП Кривов В.А.","Estimated routing"
"Russia","Oryol","ИП Кривова М.А. ИП Шаблинский И.А.","Estimated routing"
"Russia","Oryol","ИП Кривова М.Н.","Estimated routing"
"Russia","Oryol","ИП Лукьянчиков А.Н.","Estimated routing"
"Russia","Oryol","ИП Москаленко М.С.","Estimated routing"
"Russia","Oryol","ИП Москаленко Я.С.","Estimated routing"
"Russia","Oryol","ИП Парамошкин Н.В.","Estimated routing"
"Russia","Oryol","ИП Стародубцев А.А.","Estimated routing"
"Russia","Oryol","ИП Хуткин Д.Е.","Estimated routing"
"Russia","Oryol","МУ Пассажирское автотранспортное предприятие № 1","Estimated routing"
"Russia","Oryol","МУ Пассажирское автотранспортное предприятие №1 ИП Бортников И.И. ИП Буренко А.Н.","Estimated routing"
"Russia","Oryol","МУП «Трамвайно-троллейбусное предприятие»","Estimated routing"
"Russia","Oryol","МУП Трамвайно-троллейбусное предприятие","Estimated routing"
"Russia","Oryol","МУП Трамвайно-троллпейбусное предприятие","Estimated routing"
"Russia","Oryol","МУП Трмвайно-троллейбусное предприятие","Estimated routing"
"Russia","Oryol","НП Гильдия перевозчиков Орловской области","Estimated routing"
"Russia","Oryol","НП Гильдия перевозчиков Орловской области и другие","Estimated routing"
"Russia","Oryol","ОАО «РЖД» (АО «Центральная пригородная пассажирская компания»)","Estimated routing"
"Russia","Oryol","ОАО «РЖД»/АО «ФПК»","Estimated routing"
"Russia","Oryol","ОАО «РЖД»/АО «Центральная пригородная пассажирская компания»","Estimated routing"
"Russia","Oryol","ОАО «РЖД»/АО «Центральная пригородная пассажирская компания»)","Estimated routing"
"Russia","Oryol","ОАО РЖД/АО Федеральная пассажирская компания","Estimated routing"
"Russia","Oryol","ООО Автолайн-Экспресс","Estimated routing"
"Russia","Oryol","ООО Автолайн-Экспресс ИП Терешин С.Н.","Estimated routing"
"Russia","Oryol","ООО Снежана","Estimated routing"
"Russia","Oryol","ОРООПП ЛОГОС","Estimated routing"
"Russia","Oryol","ОРООПП Логос","Estimated routing"
"Russia","Penza","Transit agency (Penza)","Estimated routing"
"Russia","Penza","Transit agency (Tolyatti)","Estimated routing"
"Russia","Penza","Transit agency (Zarechny (Penza))","Estimated routing"
"Russia","Penza","АО «Федеральная пассажирская компания»","Estimated routing"
"Russia","Penza","АО ТК Гранд Сервис Экспресс","Estimated routing"
"Russia","Penza","АО Федеральная пассажирская компания","Estimated routing"
"Russia","Penza","ИП Ахметов М.Р. и другие","Estimated routing"
"Russia","Penza","ИП Денисов О.Г.","Estimated routing"
"Russia","Penza","ИП Казуров А.С.","Estimated routing"
"Russia","Penza","ИП Каргалкин Г.В.","Estimated routing"
"Russia","Penza","ИП Куликов Е.А. и другие","Estimated routing"
"Russia","Penza","ИП Куликов Евгений Александрович","Estimated routing"
"Russia","Penza","ИП Ломакин А.В.","Estimated routing"
"Russia","Penza","ИП Овчаров","Estimated routing"
"Russia","Penza","ИП Резяпкин А.А.","Estimated routing"
"Russia","Penza","ИП Талышев Д.А.","Estimated routing"
"Russia","Penza","ИП Шарий Е.М.","Estimated routing"
"Russia","Penza","МБУ Автомобильное транспортное хозяйство","Estimated routing"
"Russia","Penza","МП Автотранс","Estimated routing"
"Russia","Penza","ОАО «РЖД» (АО «Байкальская пригородная пассажирская компания»)","Estimated routing"
"Russia","Penza","ОАО «РЖД» (АО «Башкортостанская пригородная пассажирская компания»)","Estimated routing"
"Russia","Penza","ОАО «РЖД» (АО «Саратовская пригородная пассажирская компания»)","Estimated routing"
"Russia","Penza","ОАО РЖД/АО «Федеральная пассажирская компания»","Estimated routing"
"Russia","Penza","ОАО РЖД/АО Федеральная пассажирская компания","Estimated routing"
"Russia","Penza","ООО Авто 4","Estimated routing"
"Russia","Penza","ООО Автокомбинат","Estimated routing"
"Russia","Penza","ООО Автомиг","Estimated routing"
"Russia","Penza","ООО Альянс-Авто","Estimated routing"
"Russia","Penza","ООО Дилижанс авто 4","Estimated routing"
"Russia","Penza","ООО Компания Дилижанс","Estimated routing"
"Russia","Penza","ООО Компания Дилижанс","Estimated routing"
"Russia","Penza","ООО Корпорация (Компания) Дилижанс","Estimated routing"
"Russia","Penza","ООО Корпорация Дилижанс","Estimated routing"
"Russia","Penza","ООО Меркурий","Estimated routing"
"Russia","Penza","ООО Меркурий ООО Компания Дилижанс","Estimated routing"
"Russia","Penza","ООО Меркурий-Авто-9","Estimated routing"
"Russia","Penza","ООО НИРАЛ-Авто и другие","Estimated routing"
"Russia","Penza","ООО Пассажиртранс","Estimated routing"
"Russia","Penza","ООО Транспортная компания Дилижанс","Estimated routing"
"Russia","Penza","ООО Универсал-Сервис","Estimated routing"
"Russia","Petrozavodsk","ECOLINES-RUS","Estimated routing"
"Russia","Petrozavodsk","Transit agency (Kem)","Estimated routing"
"Russia","Petrozavodsk","Transit agency (Petrozavodsk)","Estimated routing"
"Russia","Petrozavodsk","АО «Федеральная пассажирская компания»","Estimated routing"
"Russia","Petrozavodsk","АО Федеральная пассажирская компания","Estimated routing"
"Russia","Petrozavodsk","Беларуская чыгунка","Estimated routing"
"Russia","Petrozavodsk","ГУП Карелавтотранс","Estimated routing"
"Russia","Petrozavodsk","ГУП РК Карелавтотранс","Estimated routing"
"Russia","Petrozavodsk","ГУП РК Карелавтотранс СПб ГУП Пассажиравтотранс","Estimated routing"
"Russia","Petrozavodsk","Дирекция скоростного сообщения – филиал ОАО «РЖД» (ДОСС)","Estimated routing"
"Russia","Petrozavodsk","ИП Данилкин","Estimated routing"
"Russia","Petrozavodsk","ИП Данилкин Е.И.","Estimated routing"
"Russia","Petrozavodsk","ИП Карпунин Е.Н. ИП Люлин С.А.","Estimated routing"
"Russia","Petrozavodsk","ИП Коршунов Михаил Вячеславович","Estimated routing"
"Russia","Petrozavodsk","Карелавтотранс-Сервис","Estimated routing"
"Russia","Petrozavodsk","ОАО «РЖД» (АО «Северо-Западная пригородная пассажирская компания»)","Estimated routing"
"Russia","Petrozavodsk","ОАО «РЖД»/АО «ФПК»","Estimated routing"
"Russia","Petrozavodsk","ООО АТК","Estimated routing"
"Russia","Petrozavodsk","ООО АТК ГУП РК Карелавтотранс","Estimated routing"
"Russia","Petrozavodsk","ООО АТК ГУП РК Карелавтотранс","Estimated routing"
"Russia","Petrozavodsk","ООО АТП","Estimated routing"
"Russia","Petrozavodsk","ООО АТП 2","Estimated routing"
"Russia","Petrozavodsk","ООО АТП 3","Estimated routing"
"Russia","Petrozavodsk","ООО АТП Лахденпохья","Estimated routing"
"Russia","Petrozavodsk","ООО АТП № 4 Тосноавто","Estimated routing"
"Russia","Petrozavodsk","ООО АТП-2","Estimated routing"
"Russia","Petrozavodsk","ООО АТП-3","Estimated routing"
"Russia","Petrozavodsk","ООО Авто Сити","Estimated routing"
"Russia","Petrozavodsk","ООО Авторанта плюс (Питкяранта)","Estimated routing"
"Russia","Petrozavodsk","ООО Вытегорское ПАТП","Estimated routing"
"Russia","Petrozavodsk","ООО Инлайн","Estimated routing"
"Russia","Petrozavodsk","ООО Нордлайн ООО Петротранспорт","Estimated routing"
"Russia","Petrozavodsk","ООО Перекресток","Estimated routing"
"Russia","Petrozavodsk","ООО ТК АвтоПассаж","Estimated routing"
"Russia","Petrozavodsk","ООО ТК Вираж","Estimated routing"
"Russia","Petrozavodsk","ООО ТК Паллада","Estimated routing"
"Russia","Petrozavodsk","ООО Транспортная компания","Estimated routing"
"Russia","Petrozavodsk","ООО Транссервис (Сортавала)","Estimated routing"
"Russia","Petrozavodsk","ООО фирма Перекресток","Estimated routing"
"Russia","Petrozavodsk","ПМУП Городской Транспорт","Estimated routing"
"Russia","Petrozavodsk","ПМУП Городской транспорт","Estimated routing"
"Russia","Petrozavodsk","ХК Питеравто","Estimated routing"
"Russia","Podolsk","Transit agency (Podolsk)","Estimated routing"
"Russia","Podolsk","АО «Центральная ППК»","Estimated routing"
"Russia","Podolsk","АО Мострансавто","Estimated routing"
"Russia","Podolsk","АО Мострансавто (МАП № 5 - а/к № 1788 г. Подольск)","Estimated routing"
"Russia","Podolsk","АО Мострансавто (МАП № 5 г. Подольск)","Estimated routing"
"Russia","Podolsk","АО Мострансавто (МАП № 5 г. Подольск)","Estimated routing"
"Russia","Podolsk","АО Мострансавто (а/к 1788 г. Подольск)","Estimated routing"
"Russia","Podolsk","АО Мострансавто (а/к 1788 г.&nbsp Подольск)","Estimated routing"
"Russia","Podolsk","АО Мострансавто (а/к № 1788 г. Подольск)","Estimated routing"
"Russia","Podolsk","АО Мострансавто (а/к № 1788 г. Подольск)","Estimated routing"
"Russia","Podolsk","АО Мострансавто (а/к № 1788 г.&nbsp Подольск)","Estimated routing"
"Russia","Podolsk","АО Мострансавто (а/к № 1788)","Estimated routing"
"Russia","Podolsk","АО Мострансавто (а/к №&nbsp 1788)","Estimated routing"
"Russia","Podolsk","АО Мострансавто(а/к № 1788 г. Подольск)","Estimated routing"
"Russia","Podolsk","АО Центральная ППК","Estimated routing"
"Russia","Podolsk","ГУП Мосгортранс (17-й автобусный парк)","Estimated routing"
"Russia","Podolsk","ГУП Мосгортранс (филиал Юго-Западный)","Estimated routing"
"Russia","Podolsk","ИП Любимов Е.В.","Estimated routing"
"Russia","Podolsk","МУП Подольский троллейбус","Estimated routing"
"Russia","Podolsk","ОАО «РЖД» (АО «Центральная пригородная пассажирская компания»)","Estimated routing"
"Russia","Podolsk","ООО Автомиг","Estimated routing"
"Russia","Podolsk","ООО Глобал","Estimated routing"
"Russia","Podolsk","ООО Домтрансавто","Estimated routing"
"Russia","Podolsk","ООО Ранд-Транс","Estimated routing"
"Russia","Podolsk","ООО Ранд-Транс (ООО Автомиг)","Estimated routing"
"Russia","Podolsk","ООО Ранд-Транс (ООО Домтрансавто)","Estimated routing"
"Russia","Podolsk","ООО Скиф-Транс","Estimated routing"
"Russia","Prokop'evsk","Transit agency (Kemerovo)","Estimated routing"
"Russia","Prokop'evsk","Transit agency (Leninsk-Kuznetsky)","Estimated routing"
"Russia","Prokop'evsk","Transit agency (Mezhdurechensk)","Estimated routing"
"Russia","Prokop'evsk","Transit agency (Novokuznetsk)","Estimated routing"
"Russia","Prokop'evsk","Transit agency (Prokopyevsk )","Estimated routing"
"Russia","Prokop'evsk","Transit agency (Promyshlennaya)","Estimated routing"
"Russia","Prokop'evsk","АО «Кузбасс-Пригород»","Estimated routing"
"Russia","Prokop'evsk","АО «Федеральная пассажирская компания»","Estimated routing"
"Russia","Prokop'evsk","АО Новокузнецкое ПАТП МКП ПАТП-4 (Новосибирск)","Estimated routing"
"Russia","Prokop'evsk","АО Федеральная пассажирская компания","Estimated routing"
"Russia","Prokop'evsk","ГУ Кузбасспассажиравтотранс","Estimated routing"
"Russia","Prokop'evsk","ИП Лавриненко В.В.","Estimated routing"
"Russia","Prokop'evsk","ИП Потанин А.М.","Estimated routing"
"Russia","Prokop'evsk","ИП Хусаинов Тагир Каюмович","Estimated routing"
"Russia","Prokop'evsk","МУП ГЭТ.","Estimated routing"
"Russia","Prokop'evsk","Междуреченское ГПАТП Кемеровской области","Estimated routing"
"Russia","Prokop'evsk","Новокузнецкое ПАТП 1","Estimated routing"
"Russia","Prokop'evsk","ОАО «РЖД» (АО «Кузбасс-Пригород»)","Estimated routing"
"Russia","Prokop'evsk","ООО Любимый город","Estimated routing"
"Russia","Prokop'evsk","ООО НСК-Авто ООО СибАвто","Estimated routing"
"Russia","Prokop'evsk","ООО СибАвто ООО НСК-Авто","Estimated routing"
"Russia","Prokop'evsk","ООО Томскавтоэкспресс","Estimated routing"
"Russia","Prokop'evsk","Прокопьевское ГПАТП КО","Estimated routing"
"Russia","Prokop'evsk","Прокопьевское ГПАТП КО филиал Киселёвская автоколонна","Estimated routing"
"Russia","Prokop'evsk","Трамвайное управление","Estimated routing"
"Russia","Pskov","Transit agency (Pskov)","Estimated routing"
"Russia","Pskov","Transit agency (Saint-Petersburg)","Estimated routing"
"Russia","Pskov","АО «Федеральная пассажирская компания»","Estimated routing"
"Russia","Pskov","Автофаворит","Estimated routing"
"Russia","Pskov","ГППО Псковпассажиравтотранс","Estimated routing"
"Russia","Pskov","ГППО Псковпассажиравтотранс АО Эсвил Рейсид","Estimated routing"
"Russia","Pskov","ГППО Псковпассажравтотранс","Estimated routing"
"Russia","Pskov","ГППО Славяне (филиал Великолукский)","Estimated routing"
"Russia","Pskov","ГППО Славяне (филиал Локнянский)","Estimated routing"
"Russia","Pskov","Гдовский филиал ГППО Псковпассажиравтотранс","Estimated routing"
"Russia","Pskov","Государственное предприятие Псковской области Псковпассажиравтотранс","Estimated routing"
"Russia","Pskov","Дирекция скоростного сообщения – филиал ОАО «РЖД» (ДОСС)","Estimated routing"
"Russia","Pskov","ИП Москвин А.П. Анисимов А. А.","Estimated routing"
"Russia","Pskov","ИП Носов В.М.","Estimated routing"
"Russia","Pskov","ИП Шорохова В.В.","Estimated routing"
"Russia","Pskov","Новоржевский филиал ГППО Псковпассажиравтотранс","Estimated routing"
"Russia","Pskov","ОАО «РЖД» (АО «Северо-Западная пригородная пассажирская компания»)","Estimated routing"
"Russia","Pskov","ООО Автэкс","Estimated routing"
"Russia","Pskov","ООО Алюр-Авто","Estimated routing"
"Russia","Pskov","ООО Легат","Estimated routing"
"Russia","Pskov","ООО Нива-Транс (г.Печоры)","Estimated routing"
"Russia","Pskov","ООО СКСавто ИП Кулик В.В.","Estimated routing"
"Russia","Pskov","Псковпассажиравтотранс","Estimated routing"
"Russia","Pskov","Пушкиногорский филиал ГППО Псковпассажиравтотранс","Estimated routing"
"Russia","Pskov","СПб ГУП Пассажиравтотранс","Estimated routing"
"Russia","Pyatigorsk","Transit agency (Grozny )","Estimated routing"
"Russia","Pyatigorsk","Transit agency (Pyatigorsk)","Estimated routing"
"Russia","Pyatigorsk","АО «Федеральная пассажирская компания»","Estimated routing"
"Russia","Pyatigorsk","АО ААК Кавказтранс","Estimated routing"
"Russia","Pyatigorsk","АО Погат","Estimated routing"
"Russia","Pyatigorsk","АО РЖД/АО ФПК","Estimated routing"
"Russia","Pyatigorsk","АО РЖД/АО Федеральная пассажирская компания","Estimated routing"
"Russia","Pyatigorsk","АО ТК Гранд Сервис Экспресс (Таврия)","Estimated routing"
"Russia","Pyatigorsk","АО Федеральная пассажирская компания","Estimated routing"
"Russia","Pyatigorsk","ИП Белицкая Е.В. и другие","Estimated routing"
"Russia","Pyatigorsk","ИП Толстов В.В.","Estimated routing"
"Russia","Pyatigorsk","ИП Торосян Г.Г.","Estimated routing"
"Russia","Pyatigorsk","ИП Швецова М.Ф.","Estimated routing"
"Russia","Pyatigorsk","МУП Автоколонна 2066 ООО Пятигорск-Экспресс ООО ЦТО Кавказская компания","Estimated routing"
"Russia","Pyatigorsk","МУП Автоколонна № 2066","Estimated routing"
"Russia","Pyatigorsk","МУП Городской электрический транспорт","Estimated routing"
"Russia","Pyatigorsk","МУП Пятигорскпассажиравтотранс","Estimated routing"
"Russia","Pyatigorsk","МУП Пятигорскпассажиравтотранс АО ААК Кавказтранс","Estimated routing"
"Russia","Pyatigorsk","МУП Пятигорскпассажиравтотранс ИП Восканян М.Б. ИП Рахманова А.Ю. ИП Гладько Д.Б.","Estimated routing"
"Russia","Pyatigorsk","МУП Пятигорскпассажиравтотранс ООО Пятигорск-Экспресс","Estimated routing"
"Russia","Pyatigorsk","ОАО «РЖД» (АО «Северо-Кавказская пригородная пассажирская компания»)","Estimated routing"
"Russia","Pyatigorsk","ОАО «РЖД»/АО «Северо-Кавказская пригородная пассажирская компания»","Estimated routing"
"Russia","Pyatigorsk","ОАО «РЖД»/АО «Северо-Кавказская пригородная пассажирская компания»)","Estimated routing"
"Russia","Pyatigorsk","ОАО ПАКС","Estimated routing"
"Russia","Pyatigorsk","ОАО Погат ООО ЦТО Кавказская Компания ИП Гладько","Estimated routing"
"Russia","Pyatigorsk","ОАО Пятигорскавтокомсервис","Estimated routing"
"Russia","Pyatigorsk","ОАО Пятигорскавтокомсервис ООО Авто-Транс+","Estimated routing"
"Russia","Pyatigorsk","ОАО РЖД/АО ФПК","Estimated routing"
"Russia","Pyatigorsk","ООО Автолайн г. Зверево","Estimated routing"
"Russia","Pyatigorsk","ООО Волгодонское ПАТП-1","Estimated routing"
"Russia","Pyatigorsk","ООО Кавказ Лайн","Estimated routing"
"Russia","Pyatigorsk","ООО Кооптранс","Estimated routing"
"Russia","Pyatigorsk","ООО Минводы-Авто","Estimated routing"
"Russia","Pyatigorsk","ООО Огъурлу-жол","Estimated routing"
"Russia","Pyatigorsk","ООО Паскомсервис","Estimated routing"
"Russia","Pyatigorsk","ООО Пассажиравтотранс","Estimated routing"
"Russia","Pyatigorsk","ООО СКТК","Estimated routing"
"Russia","Pyatigorsk","ООО Транссервис Нальчик","Estimated routing"
"Russia","Pyatigorsk","ООО ЦТО Кавказская компания","Estimated routing"
"Russia","Rostov-on-Don","Selgros","Estimated routing"
"Russia","Rostov-on-Don","Transit agency (Anapa)","Estimated routing"
"Russia","Rostov-on-Don","Transit agency (Gukovo)","Estimated routing"
"Russia","Rostov-on-Don","Transit agency (Novoshakhtinsk)","Estimated routing"
"Russia","Rostov-on-Don","Transit agency (Rostov-on-Don)","Estimated routing"
"Russia","Rostov-on-Don","Transit agency (Volgograd)","Estimated routing"
"Russia","Rostov-on-Don","АО «Федеральная пассажирская компания»","Estimated routing"
"Russia","Rostov-on-Don","АО АТП #5","Estimated routing"
"Russia","Rostov-on-Don","АО АТП-5","Estimated routing"
"Russia","Rostov-on-Don","АО Гранд Сервис Экспресс","Estimated routing"
"Russia","Rostov-on-Don","АО Дербентское ПАТП","Estimated routing"
"Russia","Rostov-on-Don","АО Крымское АТП","Estimated routing"
"Russia","Rostov-on-Don","АО РЖД/АО ФПК","Estimated routing"
"Russia","Rostov-on-Don","АО РЖД/АО Федеральная пассажирская компания","Estimated routing"
"Russia","Rostov-on-Don","АО ТК Гранд Сервис Экспресс","Estimated routing"
"Russia","Rostov-on-Don","АО Федеральная пассажирская компания","Estimated routing"
"Russia","Rostov-on-Don","Автоколонна №1491","Estimated routing"
"Russia","Rostov-on-Don","Ашан","Estimated routing"
"Russia","Rostov-on-Don","Беларуская Чыгунка","Estimated routing"
"Russia","Rostov-on-Don","ИП Задурний А.А.","Estimated routing"
"Russia","Rostov-on-Don","ИП Калинин А.Н.","Estimated routing"
"Russia","Rostov-on-Don","ИП Кихтев Максим Александрович","Estimated routing"
"Russia","Rostov-on-Don","ИП Пономарь Евгений Петрович","Estimated routing"
"Russia","Rostov-on-Don","ИП Таргонский Ю.Б.","Estimated routing"
"Russia","Rostov-on-Don","ИП Терновых И.П.","Estimated routing"
"Russia","Rostov-on-Don","МУП РТК","Estimated routing"
"Russia","Rostov-on-Don","МУП Ростовская Транспортная Компания","Estimated routing"
"Russia","Rostov-on-Don","ОАО «РЖД» («Северо-Кавказская пригородная пассажирская компания»)","Estimated routing"
"Russia","Rostov-on-Don","ОАО «РЖД»/«Северо-Кавказская пригородная пассажирская компания»","Estimated routing"
"Russia","Rostov-on-Don","ОАО «РЖД»/АО «Северо-Кавказская пригородная пассажирская компания»","Estimated routing"
"Russia","Rostov-on-Don","ОАО Батайское АТП-1","Estimated routing"
"Russia","Rostov-on-Don","ОАО Крымское АТП","Estimated routing"
"Russia","Rostov-on-Don","ОАО Махачкалинская АК 1736 ООО НПП","Estimated routing"
"Russia","Rostov-on-Don","ОАО РЖД/АО Северо-Кавказская пассажирская пригородная компания","Estimated routing"
"Russia","Rostov-on-Don","ОАО РЖД/АО Северо-Кавказская пригородная пассажирская компания","Estimated routing"
"Russia","Rostov-on-Don","ОАО РЖД/АО ФПК","Estimated routing"
"Russia","Rostov-on-Don","ОАО РЖД/АО Федеральная пассажирская компания","Estimated routing"
"Russia","Rostov-on-Don","ООО Автоколонна #1559","Estimated routing"
"Russia","Rostov-on-Don","ООО Автоколонна № 1559","Estimated routing"
"Russia","Rostov-on-Don","ООО Автоколонна №1559","Estimated routing"
"Russia","Rostov-on-Don","ООО Автоколонна №1559 ООО Кварта-1","Estimated routing"
"Russia","Rostov-on-Don","ООО Автолайн (г. Зверево)","Estimated routing"
"Russia","Rostov-on-Don","ООО Автолайн г. Зверево","Estimated routing"
"Russia","Rostov-on-Don","ООО Автолайн г. Зверево","Estimated routing"
"Russia","Rostov-on-Don","ООО Агаттрансавто ИП Федотова Е.П.","Estimated routing"
"Russia","Rostov-on-Don","ООО Азовавтотранс","Estimated routing"
"Russia","Rostov-on-Don","ООО Аксай-Авто","Estimated routing"
"Russia","Rostov-on-Don","ООО Аксай-авто","Estimated routing"
"Russia","Rostov-on-Don","ООО Вешенское АТП","Estimated routing"
"Russia","Rostov-on-Don","ООО Волго Дон ООО Волгодонское ПАТП-1","Estimated routing"
"Russia","Rostov-on-Don","ООО Волго Дон ООО Волгодонское ПАТП-1 ООО Волгодонское ПАТП-2 ООО РостовДонАвто","Estimated routing"
"Russia","Rostov-on-Don","ООО Волго-Дон","Estimated routing"
"Russia","Rostov-on-Don","ООО Волгодонское ПАТП-1","Estimated routing"
"Russia","Rostov-on-Don","ООО Волгодонское ПАТП-1 ООО Волгодонское ПАТП-2","Estimated routing"
"Russia","Rostov-on-Don","ООО Волгодонское ПАТП-2","Estimated routing"
"Russia","Rostov-on-Don","ООО Гелиосстрой","Estimated routing"
"Russia","Rostov-on-Don","ООО ИПОПАТ-Юг","Estimated routing"
"Russia","Rostov-on-Don","ООО Интертехсервис","Estimated routing"
"Russia","Rostov-on-Don","ООО Кавказ Лайн","Estimated routing"
"Russia","Rostov-on-Don","ООО Карат","Estimated routing"
"Russia","Rostov-on-Don","ООО Кварта","Estimated routing"
"Russia","Rostov-on-Don","ООО Кварта-1","Estimated routing"
"Russia","Rostov-on-Don","ООО Круг 98","Estimated routing"
"Russia","Rostov-on-Don","ООО ЛегионАвтоТранс","Estimated routing"
"Russia","Rostov-on-Don","ООО Нейс-Трансфер","Estimated routing"
"Russia","Rostov-on-Don","ООО Ника-Тур","Estimated routing"
"Russia","Rostov-on-Don","ООО Оптиум","Estimated routing"
"Russia","Rostov-on-Don","ООО Павловсклогистик","Estimated routing"
"Russia","Rostov-on-Don","ООО Пассажиргортранс","Estimated routing"
"Russia","Rostov-on-Don","ООО РостовДонАвто","Estimated routing"
"Russia","Rostov-on-Don","ООО СУЛИНАВТОТРАНС","Estimated routing"
"Russia","Rostov-on-Don","ООО ТК Автолайн","Estimated routing"
"Russia","Rostov-on-Don","ООО ТК ГАЗЕЛЬ","Estimated routing"
"Russia","Rostov-on-Don","ООО Такси","Estimated routing"
"Russia","Rostov-on-Don","ООО ТрансЭкспорт","Estimated routing"
"Russia","Rostov-on-Don","ООО Экспресссервис","Estimated routing"
"Russia","Rostov-on-Don","ООО ЮТК Крым","Estimated routing"
"Russia","Rostov-on-Don","ООО Юг Транс Сервис","Estimated routing"
"Russia","Rostov-on-Don","ООО Южная Пассажирская Компания ООО Янтарь-1 АО АТП #5","Estimated routing"
"Russia","Rostov-on-Don","ООО Южная Транспортная Компания","Estimated routing"
"Russia","Rostov-on-Don","ООО Янтарь 1","Estimated routing"
"Russia","Rostov-on-Don","ООО Янтарь-1","Estimated routing"
"Russia","Rostov-on-Don","ООО Янтарь-1 Автоколонна-1","Estimated routing"
"Russia","Rostov-on-Don","Филиал № 5 МУП МТК Ростовпассажиртранс","Estimated routing"
"Russia","Rostov-on-Don","Филиал №5 МУП МТК Ростовпассажиртранс","Estimated routing"
"Russia","Rostov-on-Don","Филиал №6 МУП МТК Ростовпассажиртранс","Estimated routing"
"Russia","Ryazan","Transit agency (Ryazan)","Estimated routing"
"Russia","Ryazan","АО «Федеральная пассажирская компания»","Estimated routing"
"Russia","Ryazan","АО Мострансавто (МАП №2 - Луховицкое ПАТП)","Estimated routing"
"Russia","Ryazan","АО Мострансавто (Шатурское ПАТП)","Estimated routing"
"Russia","Ryazan","АО РЖД/АО ФПК","Estimated routing"
"Russia","Ryazan","АО ТК Гранд Сервис Экспресс","Estimated routing"
"Russia","Ryazan","АО Федеральная пассажирская компания","Estimated routing"
"Russia","Ryazan","ИП Абьян А.Л.","Estimated routing"
"Russia","Ryazan","ИП Большаков Олег Николаевич","Estimated routing"
"Russia","Ryazan","ИП Гаврикова Наталья Львовна ИП Евтихина Светлана Ивановна","Estimated routing"
"Russia","Ryazan","ИП Гаврикова и ООО АгроТрансСервис","Estimated routing"
"Russia","Ryazan","ИП Глебов А.П.","Estimated routing"
"Russia","Ryazan","ИП Глебов Алексей Петрович","Estimated routing"
"Russia","Ryazan","ИП Дубенский А.В.","Estimated routing"
"Russia","Ryazan","ИП Евтихина","Estimated routing"
"Russia","Ryazan","ИП Евтихина ИП Сидорова","Estimated routing"
"Russia","Ryazan","ИП Евтихина С.И.","Estimated routing"
"Russia","Ryazan","ИП Журавлева Наталья Васильевна","Estimated routing"
"Russia","Ryazan","ИП Захаркина Ю.В. ИП Евтихина С.И.","Estimated routing"
"Russia","Ryazan","ИП Захаркина Ю.В. ИП Савинков В.В. ИП Ерошин С.Н.","Estimated routing"
"Russia","Ryazan","ИП Захаркина Ю.В. ИП Семенов С.Н.","Estimated routing"
"Russia","Ryazan","ИП Захарова Оксана Борисовна","Estimated routing"
"Russia","Ryazan","ИП Калошина Е.В.","Estimated routing"
"Russia","Ryazan","ИП Карев В.В.","Estimated routing"
"Russia","Ryazan","ИП Карташов О.А. и другие","Estimated routing"
"Russia","Ryazan","ИП Кочарян А.Э.","Estimated routing"
"Russia","Ryazan","ИП Крайнева Ю.С.","Estimated routing"
"Russia","Ryazan","ИП Кульпинов В.Ю.","Estimated routing"
"Russia","Ryazan","ИП Лазарева В.В","Estimated routing"
"Russia","Ryazan","ИП Марков В.А.","Estimated routing"
"Russia","Ryazan","ИП Мартынова Н.В.","Estimated routing"
"Russia","Ryazan","ИП Попова Елена Анатольевна","Estimated routing"
"Russia","Ryazan","ИП Пряхина Ю.А.","Estimated routing"
"Russia","Ryazan","ИП Рюмина Л.Н.","Estimated routing"
"Russia","Ryazan","ИП Савинков В.В.","Estimated routing"
"Russia","Ryazan","ИП Сережин Сергей Иванович ИП Захаркина Юлия Валериевна ИП Пряхина Юлия Александровна","Estimated routing"
"Russia","Ryazan","ИП Сильняков А.А.","Estimated routing"
"Russia","Ryazan","ИП Филаткин А.В.","Estimated routing"
"Russia","Ryazan","ИП Чугунов М.В.","Estimated routing"
"Russia","Ryazan","МАП №2 АО Мострансавто (а/к 1417 г.Коломна)","Estimated routing"
"Russia","Ryazan","МУП АК 1310","Estimated routing"
"Russia","Ryazan","МУП Управление Рязанского троллейбуса","Estimated routing"
"Russia","Ryazan","МУП Управление Рязанского троллейбуса (Троллейбусное депо № 3)","Estimated routing"
"Russia","Ryazan","МУП Управление Рязанского троллейбуса (Троллейбусное депо №2 3)","Estimated routing"
"Russia","Ryazan","МУП Управление Рязанского троллейбуса (Троллейбусное депо №2)","Estimated routing"
"Russia","Ryazan","МУП Управление рязанского троллейбуса","Estimated routing"
"Russia","Ryazan","МУП города Рязани «Управление Рязанского троллейбуса»","Estimated routing"
"Russia","Ryazan","МУП города Рязани Рязанская автоколонна № 1310","Estimated routing"
"Russia","Ryazan","МУП города Рязани Управление Рязанского троллейбуса","Estimated routing"
"Russia","Ryazan","МУП города Рязани Управление рязанского троллейбуса","Estimated routing"
"Russia","Ryazan","ОАО «РЖД» (АО «Центральная пригородная пассажирская компания»)","Estimated routing"
"Russia","Ryazan","ОАО Муромское ПАТП","Estimated routing"
"Russia","Ryazan","ОАО РЖД/АО «Федеральная пассажирская компания»","Estimated routing"
"Russia","Ryazan","ОАО РЖД/АО Федеральная пассажирская компания","Estimated routing"
"Russia","Ryazan","ОАО Сапожковское АТП","Estimated routing"
"Russia","Ryazan","ООО «Альфа Транс»","Estimated routing"
"Russia","Ryazan","ООО «Альфа Транс» ИП Кочарян А.Э.","Estimated routing"
"Russia","Ryazan","ООО АТП-3","Estimated routing"
"Russia","Ryazan","ООО АвтоКлубРязани","Estimated routing"
"Russia","Ryazan","ООО АгроТрансСервис","Estimated routing"
"Russia","Ryazan","ООО Альянс-Авто","Estimated routing"
"Russia","Ryazan","ООО Касимовское ПОАТ-3","Estimated routing"
"Russia","Ryazan","ООО Междугородные пассажирские перевозки","Estimated routing"
"Russia","Ryazan","ООО Междугородные пассажирские перевозки ИП Шарий Е.М.","Estimated routing"
"Russia","Ryazan","ООО Междугородные пассажирские перевозки ООО Касим.ПОАТ3","Estimated routing"
"Russia","Ryazan","ООО Моршанское АТП","Estimated routing"
"Russia","Ryazan","ООО РПАП 3","Estimated routing"
"Russia","Ryazan","ООО РязаньПассажирТранс ИП Евтихина Светлана Ивановна","Estimated routing"
"Russia","Ryazan","ООО РязаньПассажирТранс ИП Цуркан В.Г.","Estimated routing"
"Russia","Ryazan","ООО Рязаньтрансавто","Estimated routing"
"Russia","Ryazan","ООО Рязаньтрансавто I","Estimated routing"
"Russia","Ryazan","ООО Рязаньтрансавто II ООО Рязаньтрансавто V","Estimated routing"
"Russia","Ryazan","ООО Рязаньтрансавто III","Estimated routing"
"Russia","Ryazan","ООО Рязаньтрансавто IV ООО Рязаньтрансавто XIII ИП Терехин Игорь Васильевич","Estimated routing"
"Russia","Ryazan","ООО Рязаньтрансавто VI","Estimated routing"
"Russia","Ryazan","ООО Рязаньтрансавто VIII ИП Евтихина Светлана Ивановна ИП Кудрина Ирина Михайловна","Estimated routing"
"Russia","Ryazan","ООО Рязаньтрансавто X ООО Рязаньтрансавто IX ИП Анисимов Сергей Юрьевич","Estimated routing"
"Russia","Ryazan","ООО Рязаньтрансавто XI","Estimated routing"
"Russia","Ryazan","ООО Рязаньтрансавто |","Estimated routing"
"Russia","Ryazan","ООО Рязаньтрансавто Х","Estimated routing"
"Russia","Ryazan","ООО Славянский экспресс","Estimated routing"
"Russia","Ryazan","ООО ТК Властелин","Estimated routing"
"Russia","Ryazan","ООО Таксавто ИП Нагорнов Сергей Дмитриевич ИП Гирина Татьяна Алексеевна","Estimated routing"
"Russia","Ryazan","ТЦ Глобус","Estimated routing"
"Russia","Rybinskiy rayon","Transit agency (Breytovo)","Estimated routing"
"Russia","Rybinskiy rayon","Transit agency (Rybinsk)","Estimated routing"
"Russia","Rybinskiy rayon","АО «Федеральная пассажирская компания»","Estimated routing"
"Russia","Rybinskiy rayon","АО Федеральная пассажирская компания","Estimated routing"
"Russia","Rybinskiy rayon","АО Ярославское АТП (Рыбинский филиал)","Estimated routing"
"Russia","Rybinskiy rayon","АО Ярославское АТП (Рыбинский¹ и Пошехонский² филиалы)","Estimated routing"
"Russia","Rybinskiy rayon","ГП ЯО Ярославское АТП","Estimated routing"
"Russia","Rybinskiy rayon","ГП ЯО Ярославское АТП (Рыбинский¹ и Пошехонский² филиалы)","Estimated routing"
"Russia","Rybinskiy rayon","ЗАО Бус Трэвел","Estimated routing"
"Russia","Rybinskiy rayon","ИП Матавкин А.В.","Estimated routing"
"Russia","Rybinskiy rayon","ИП Матавкин В.В.","Estimated routing"
"Russia","Rybinskiy rayon","ИП Тамаев В.А.","Estimated routing"
"Russia","Rybinskiy rayon","МУП Автоколонна 1456¹ ГП ЯО Ярославское АТП (Рыбинский филиал)²","Estimated routing"
"Russia","Rybinskiy rayon","ОАО «РЖД» (АО «Северная пригородная пассажирская компания»)","Estimated routing"
"Russia","Rybinskiy rayon","ОАО ПАТП-1","Estimated routing"
"Russia","Rybinskiy rayon","ОАО РПП","Estimated routing"
"Russia","Rybinskiy rayon","ОАО Рыбинские пассажирские первозки","Estimated routing"
"Russia","Rybinskiy rayon","ОАО Рыбинскэлектротранс","Estimated routing"
"Russia","Rybinskiy rayon","ОАО Ярославское ПАТП 3","Estimated routing"
"Russia","Rybinskiy rayon","ОАО Ярославское ПАТП №3¹ ГП ЯО Ярославское АТП (Рыбинский филиал)²","Estimated routing"
"Russia","Rybinskiy rayon","ООО АвтоМиг","Estimated routing"
"Russia","Rybinskiy rayon","ООО Автомиг","Estimated routing"
"Russia","Rybinskiy rayon","ООО Рыбинские пассажирские перевозки","Estimated routing"
"Russia","Rybinskiy rayon","ООО Рыбинское ПАТП №1","Estimated routing"
"Russia","Saint Petersburg","AMRON (автобус Ecolines)","Estimated routing"
"Russia","Saint Petersburg","CПб ГУП Пассажиравтотранс (Автобусный парк №5)","Estimated routing"
"Russia","Saint Petersburg","ECOLINES-RUS","Estimated routing"
"Russia","Saint Petersburg","Lux Express (AO EUROLINES)","Estimated routing"
"Russia","Saint Petersburg","Lux Express Estonia Ecolines Estonis EU Temptrans ООО Петербургская транспортная компания","Estimated routing"
"Russia","Saint Petersburg","Transit agency (Murino (Leningradskaya region))","Estimated routing"
"Russia","Saint Petersburg","Transit agency (Saint-Petersburg)","Estimated routing"
"Russia","Saint Petersburg","«Дирекция скоростного сообщения» ОАО РЖД","Estimated routing"
"Russia","Saint Petersburg","АО «Федеральная пассажирская компания»","Estimated routing"
"Russia","Saint Petersburg","АО Гранд Сервис Экспресс","Estimated routing"
"Russia","Saint Petersburg","АО Северо-Западная пригородная пассажирская компания","Estimated routing"
"Russia","Saint Petersburg","АО Северо-Западная пригородная пассажирская компания (АО СЗППК)","Estimated routing"
"Russia","Saint Petersburg","АО ТК Гранд Сервис Экспресс","Estimated routing"
"Russia","Saint Petersburg","АО Третий Парк (ГАТП-21)","Estimated routing"
"Russia","Saint Petersburg","АО Третий парк","Estimated routing"
"Russia","Saint Petersburg","АО Третий парк (площадка Белоостровская)","Estimated routing"
"Russia","Saint Petersburg","АО Третий парк (площадка ГАТП-21)","Estimated routing"
"Russia","Saint Petersburg","АО Третий парк (площадка Горская и площадка Зеленогорск)","Estimated routing"
"Russia","Saint Petersburg","АО Третий парк (площадка Горская)","Estimated routing"
"Russia","Saint Petersburg","АО Третий парк (площадка Зеленогорск)","Estimated routing"
"Russia","Saint Petersburg","АО Третий парк (субподряд от ООО Кондор)","Estimated routing"
"Russia","Saint Petersburg","АО Третий парк (субподряд от ООО Трансавто)","Estimated routing"
"Russia","Saint Petersburg","АО Третий парк (субподряд)","Estimated routing"
"Russia","Saint Petersburg","АО Федеральная пассажирская компания","Estimated routing"
"Russia","Saint Petersburg","Автофаворит","Estimated routing"
"Russia","Saint Petersburg","Беларуская чыгунка","Estimated routing"
"Russia","Saint Petersburg","ГППО Псковпассажравтотранс","Estimated routing"
"Russia","Saint Petersburg","ГУП Петербургский метрополитен","Estimated routing"
"Russia","Saint Petersburg","ГУП РК Карелавтотранс СПб ГУП Пассажиравтотранс","Estimated routing"
"Russia","Saint Petersburg","Дилижанс (г. Луга)","Estimated routing"
"Russia","Saint Petersburg","Дирекция скоростного сообщения - филиал ОАО «РЖД» (ДОСС)","Estimated routing"
"Russia","Saint Petersburg","Дирекция скоростного сообщения – филиал ОАО «РЖД» (ДОСС)","Estimated routing"
"Russia","Saint Petersburg","ЗАО Такси-2","Estimated routing"
"Russia","Saint Petersburg","ИП Аракелян С.С","Estimated routing"
"Russia","Saint Petersburg","ИП Будзинский Ю.В.","Estimated routing"
"Russia","Saint Petersburg","ИП Гиляев М.В.","Estimated routing"
"Russia","Saint Petersburg","ИП Кузьмин Александр Сергеевич","Estimated routing"
"Russia","Saint Petersburg","ИП Марков В.А.","Estimated routing"
"Russia","Saint Petersburg","ИП Погожая С.И.","Estimated routing"
"Russia","Saint Petersburg","ИП Румянцев В. Г.","Estimated routing"
"Russia","Saint Petersburg","ИП Трофимов А.М.","Estimated routing"
"Russia","Saint Petersburg","МТП Грузино","Estimated routing"
"Russia","Saint Petersburg","ОАО «РЖД»","Estimated routing"
"Russia","Saint Petersburg","ОАО «РЖД» («Дирекция скоростного сообщения»)","Estimated routing"
"Russia","Saint Petersburg","ОАО «РЖД» (АО «Дирекция скоростного сообщения»)","Estimated routing"
"Russia","Saint Petersburg","ОАО «РЖД» (АО «Северо-Западная пригородная пассажирская компания»)","Estimated routing"
"Russia","Saint Petersburg","ОАО «РЖД»/АО «ФПК»","Estimated routing"
"Russia","Saint Petersburg","ОАО АТП-31","Estimated routing"
"Russia","Saint Petersburg","ОАО АТП-31 (площадка Сабировская)","Estimated routing"
"Russia","Saint Petersburg","ОАО Лодавто","Estimated routing"
"Russia","Saint Petersburg","ОАО РЖД/АО ФПК","Estimated routing"
"Russia","Saint Petersburg","ОАО РЖД/АО Федеральная пассажирская компания","Estimated routing"
"Russia","Saint Petersburg","ООО 5 парк","Estimated routing"
"Russia","Saint Petersburg","ООО 5 парк ООО Сомерс","Estimated routing"
"Russia","Saint Petersburg","ООО АТП","Estimated routing"
"Russia","Saint Petersburg","ООО АТП Барс-2","Estimated routing"
"Russia","Saint Petersburg","ООО АТП Барс-2 (площадка Автобаза Турист)","Estimated routing"
"Russia","Saint Petersburg","ООО АТП Барс-2 (площадка Сертолово)","Estimated routing"
"Russia","Saint Petersburg","ООО АТП Барс-2 (площадка Сосновый Бор)","Estimated routing"
"Russia","Saint Petersburg","ООО АТП-Чагода СПб ГУП Пассажиравтотранс","Estimated routing"
"Russia","Saint Petersburg","ООО Авангард-Авто","Estimated routing"
"Russia","Saint Petersburg","ООО Авангард-Авто (ТК АВ-Групп)","Estimated routing"
"Russia","Saint Petersburg","ООО Аванти-Авто","Estimated routing"
"Russia","Saint Petersburg","ООО Автоалдис","Estimated routing"
"Russia","Saint Petersburg","ООО Автолайн","Estimated routing"
"Russia","Saint Petersburg","ООО Автотранспортные технологии","Estimated routing"
"Russia","Saint Petersburg","ООО Автофлот Автоколонна-1601","Estimated routing"
"Russia","Saint Petersburg","ООО БИРС","Estimated routing"
"Russia","Saint Petersburg","ООО Бас-Авто","Estimated routing"
"Russia","Saint Petersburg","ООО ВЕРА-ТРАНС","Estimated routing"
"Russia","Saint Petersburg","ООО Валуйская АК","Estimated routing"
"Russia","Saint Petersburg","ООО Вера-Транс","Estimated routing"
"Russia","Saint Petersburg","ООО Виртранс","Estimated routing"
"Russia","Saint Petersburg","ООО Виртранс ООО Виратон","Estimated routing"
"Russia","Saint Petersburg","ООО Вытегорское ПАТП ООО СКСавто","Estimated routing"
"Russia","Saint Petersburg","ООО Киришиавто","Estimated routing"
"Russia","Saint Petersburg","ООО Легат","Estimated routing"
"Russia","Saint Petersburg","ООО М.А.К.С.","Estimated routing"
"Russia","Saint Petersburg","ООО Межрегионтранс","Estimated routing"
"Russia","Saint Petersburg","ООО Мобил Трак Центр","Estimated routing"
"Russia","Saint Petersburg","ООО НеваТранс","Estimated routing"
"Russia","Saint Petersburg","ООО Невская линия","Estimated routing"
"Russia","Saint Petersburg","ООО Никкос","Estimated routing"
"Russia","Saint Petersburg","ООО ОнБас","Estimated routing"
"Russia","Saint Petersburg","ООО Оникс","Estimated routing"
"Russia","Saint Petersburg","ООО Организатор Междугородных Перевозок","Estimated routing"
"Russia","Saint Petersburg","ООО Организатор междугородных перевозок","Estimated routing"
"Russia","Saint Petersburg","ООО ПТК","Estimated routing"
"Russia","Saint Petersburg","ООО ПТК №1","Estimated routing"
"Russia","Saint Petersburg","ООО Пальмира","Estimated routing"
"Russia","Saint Petersburg","ООО Пальмира (АТП №17)","Estimated routing"
"Russia","Saint Petersburg","ООО Пальмира (автобаза Турист)","Estimated routing"
"Russia","Saint Petersburg","ООО Пассажиравтотранс","Estimated routing"
"Russia","Saint Petersburg","ООО Пассажиртранс","Estimated routing"
"Russia","Saint Petersburg","ООО Первая пассажирская компания","Estimated routing"
"Russia","Saint Petersburg","ООО Петербургская транспортная компания","Estimated routing"
"Russia","Saint Petersburg","ООО СКСавто","Estimated routing"
"Russia","Saint Petersburg","ООО СКСавто (ИП Кулик В.В.)","Estimated routing"
"Russia","Saint Petersburg","ООО СКСавто ИП Кулик В.В.","Estimated routing"
"Russia","Saint Petersburg","ООО Северо-Западные Линии Плюс ООО Петербургская транспортная компания","Estimated routing"
"Russia","Saint Petersburg","ООО ТКК","Estimated routing"
"Russia","Saint Petersburg","ООО Такси (площадка Ломоносов)","Estimated routing"
"Russia","Saint Petersburg","ООО Такси (площадка Фаянсовая)","Estimated routing"
"Russia","Saint Petersburg","ООО Такси (субподряд от ИП Цурцумия Е.Г.)","Estimated routing"
"Russia","Saint Petersburg","ООО Тверской Экспресс","Estimated routing"
"Russia","Saint Petersburg","ООО Транспортная концессионная компания","Estimated routing"
"Russia","Saint Petersburg","ООО Управление предприятиями СЛК","Estimated routing"
"Russia","Saint Petersburg","ООО Управление предприятиями СЛК (субподряд от ООО Пассажиртранс)","Estimated routing"
"Russia","Saint Petersburg","ООО Управление предприятиями СЛК (субподряд от ООО Трансавто)","Estimated routing"
"Russia","Saint Petersburg","ООО Фабус","Estimated routing"
"Russia","Saint Petersburg","ООО Форсаж","Estimated routing"
"Russia","Saint Petersburg","ООО Фрост","Estimated routing"
"Russia","Saint Petersburg","ООО Шпунт-Северо-Запад","Estimated routing"
"Russia","Saint Petersburg","ООО Шпунт-Северо-Запад ХТК Питеравто (ООО Питеравто площадка Салова)","Estimated routing"
"Russia","Saint Petersburg","ООО Экспресс-Авто","Estimated routing"
"Russia","Saint Petersburg","ООО транспортно-экспедиционная фирма АТЕК","Estimated routing"
"Russia","Saint Petersburg","СПб ГУП Горэлектротранс (ОСП СТТП и ОСП Троллейбусный парк №6)","Estimated routing"
"Russia","Saint Petersburg","СПб ГУП Горэлектротранс (ОСП Совмещённый трамвайно-троллейбусный парк)","Estimated routing"
"Russia","Saint Petersburg","СПб ГУП Горэлектротранс (ОСП Трамвайный парк №1)","Estimated routing"
"Russia","Saint Petersburg","СПб ГУП Горэлектротранс (ОСП Трамвайный парк №3 и ОСП Совмещённый трамвайно-троллейбусный парк)","Estimated routing"
"Russia","Saint Petersburg","СПб ГУП Горэлектротранс (ОСП Трамвайный парк №3 и ОСП Трамвайный парк №7)","Estimated routing"
"Russia","Saint Petersburg","СПб ГУП Горэлектротранс (ОСП Трамвайный парк №3)","Estimated routing"
"Russia","Saint Petersburg","СПб ГУП Горэлектротранс (ОСП Трамвайный парк №5 и ОСП Совмещённый трамвайно-троллейбусный парк)","Estimated routing"
"Russia","Saint Petersburg","СПб ГУП Горэлектротранс (ОСП Трамвайный парк №5)","Estimated routing"
"Russia","Saint Petersburg","СПб ГУП Горэлектротранс (ОСП Трамвайный парк №7)","Estimated routing"
"Russia","Saint Petersburg","СПб ГУП Горэлектротранс (ОСП Трамвайный парк №8)","Estimated routing"
"Russia","Saint Petersburg","СПб ГУП Горэлектротранс (ОСП Троллейбусный парк №1 и ОСП Троллейбусный парк №2)","Estimated routing"
"Russia","Saint Petersburg","СПб ГУП Горэлектротранс (ОСП Троллейбусный парк №1 и ОСП Троллейбусный парк №3)","Estimated routing"
"Russia","Saint Petersburg","СПб ГУП Горэлектротранс (ОСП Троллейбусный парк №1)","Estimated routing"
"Russia","Saint Petersburg","СПб ГУП Горэлектротранс (ОСП Троллейбусный парк №2 и ОСП СТТП)","Estimated routing"
"Russia","Saint Petersburg","СПб ГУП Горэлектротранс (ОСП Троллейбусный парк №2 и ОСП Троллейбусный парк №3)","Estimated routing"
"Russia","Saint Petersburg","СПб ГУП Горэлектротранс (ОСП Троллейбусный парк №2 и ОСП Троллейбусный парк №6)","Estimated routing"
"Russia","Saint Petersburg","СПб ГУП Горэлектротранс (ОСП Троллейбусный парк №2)","Estimated routing"
"Russia","Saint Petersburg","СПб ГУП Горэлектротранс (ОСП Троллейбусный парк №3 и ОСП Совмещённый трамвайно-троллейбусный парк)","Estimated routing"
"Russia","Saint Petersburg","СПб ГУП Горэлектротранс (ОСП Троллейбусный парк №3)","Estimated routing"
"Russia","Saint Petersburg","СПб ГУП Горэлектротранс (ОСП Троллейбусный парк №6)","Estimated routing"
"Russia","Saint Petersburg","СПб ГУП Пассажиравтотранс","Estimated routing"
"Russia","Saint Petersburg","СПб ГУП Пассажиравтотранс (Автобусный парк №1 и автобусный парк №5)","Estimated routing"
"Russia","Saint Petersburg","СПб ГУП Пассажиравтотранс (Автобусный парк №1)","Estimated routing"
"Russia","Saint Petersburg","СПб ГУП Пассажиравтотранс (Автобусный парк №2 и Автобусный парк №6)","Estimated routing"
"Russia","Saint Petersburg","СПб ГУП Пассажиравтотранс (Автобусный парк №2)","Estimated routing"
"Russia","Saint Petersburg","СПб ГУП Пассажиравтотранс (Автобусный парк №5)","Estimated routing"
"Russia","Saint Petersburg","СПб ГУП Пассажиравтотранс (Автобусный парк №6 и Автобусный парк №7)","Estimated routing"
"Russia","Saint Petersburg","СПб ГУП Пассажиравтотранс (Автобусный парк №6)","Estimated routing"
"Russia","Saint Petersburg","СПб ГУП Пассажиравтотранс (Автобусный парк №7)","Estimated routing"
"Russia","Saint Petersburg","СПб ГУП Пассажиравтотранс (Колпинский автобусный парк и Автобусный парк №7)","Estimated routing"
"Russia","Saint Petersburg","СПб ГУП Пассажиравтотранс (Колпинский автобусный парк)","Estimated routing"
"Russia","Saint Petersburg","СПб ГУП Пасссажиравтотранс (Автобусный парк №5)","Estimated routing"
"Russia","Saint Petersburg","СПб ГУП Пасссажиравтотранс (Автобусный парк №7 и Колпинский автобусный парк)","Estimated routing"
"Russia","Saint Petersburg","СПб ГУП Пасссажиравтотранс (Автобусный парк №7)","Estimated routing"
"Russia","Saint Petersburg","ТК Аверс","Estimated routing"
"Russia","Saint Petersburg","ТК Альтернатива","Estimated routing"
"Russia","Saint Petersburg","Устюженское МУ ПАТП","Estimated routing"
"Russia","Saint Petersburg","ХТК Питеравто","Estimated routing"
"Russia","Saint Petersburg","ХТК Питеравто (ООО Вест-Сервис площадка Гатчина)","Estimated routing"
"Russia","Saint Petersburg","ХТК Питеравто (ООО Вест-Сервис площадка Петергоф)","Estimated routing"
"Russia","Saint Petersburg","ХТК Питеравто (ООО Вест-Сервис площадка Пушкин)","Estimated routing"
"Russia","Saint Petersburg","ХТК Питеравто (ООО Вест-Сервис площадка Салова)","Estimated routing"
"Russia","Saint Petersburg","ХТК Питеравто (ООО Вест-Сервис площадка Тосно)","Estimated routing"
"Russia","Saint Petersburg","ХТК Питеравто (ООО Вест-Сервис площадка Энергетиков)","Estimated routing"
"Russia","Saint Petersburg","ХТК Питеравто (ООО Вест-Сервис площадка Энергетиков)","Estimated routing"
"Russia","Saint Petersburg","ХТК Питеравто (ООО ППК площадка Энергетиков)","Estimated routing"
"Russia","Saint Petersburg","ХТК Питеравто (ООО Питеравто плошадка Энергетиков)","Estimated routing"
"Russia","Saint Petersburg","ХТК Питеравто (ООО Питеравто площадка Петергоф)","Estimated routing"
"Russia","Saint Petersburg","ХТК Питеравто (ООО Питеравто площадка Пушкин)","Estimated routing"
"Russia","Saint Petersburg","ХТК Питеравто (ООО Питеравто площадка Салова)","Estimated routing"
"Russia","Saint Petersburg","ХТК Питеравто (ООО Питеравто площадка Энергетиков)","Estimated routing"
"Russia","Saint Petersburg","ХТК Питеравто (ООО Транс-Балт площадка Гатчина)","Estimated routing"
"Russia","Saint Petersburg","ХТК Питеравто (ООО Транс-Балт площадка Тосно)","Estimated routing"
"Russia","Salavat","Transit agency (Salavat)","Estimated routing"
"Russia","Salavat","ГУП Башавтотранс (Салаватское ПАТП)","Estimated routing"
"Russia","Salavat","ГУП Башавтотранс РБ","Estimated routing"
"Russia","Salavat","ИП Ахметов И.В.","Estimated routing"
"Russia","Salavat","ИП Сорокин С.В.","Estimated routing"
"Russia","Salavat","Красноусольское АТП филиал ГУП РБ Башавтотранс","Estimated routing"
"Russia","Salavat","МУП Трамвайное управление","Estimated routing"
"Russia","Salavat","Мелеузовское АТП","Estimated routing"
"Russia","Salavat","Мелеузовское АТП филиал ГУП РБ Башавтотранс","Estimated routing"
"Russia","Salavat","ОАО «РЖД» (АО «Башкортостанская пригородная пассажирская компания»)","Estimated routing"
"Russia","Salavat","ООО Автотранссервис","Estimated routing"
"Russia","Salavat","ООО БАЛ (ООО Башкирские Автомобильные Линии г. Уфа)","Estimated routing"
"Russia","Salavat","ООО Мондиаль","Estimated routing"
"Russia","Salavat","ООО ОТК-1 (ООО Оренбургская Транспортная Компания 1)","Estimated routing"
"Russia","Salavat","ООО ПАН-АВТО","Estimated routing"
"Russia","Salavat","Салаватское АТП филиал ГУП РБ Башавтотрэнс","Estimated routing"
"Russia","Salavat","Сибайское АТП филиал ГУП РБ Башавтотранс","Estimated routing"
"Russia","Salavat","Стерлитамакское ПАТП Салаватское АТП филиалы ГУП РБ Башавтотранс","Estimated routing"
"Russia","Salavat","Стерлитамакское ПАТП филиал ГУП.РБ Башавтотранс","Estimated routing"
"Russia","Salavat","Уфимское ПАТП-3 филиал ГУП РБ Башавтотранс","Estimated routing"
"Russia","Samara","Transit agency (Bogatoe)","Estimated routing"
"Russia","Samara","Transit agency (Borskoe)","Estimated routing"
"Russia","Samara","Transit agency (Buzuluk )","Estimated routing"
"Russia","Samara","Transit agency (Kinel)","Estimated routing"
"Russia","Samara","Transit agency (Koshki (Samara))","Estimated routing"
"Russia","Samara","Transit agency (Samara)","Estimated routing"
"Russia","Samara","Transit agency (Shentala)","Estimated routing"
"Russia","Samara","Transit agency (Tolyatti)","Estimated routing"
"Russia","Samara","Transit agency (Uralsk)","Estimated routing"
"Russia","Samara","Transit agency (Zhigulyovsk)","Estimated routing"
"Russia","Samara","АО «ЕКА» ИП Никитин Ю.И.","Estimated routing"
"Russia","Samara","АО «Федеральная пассажирская компания»","Estimated routing"
"Russia","Samara","АО Альметьевское ПОПАТ","Estimated routing"
"Russia","Samara","АО ЕКА","Estimated routing"
"Russia","Samara","АО ЕКА Западно-Казахстанский Автобусный парк","Estimated routing"
"Russia","Samara","АО ЕКА ИП Ерохин В.В.","Estimated routing"
"Russia","Samara","АО ЕКА ООО АвтоСтар","Estimated routing"
"Russia","Samara","АО ЕКА ТОО Экспресс","Estimated routing"
"Russia","Samara","АО Казанское ПАТП-1","Estimated routing"
"Russia","Samara","АО Казанское ПАТП-1 АО ЕКА","Estimated routing"
"Russia","Samara","АО РЖД/АО ФПК","Estimated routing"
"Russia","Samara","АО РЖД/АО Федеральная пассажирская компания","Estimated routing"
"Russia","Samara","АО ТК Гранд Сервис Экспресс","Estimated routing"
"Russia","Samara","АО Федеральная пассажирская компания","Estimated routing"
"Russia","Samara","ГК СамараАвтоГаз","Estimated routing"
"Russia","Samara","ГУП РБ Башавтотранс","Estimated routing"
"Russia","Samara","Городское и Кировское трамвайные депо МП ТТУ","Estimated routing"
"Russia","Samara","Городское трамвайное депо МП ТТУ","Estimated routing"
"Russia","Samara","ЗКАП АО ЕКА","Estimated routing"
"Russia","Samara","Западно-Казахстанский Автобусный парк","Estimated routing"
"Russia","Samara","ИП Абдуллаев М.Р.","Estimated routing"
"Russia","Samara","ИП Адрианов А.Ю.","Estimated routing"
"Russia","Samara","ИП Андрианов А.Ю.","Estimated routing"
"Russia","Samara","ИП Иванов В.А.","Estimated routing"
"Russia","Samara","ИП Козулина Е.Н.","Estimated routing"
"Russia","Samara","ИП Лаврентьева А.Я.","Estimated routing"
"Russia","Samara","ИП Новиков В.Н.","Estimated routing"
"Russia","Samara","ИП Садриев И.С.","Estimated routing"
"Russia","Samara","ИП Софин В.Н.","Estimated routing"
"Russia","Samara","ИП Сучкова Н.А. и другие","Estimated routing"
"Russia","Samara","ИП Трубачёв","Estimated routing"
"Russia","Samara","ИП Трубачёв А.Г.","Estimated routing"
"Russia","Samara","ИП Юсупов Д.Р.","Estimated routing"
"Russia","Samara","Кировское трамвайное депо МП ТТУ","Estimated routing"
"Russia","Samara","МП ТТУ (Городское и Кировское трамвайные депо)","Estimated routing"
"Russia","Samara","МП ТТУ (Городское и Северное трамвайные депо)","Estimated routing"
"Russia","Samara","МП ТТУ (Городское трамвайное депо)","Estimated routing"
"Russia","Samara","МП ТТУ (Депо № 3)","Estimated routing"
"Russia","Samara","МП ТТУ (Кировское и Северное трамвайные депо)","Estimated routing"
"Russia","Samara","МП ТТУ (Кировское трамвайное депо)","Estimated routing"
"Russia","Samara","МП ТТУ (Северное трамвайное депо)","Estimated routing"
"Russia","Samara","МП ТТУ (депо № 1 и 2)","Estimated routing"
"Russia","Samara","МП ТТУ (депо № 2)","Estimated routing"
"Russia","Samara","МП ТТУ Троллейбусное депо № 2","Estimated routing"
"Russia","Samara","МП г.о. Самара Самарский метрополитен","Estimated routing"
"Russia","Samara","МУП ТТУ Троллейбусное Депо #1","Estimated routing"
"Russia","Samara","ОАО «РЖД» (АО «Самарская пригородная пассажирская компания»)","Estimated routing"
"Russia","Samara","ОАО «РЖД» (АО «Самарская пригородная пассажирская компания»/АО «Свердловская пригородная пассажирская компания»)","Estimated routing"
"Russia","Samara","ОАО «РЖД»/АО «Самарская пригородная пассажирская компания»","Estimated routing"
"Russia","Samara","ОАО РЖД (АО «Самарская пригородная пассажирская компания»)","Estimated routing"
"Russia","Samara","ОАО РЖД (АО Самарская пригородная пассажирская компания)","Estimated routing"
"Russia","Samara","ОАО РЖД/АО «Федеральная пассажирская компания»","Estimated routing"
"Russia","Samara","ОАО РЖД/АО ДОСС","Estimated routing"
"Russia","Samara","ОАО СамараАвтоГаз","Estimated routing"
"Russia","Samara","ООО Cамара Авто Газ","Estimated routing"
"Russia","Samara","ООО АТП Волга","Estimated routing"
"Russia","Samara","ООО Авто-Консалт","Estimated routing"
"Russia","Samara","ООО Авто-транс","Estimated routing"
"Russia","Samara","ООО АвтоПрофи","Estimated routing"
"Russia","Samara","ООО АвтоСтар","Estimated routing"
"Russia","Samara","ООО АвтоСтар АО ЕКА","Estimated routing"
"Russia","Samara","ООО Альянс-Авто","Estimated routing"
"Russia","Samara","ООО Арсенал","Estimated routing"
"Russia","Samara","ООО Аэробус ООО Азимут","Estimated routing"
"Russia","Samara","ООО Билайнер","Estimated routing"
"Russia","Samara","ООО Билайнер.","Estimated routing"
"Russia","Samara","ООО Бугульминское АТП","Estimated routing"
"Russia","Samara","ООО Вектор","Estimated routing"
"Russia","Samara","ООО Городской Экспресс","Estimated routing"
"Russia","Samara","ООО Городской экспресс","Estimated routing"
"Russia","Samara","ООО ГрандСервис","Estimated routing"
"Russia","Samara","ООО Империал-Авто","Estimated routing"
"Russia","Samara","ООО Лидеравто","Estimated routing"
"Russia","Samara","ООО ЛогистикаСервис","Estimated routing"
"Russia","Samara","ООО МИР","Estimated routing"
"Russia","Samara","ООО Менеджмент Прожект","Estimated routing"
"Russia","Samara","ООО МиМ ООО ГрандСервис","Estimated routing"
"Russia","Samara","ООО Нижнекамское ПАТП-1","Estimated routing"
"Russia","Samara","ООО ПИОНЕР ИП Файрушин Ф.И.","Estimated routing"
"Russia","Samara","ООО РЕЙС","Estimated routing"
"Russia","Samara","ООО Рейс","Estimated routing"
"Russia","Samara","ООО СРПП","Estimated routing"
"Russia","Samara","ООО Самара Авто Газ","Estimated routing"
"Russia","Samara","ООО Самара Авто Газ.","Estimated routing"
"Russia","Samara","ООО СамараАвтоГаз","Estimated routing"
"Russia","Samara","ООО СамараАвтоГаз.","Estimated routing"
"Russia","Samara","ООО Самарское речное пассажирское предприятие","Estimated routing"
"Russia","Samara","ООО Сервис","Estimated routing"
"Russia","Samara","ООО Скорость","Estimated routing"
"Russia","Samara","ООО Спутник","Estimated routing"
"Russia","Samara","ООО Транзит","Estimated routing"
"Russia","Samara","ООО Транскомсервис","Estimated routing"
"Russia","Samara","ООО Шоссе","Estimated routing"
"Russia","Samara","ООО Шоссе ООО Аэробус","Estimated routing"
"Russia","Samara","ООО Штурвал","Estimated routing"
"Russia","Samara","Троллейбусное депо № 1 МП ТТУ","Estimated routing"
"Russia","Samara","Троллейбусное депо № 2 МП ТТУ","Estimated routing"
"Russia","Samara","Троллейбусное депо № 3 МП ТТУ","Estimated routing"
"Russia","Samara","Троллейбусное депо №3 МП ТТУ","Estimated routing"
"Russia","Samara","Троллейбусные депо № 1 и 2 МП ТТУ","Estimated routing"
"Russia","Samara","Троллейбусные депо № 1 и 3 МП ТТУ","Estimated routing"
"Russia","Saratov","508 - АО ВПАТП-3 660 - ИП Гусейнов А.С.О.","Estimated routing"
"Russia","Saratov","EURASIA TOUR","Estimated routing"
"Russia","Saratov","Transit agency (Marks)","Estimated routing"
"Russia","Saratov","Transit agency (Saratov)","Estimated routing"
"Russia","Saratov","АО «Федеральная пассажирская компания»","Estimated routing"
"Russia","Saratov","АО Автоколонна #40","Estimated routing"
"Russia","Saratov","АО Автокомбинат-2","Estimated routing"
"Russia","Saratov","АО Ершовское АТП","Estimated routing"
"Russia","Saratov","АО Межгородтранс","Estimated routing"
"Russia","Saratov","АО ПАТО #1","Estimated routing"
"Russia","Saratov","АО Пассажиртранс-1","Estimated routing"
"Russia","Saratov","АО РЖД/АО ФПК","Estimated routing"
"Russia","Saratov","АО РЖД/АО Федеральная пассажирская компания","Estimated routing"
"Russia","Saratov","АО ТК Гранд Сервис Экспресс","Estimated routing"
"Russia","Saratov","АО Федеральная пассажирская компания","Estimated routing"
"Russia","Saratov","АО Хвалынское АТП","Estimated routing"
"Russia","Saratov","Автокомбинат-2","Estimated routing"
"Russia","Saratov","Заводское трамвайное депо","Estimated routing"
"Russia","Saratov","ИП Абдуллаев М.Р.","Estimated routing"
"Russia","Saratov","ИП Аверкиев А.А.","Estimated routing"
"Russia","Saratov","ИП Аверкиев Александр Анатольевич","Estimated routing"
"Russia","Saratov","ИП Ахметов М.Р.","Estimated routing"
"Russia","Saratov","ИП Белицкая Е.В. и другие","Estimated routing"
"Russia","Saratov","ИП Бикбаев Д.К.","Estimated routing"
"Russia","Saratov","ИП Воробьев Д.А.","Estimated routing"
"Russia","Saratov","ИП Воробьев Дмитрий Анатольевич","Estimated routing"
"Russia","Saratov","ИП Ворыпаев А.Н.","Estimated routing"
"Russia","Saratov","ИП Ворыпаев Алексей Николаевич","Estimated routing"
"Russia","Saratov","ИП Гаджиев Д.А.","Estimated routing"
"Russia","Saratov","ИП Губарев Алексей Валентинович","Estimated routing"
"Russia","Saratov","ИП Гусейнов А.С.","Estimated routing"
"Russia","Saratov","ИП Гусейнов А.С.О. и другие","Estimated routing"
"Russia","Saratov","ИП Дадаев С. ИП Джабиев А.Х.","Estimated routing"
"Russia","Saratov","ИП Данилов А.В.","Estimated routing"
"Russia","Saratov","ИП Данилова Алиса Андреевна","Estimated routing"
"Russia","Saratov","ИП Деньжаков И.В.","Estimated routing"
"Russia","Saratov","ИП Зверев П.В.","Estimated routing"
"Russia","Saratov","ИП Казуров А.С.","Estimated routing"
"Russia","Saratov","ИП Куликов Е.А. и другие","Estimated routing"
"Russia","Saratov","ИП Лазарева В.В","Estimated routing"
"Russia","Saratov","ИП Лисин Олег Викторович","Estimated routing"
"Russia","Saratov","ИП Маркин Сергей Николаевич","Estimated routing"
"Russia","Saratov","ИП Мусатова О.В.","Estimated routing"
"Russia","Saratov","ИП Мусатова Оксана Валериевна","Estimated routing"
"Russia","Saratov","ИП Новиков М.В.","Estimated routing"
"Russia","Saratov","ИП Ольхов С.Я.","Estimated routing"
"Russia","Saratov","ИП Орлов И.П.","Estimated routing"
"Russia","Saratov","ИП Паршин В.М.","Estimated routing"
"Russia","Saratov","ИП Паршин Василий Михайлович","Estimated routing"
"Russia","Saratov","ИП Паршин Денис Васильевич","Estimated routing"
"Russia","Saratov","ИП Расторгуев А.С.","Estimated routing"
"Russia","Saratov","ИП Рыбина А.А.","Estimated routing"
"Russia","Saratov","ИП Семёнова Т.А.","Estimated routing"
"Russia","Saratov","ИП Скворцова Елена Михайловна","Estimated routing"
"Russia","Saratov","ИП Смирнова Е.В.","Estimated routing"
"Russia","Saratov","ИП Смирнова Е.В. и другие","Estimated routing"
"Russia","Saratov","ИП Спиридонова А.Х.","Estimated routing"
"Russia","Saratov","ИП Сучкова Н.А. и другие","Estimated routing"
"Russia","Saratov","ИП Черкасова Наталья Николаевна","Estimated routing"
"Russia","Saratov","ИП Чернов Борис Александрович","Estimated routing"
"Russia","Saratov","ИП Шанин Е.В.","Estimated routing"
"Russia","Saratov","ИП Шарий Е.М.","Estimated routing"
"Russia","Saratov","ИП Штыркова Л.А.","Estimated routing"
"Russia","Saratov","ИП Штыркова Лариса Алексеевна","Estimated routing"
"Russia","Saratov","ИП Щаулов Александр Викторович","Estimated routing"
"Russia","Saratov","Ип Деньжаков Игорь Викторович","Estimated routing"
"Russia","Saratov","Ип Лисин Олег Викторович","Estimated routing"
"Russia","Saratov","Ип Мурадалиев Казбек Мурадалиевич","Estimated routing"
"Russia","Saratov","Кировское трамвайное депо","Estimated routing"
"Russia","Saratov","Ленинское троллейбусное депо","Estimated routing"
"Russia","Saratov","МУП Саратовгорэлектротранс","Estimated routing"
"Russia","Saratov","МУПП Саратовгорэлектротранс","Estimated routing"
"Russia","Saratov","МУПП Саратовгорэлектротранс Кировское троллейбусное депо","Estimated routing"
"Russia","Saratov","МУПП Саратовгорэлектротранс МУП Энгельсэлектротранс","Estimated routing"
"Russia","Saratov","ОАО «РЖД» (АО «Саратовская пригородная пассажирская компания»)","Estimated routing"
"Russia","Saratov","ОАО Автоколонна 40","Estimated routing"
"Russia","Saratov","ОАО Автокомбинат №2","Estimated routing"
"Russia","Saratov","ОАО Автокомбинат-2","Estimated routing"
"Russia","Saratov","ОАО Лопатинское АТП","Estimated routing"
"Russia","Saratov","ОАО Межгородтранс","Estimated routing"
"Russia","Saratov","ОАО Межгородтранс ООО ВИКомп+","Estimated routing"
"Russia","Saratov","ОАО Пассажиртранс-1","Estimated routing"
"Russia","Saratov","ОАО РЖД/АО ФПК","Estimated routing"
"Russia","Saratov","ОАО РЖД/АО Федеральная Пассажирская Компания","Estimated routing"
"Russia","Saratov","ООО Авто-экспресс","Estimated routing"
"Russia","Saratov","ООО Автоэкспресс-Днепр","Estimated routing"
"Russia","Saratov","ООО БПАК","Estimated routing"
"Russia","Saratov","ООО ВПЛ Столица","Estimated routing"
"Russia","Saratov","ООО Ершовтрансавто","Estimated routing"
"Russia","Saratov","ООО Икар-Авто","Estimated routing"
"Russia","Saratov","ООО ИкарТранс","Estimated routing"
"Russia","Saratov","ООО Кузнецкое ПАТП","Estimated routing"
"Russia","Saratov","ООО Лысогорское АТП","Estimated routing"
"Russia","Saratov","ООО Маяк","Estimated routing"
"Russia","Saratov","ООО НОЙ","Estimated routing"
"Russia","Saratov","ООО Нейс-Трансфер","Estimated routing"
"Russia","Saratov","ООО ПАССАЖИРТРАНС","Estimated routing"
"Russia","Saratov","ООО Пассажиртранс","Estimated routing"
"Russia","Saratov","ООО Правовое сопровождение","Estimated routing"
"Russia","Saratov","ООО Регион экспресс","Estimated routing"
"Russia","Saratov","ООО СПТП №1","Estimated routing"
"Russia","Saratov","ООО Саратовское пассажирское предприятие","Estimated routing"
"Russia","Saratov","ООО ТК Автолига","Estimated routing"
"Russia","Saratov","ООО ТК Властелин","Estimated routing"
"Russia","Saratov","ООО Транс Юг","Estimated routing"
"Russia","Saratov","ООО Транскомсервис","Estimated routing"
"Russia","Saratov","ООО Транскомсервис ООО ПАССАЖИРТРАНС","Estimated routing"
"Russia","Saratov","ООО Транскомсервис и другие","Estimated routing"
"Russia","Saratov","ООО Транспортная компания Властелин","Estimated routing"
"Russia","Saratov","ООО Транспортная компания Дилижанс-2","Estimated routing"
"Russia","Saratov","ООО Транспортная компания Неловко","Estimated routing"
"Russia","Saratov","ООО Экспресс-Сервис-Плюс","Estimated routing"
"Russia","Saratov","ООО Юпитер-В","Estimated routing"
"Russia","Saratov","ООО Юпитер-В ООО Кузнецкое ПАТП","Estimated routing"
"Russia","Saratov","ТК Неловко","Estimated routing"
"Russia","Saratov","ТОО Пассажир-Авто и другие","Estimated routing"
"Russia","Shakhty","Transit agency (Novocherkassk)","Estimated routing"
"Russia","Shakhty","Transit agency (Novoshakhtinsk)","Estimated routing"
"Russia","Shakhty","Transit agency (Shakhty)","Estimated routing"
"Russia","Shakhty","АО «Федеральная пассажирская компания»","Estimated routing"
"Russia","Shakhty","АО Гранд Сервис Экспресс","Estimated routing"
"Russia","Shakhty","АО РЖД/АО Федеральная пассажирская компания","Estimated routing"
"Russia","Shakhty","АО ТК Гранд Сервис Экспресс","Estimated routing"
"Russia","Shakhty","АО Федеральная пассажирская компания","Estimated routing"
"Russia","Shakhty","Беларуская Чыгунка","Estimated routing"
"Russia","Shakhty","ИП Алтухов Д.В.","Estimated routing"
"Russia","Shakhty","ИП Довженко А.П.","Estimated routing"
"Russia","Shakhty","ИП Таргонинский Ю.Б.","Estimated routing"
"Russia","Shakhty","ИП Таргонский Ю.Б.","Estimated routing"
"Russia","Shakhty","ОАО «РЖД» («Северо-Кавказская пригородная пассажирская компания»)","Estimated routing"
"Russia","Shakhty","ОАО «РЖД»/«Северо-Кавказская пригородная пассажирская компания»","Estimated routing"
"Russia","Shakhty","ОАО «РЖД»/АО «Северо-Кавказская пригородная пассажирская компания»","Estimated routing"
"Russia","Shakhty","ОАО РЖД/АО ФПК","Estimated routing"
"Russia","Shakhty","ОАО РЖД/АО Федеральная пассажирская компания","Estimated routing"
"Russia","Shakhty","ООО АвтоДон","Estimated routing"
"Russia","Shakhty","ООО АвтоДон-2","Estimated routing"
"Russia","Shakhty","ООО АвтоДон-4","Estimated routing"
"Russia","Shakhty","ООО Автолайн (г. Зверево)","Estimated routing"
"Russia","Shakhty","ООО Автолайн г. Зверево","Estimated routing"
"Russia","Shakhty","ООО Автолайн г. Зверево","Estimated routing"
"Russia","Shakhty","ООО Агаттрансавто ИП Федотова Е.П.","Estimated routing"
"Russia","Shakhty","ООО Вешенское АТП","Estimated routing"
"Russia","Shakhty","ООО Волго-Дон","Estimated routing"
"Russia","Shakhty","ООО Волгодонское ПАТП-2","Estimated routing"
"Russia","Shakhty","ООО Интертехсервис","Estimated routing"
"Russia","Shakhty","ООО Круг 98","Estimated routing"
"Russia","Shakhty","ООО Павловсклогистик","Estimated routing"
"Russia","Shakhty","ООО Пассажиргортранс","Estimated routing"
"Russia","Shakhty","ООО СУЛИНАВТОТРАНС","Estimated routing"
"Russia","Shakhty","ООО Экспресссервис","Estimated routing"
"Russia","Shakhty","ООО Юг Транс Сервис","Estimated routing"
"Russia","Shakhty","ООО Янтарь-1","Estimated routing"
"Russia","Shchyolkovo","Transit agency (Shchyolkovo)","Estimated routing"
"Russia","Shchyolkovo","А/к № 1785 АО Мострансавто","Estimated routing"
"Russia","Shchyolkovo","АО Мострансавто","Estimated routing"
"Russia","Shchyolkovo","АО Мострансавто (МАП № 10 - ПБ г. Ивантеевка)","Estimated routing"
"Russia","Shchyolkovo","АО Мострансавто (МАП №11 г. Балашиха)","Estimated routing"
"Russia","Shchyolkovo","АО Мострансавто (МАП №11 г. Щёлково)","Estimated routing"
"Russia","Shchyolkovo","АО Мострансавто (МАП №11 производственная база «Щёлково»)","Estimated routing"
"Russia","Shchyolkovo","АО Мострансавто (МАП №12 г. Ногинск)","Estimated routing"
"Russia","Shchyolkovo","АО Мострансавто (а/к 1785 г.Щелково)","Estimated routing"
"Russia","Shchyolkovo","АО Мострансавто (а/к 1785 г.Щёлково)","Estimated routing"
"Russia","Shchyolkovo","АО Мострансавто (а/к №&nbsp 1785 г.&nbsp Щёлково)","Estimated routing"
"Russia","Shchyolkovo","АО Центральная ППК","Estimated routing"
"Russia","Shchyolkovo","ИП Агафонов В.А. (ТТК Вовавто)","Estimated routing"
"Russia","Shchyolkovo","ООО Балашиха-Экспресс","Estimated routing"
"Russia","Shchyolkovo","ООО Домтрансавто","Estimated routing"
"Russia","Shchyolkovo","ООО Ранд-Транс","Estimated routing"
"Russia","Shchyolkovo","ООО Транс Люкс","Estimated routing"
"Russia","Shchyolkovo","ТТК ВОВАВТО","Estimated routing"
"Russia","Shchyolkovo","ТТК Вовавто","Estimated routing"
"Russia","Smolensk","Transit agency (Smolensk)","Estimated routing"
"Russia","Smolensk","АНО ГОПВЛВ Ветеран","Estimated routing"
"Russia","Smolensk","АО «Федеральная пассажирская компания»","Estimated routing"
"Russia","Smolensk","АО Автолайн","Estimated routing"
"Russia","Smolensk","АО Федеральная пассажирская компания","Estimated routing"
"Russia","Smolensk","АО Центральная ППК","Estimated routing"
"Russia","Smolensk","Беларуская чыгунка","Estimated routing"
"Russia","Smolensk","ГК Ярцевперевоз (ООО Ярцевперевоз)","Estimated routing"
"Russia","Smolensk","ГУП Автоколонна 1403","Estimated routing"
"Russia","Smolensk","ИП Ануфриенков С.В.","Estimated routing"
"Russia","Smolensk","ИП Демкина С.Ф.","Estimated routing"
"Russia","Smolensk","ИП Ермаков","Estimated routing"
"Russia","Smolensk","ИП Ермаков М.Н.","Estimated routing"
"Russia","Smolensk","ИП Малашенков А.М.","Estimated routing"
"Russia","Smolensk","ИП Неведеев С.А.","Estimated routing"
"Russia","Smolensk","ИП Сливинский С.А.","Estimated routing"
"Russia","Smolensk","ИП Шарков С.И.","Estimated routing"
"Russia","Smolensk","МП Пассажир","Estimated routing"
"Russia","Smolensk","МПАП п.Монастырщина","Estimated routing"
"Russia","Smolensk","МУП Автоколонна 1308","Estimated routing"
"Russia","Smolensk","МУП Автоколонна № 1308","Estimated routing"
"Russia","Smolensk","МУП Автоколонна №1308","Estimated routing"
"Russia","Smolensk","МУП Автоколонна №1308 (1 пара) ООО СОООПП","Estimated routing"
"Russia","Smolensk","МУП Жарковское АТП","Estimated routing"
"Russia","Smolensk","МУП Шумячское АТП","Estimated routing"
"Russia","Smolensk","ОАО «РЖД» (АО «Центральная пригородная пассажирская компания»)","Estimated routing"
"Russia","Smolensk","ОАО Автоколонна 1798 г. Починок","Estimated routing"
"Russia","Smolensk","ОАО Демидов-Авто","Estimated routing"
"Russia","Smolensk","ОАО Таксо-сервис","Estimated routing"
"Russia","Smolensk","ООО Автоблюз ООО СОООПП","Estimated routing"
"Russia","Smolensk","ООО Автолюкс","Estimated routing"
"Russia","Smolensk","ООО Авторесурс","Estimated routing"
"Russia","Smolensk","ООО Легат","Estimated routing"
"Russia","Smolensk","ООО Легат (г. Смоленск)¹ ООО Автомобилист (г. Юхнов)²","Estimated routing"
"Russia","Smolensk","ООО Макс","Estimated routing"
"Russia","Smolensk","ООО Минотавр","Estimated routing"
"Russia","Smolensk","ООО Мобил Трак Центр","Estimated routing"
"Russia","Smolensk","ООО Мобил-сити","Estimated routing"
"Russia","Smolensk","ООО СОООПП","Estimated routing"
"Russia","Smolensk","ООО СОООПП и Смоленский центр Ютонг","Estimated routing"
"Russia","Smolensk","ООО ТранспортСервис","Estimated routing"
"Russia","Smolensk","СМУ ТТП","Estimated routing"
"Russia","Smolensk","СОГУП ВМАП г Смоленск","Estimated routing"
"Russia","Smolensk","СОГУП ВМАП и ПАМП г Смоленск","Estimated routing"
"Russia","Smolensk","СОГУП ВМАП и ПАМП г Смоленск МУП Рославльское ПАТП","Estimated routing"
"Russia","Smolensk","СОГУП ВМАП и ПАМП г Смоленск МУП Рославльское ПАТП ЗАОр НП Автотранс г. Десногорск","Estimated routing"
"Russia","Smolensk","СОГУП ВМАП и ПАМП г Смоленск Хиславическое МАТП","Estimated routing"
"Russia","Smolensk","СОГУП ВМАП и ПАМП г Смоленск¹ ИП Клецкин И.В.² ОАО Автоколонна 1798 г. Починок ³","Estimated routing"
"Russia","Smolensk","СОГУП ВМАП и ПАМП г Смоленск¹ МАТП г. Велиж²","Estimated routing"
"Russia","Smolensk","СОГУП ВМАП и ПАМП г Смоленск¹ МПАП п.Монастырщина²","Estimated routing"
"Russia","Smolensk","СОГУП ВМАП и ПАМП г Смоленск¹ МУП Ершичское ПАТП²","Estimated routing"
"Russia","Smolensk","СОГУП ВМАП и ПАМП г Смоленск¹ ОАО Демидов-Авто ²","Estimated routing"
"Russia","Smolensk","СОГУП ВМАП и ПАМП г. Смоленск","Estimated routing"
"Russia","Smolensk","Смоленское муниципальное унитарное трамвайно-троллейбусное предприятие","Estimated routing"
"Russia","Smolensk","Хиславическое МАТП","Estimated routing"
"Russia","Starooskol'skiy rayon","Transit agency (Stary Oskol)","Estimated routing"
"Russia","Starooskol'skiy rayon","АО Федеральная пассажирская компания","Estimated routing"
"Russia","Starooskol'skiy rayon","АТЦ АО ОЭМК","Estimated routing"
"Russia","Starooskol'skiy rayon","ЗАО Движение","Estimated routing"
"Russia","Starooskol'skiy rayon","ИП","Estimated routing"
"Russia","Starooskol'skiy rayon","ИП Агеев Ю.Н.","Estimated routing"
"Russia","Starooskol'skiy rayon","ИП Гриднев Е.Е.","Estimated routing"
"Russia","Starooskol'skiy rayon","ИП Домрина М.В","Estimated routing"
"Russia","Starooskol'skiy rayon","ИП Дубенский А.В.","Estimated routing"
"Russia","Starooskol'skiy rayon","ИП Капустин Ю.В.","Estimated routing"
"Russia","Starooskol'skiy rayon","ИП Колесников В.С. / Колесникова Е.В.","Estimated routing"
"Russia","Starooskol'skiy rayon","ИП Манюшко М.Ю.","Estimated routing"
"Russia","Starooskol'skiy rayon","ИП Положышник Э.А.","Estimated routing"
"Russia","Starooskol'skiy rayon","ИП Сафонов","Estimated routing"
"Russia","Starooskol'skiy rayon","ИП Стаханов С.В.","Estimated routing"
"Russia","Starooskol'skiy rayon","ИП Федотова Е.П.","Estimated routing"
"Russia","Starooskol'skiy rayon","ИП Чернякова Л.И.","Estimated routing"
"Russia","Starooskol'skiy rayon","ИП Щербатенко А.В.","Estimated routing"
"Russia","Starooskol'skiy rayon","МБУ Пассажирское","Estimated routing"
"Russia","Starooskol'skiy rayon","ОАО «РЖД» (АО «Пригородная пассажирская компания «Черноземье»)","Estimated routing"
"Russia","Starooskol'skiy rayon","ОАО ОЗММ","Estimated routing"
"Russia","Starooskol'skiy rayon","ОАО ОЭМК","Estimated routing"
"Russia","Starooskol'skiy rayon","ОАО ПАТП #1149","Estimated routing"
"Russia","Starooskol'skiy rayon","ОАО РЖД/АО ФПК","Estimated routing"
"Russia","Starooskol'skiy rayon","ОАО Старооскольский скоростной трамвай","Estimated routing"
"Russia","Starooskol'skiy rayon","ОАО Стойленский ГОК","Estimated routing"
"Russia","Starooskol'skiy rayon","ООО Курская Пассажирская Компания","Estimated routing"
"Russia","Starooskol'skiy rayon","ООО ЛебГОК-Транспорт","Estimated routing"
"Russia","Starooskol'skiy rayon","ООО Осколпасстранс","Estimated routing"
"Russia","Starooskol'skiy rayon","ООО Оскольский Пассажирский Транспорт","Estimated routing"
"Russia","Starooskol'skiy rayon","ООО Оскольский пассажирский транспорт","Estimated routing"
"Russia","Starooskol'skiy rayon","ООО ТрансАльянс","Estimated routing"
"Russia","Starooskol'skiy rayon","ООО Тяга/ВолгаЛайн","Estimated routing"
"Russia","Starooskol'skiy rayon","ЧАО ДОПАС","Estimated routing"
"Russia","Sterlitamakskiy rayon","Transit agency (Salavat)","Estimated routing"
"Russia","Sterlitamakskiy rayon","Transit agency (Sterlitamak)","Estimated routing"
"Russia","Sterlitamakskiy rayon","Белебеевское АТП филиал ГУП РБ Башавтотранс","Estimated routing"
"Russia","Sterlitamakskiy rayon","ГУП Башавтотранс (Стерлитамакское ПАТП)","Estimated routing"
"Russia","Sterlitamakskiy rayon","ИП Кирьянов Сергей Николаевич","Estimated routing"
"Russia","Sterlitamakskiy rayon","ИП Сорокин С.В.","Estimated routing"
"Russia","Sterlitamakskiy rayon","Красноусольское АТП филиал ГУП РБ Башавтотранс","Estimated routing"
"Russia","Sterlitamakskiy rayon","МУП СТУ (троллейбусное депо № 1)","Estimated routing"
"Russia","Sterlitamakskiy rayon","МУП СТУ (троллейбусное депо № 2)","Estimated routing"
"Russia","Sterlitamakskiy rayon","МУП СТУ (троллейбусное депо № 2)","Estimated routing"
"Russia","Sterlitamakskiy rayon","Мелеузовское АТП филиал ГУП РБ Башавтотранс","Estimated routing"
"Russia","Sterlitamakskiy rayon","ОАО «РЖД» (АО «Башкортостанская пригородная пассажирская компания»)","Estimated routing"
"Russia","Sterlitamakskiy rayon","ООО «Компания Ваш Попутчик»","Estimated routing"
"Russia","Sterlitamakskiy rayon","ООО АвтоКруиз","Estimated routing"
"Russia","Sterlitamakskiy rayon","ООО Автотранссервис","Estimated routing"
"Russia","Sterlitamakskiy rayon","ООО БАЛ (ООО Башкирские Автомобильные Линии г. Уфа)","Estimated routing"
"Russia","Sterlitamakskiy rayon","ООО ОТК-1 (ООО Оренбургская Транспортная Компания 1)","Estimated routing"
"Russia","Sterlitamakskiy rayon","ООО ПАН-АВТО","Estimated routing"
"Russia","Sterlitamakskiy rayon","ООО Транс-Экспресс","Estimated routing"
"Russia","Sterlitamakskiy rayon","ООО Транс-Экспресс и другие","Estimated routing"
"Russia","Sterlitamakskiy rayon","Октябрьское АТП","Estimated routing"
"Russia","Sterlitamakskiy rayon","Салаватское АТП филиал ГУП РБ Башавтотрэнс","Estimated routing"
"Russia","Sterlitamakskiy rayon","Сибайское АТП филиал ГУП РБ Башавтотранс","Estimated routing"
"Russia","Sterlitamakskiy rayon","Стерлитамакское ПАТП Салаватское АТП филиалы ГУП РБ Башавтотранс","Estimated routing"
"Russia","Sterlitamakskiy rayon","Стерлитамакское ПАТП Учалинское АТП филиалы ГУП РБ Башавтотранс","Estimated routing"
"Russia","Sterlitamakskiy rayon","Стерлитамакское ПАТП филиал ГУП.РБ Башавтотранс","Estimated routing"
"Russia","Sterlitamakskiy rayon","Уфимское ПАТП-3 филиал ГУП РБ Башавтотранс","Estimated routing"
"Russia","Syktyvkar","Transit agency (Syktyvkar)","Estimated routing"
"Russia","Syktyvkar","АО Комиавтотранс","Estimated routing"
"Russia","Syktyvkar","АО Федеральная пассажирская компания","Estimated routing"
"Russia","Syktyvkar","ГУП РБ Башавтотранс (Уфимское ПАТП-3)","Estimated routing"
"Russia","Syktyvkar","ИП Карпова С.В.","Estimated routing"
"Russia","Syktyvkar","Комиавтотранс","Estimated routing"
"Russia","Syktyvkar","ОАО КировПассажирАвтоТранс АО Комиавтотранс","Estimated routing"
"Russia","Syktyvkar","ООО Гермес","Estimated routing"
"Russia","Syktyvkar","ООО МАЛавто","Estimated routing"
"Russia","Syktyvkar","ООО МиГ автотранс","Estimated routing"
"Russia","Syktyvkar","ООО Пассажирские линии","Estimated routing"
"Russia","Syktyvkar","ООО Перевозчик","Estimated routing"
"Russia","Syktyvkar","ООО Перевозчик (Комиавтотранс)","Estimated routing"
"Russia","Syktyvkar","ООО Пригородные перевозки","Estimated routing"
"Russia","Syktyvkar","ООО САТП № 2 (Комиавтотранс)","Estimated routing"
"Russia","Syktyvkar","ООО САТП №1","Estimated routing"
"Russia","Syktyvkar","ООО УАТП","Estimated routing"
"Russia","Syktyvkar","Союз пассажирских перевозчиков СыктывкарГорТранс","Estimated routing"
"Russia","Syktyvkar","Товарищество индивидуальных перевозчиков","Estimated routing"
"Russia","Syzran'","Transit agency (Balakovo)","Estimated routing"
"Russia","Syzran'","Transit agency (Inza)","Estimated routing"
"Russia","Syzran'","Transit agency (Syzran)","Estimated routing"
"Russia","Syzran'","Transit agency (Tolyatti)","Estimated routing"
"Russia","Syzran'","Transit agency (Ulyanovsk)","Estimated routing"
"Russia","Syzran'","АО «Федеральная пассажирская компания»","Estimated routing"
"Russia","Syzran'","АО Николаевкое АТП","Estimated routing"
"Russia","Syzran'","АО РЖД/АО Самарская ППК/АО Башкортостанская ППК","Estimated routing"
"Russia","Syzran'","АО РЖД/АО ФПК","Estimated routing"
"Russia","Syzran'","АО Радищевское АТП","Estimated routing"
"Russia","Syzran'","АО САТ","Estimated routing"
"Russia","Syzran'","АО ТК Гранд Сервис Экспресс","Estimated routing"
"Russia","Syzran'","АО Федеральная пассажирская компания","Estimated routing"
"Russia","Syzran'","ИП Абдуллаев М.Р.","Estimated routing"
"Russia","Syzran'","ИП Демидова М.П.","Estimated routing"
"Russia","Syzran'","ИП Козулина Е.Н.","Estimated routing"
"Russia","Syzran'","ИП Колузанова Е.М.","Estimated routing"
"Russia","Syzran'","ИП Лаврентьева А.Я.","Estimated routing"
"Russia","Syzran'","ИП Лавретьева А.Я.","Estimated routing"
"Russia","Syzran'","ИП Михеев А.Н.","Estimated routing"
"Russia","Syzran'","ИП Мцкерашвили Э.Ш","Estimated routing"
"Russia","Syzran'","ИП Мцкерашвили Э.Ш.","Estimated routing"
"Russia","Syzran'","ИП Мязитов М.М.","Estimated routing"
"Russia","Syzran'","ИП Спиридонова А.Х.","Estimated routing"
"Russia","Syzran'","ИП Старкова И.В.","Estimated routing"
"Russia","Syzran'","ИП Сурчилова Н.Е. АО САТ и другие","Estimated routing"
"Russia","Syzran'","ИП Трошин О.Е.","Estimated routing"
"Russia","Syzran'","ИП Чечеватов П.Н.","Estimated routing"
"Russia","Syzran'","ИП Юсупов Д.Р.","Estimated routing"
"Russia","Syzran'","МУП СПАТП","Estimated routing"
"Russia","Syzran'","ОАО «РЖД» (АО «Самарская пригородная пассажирская компания»)","Estimated routing"
"Russia","Syzran'","ОАО «РЖД» (АО «Самарская пригородная пассажирская компания»/АО «Башкортостанская пригородная пассажирская компания»)","Estimated routing"
"Russia","Syzran'","ОАО «РЖД»/АО «Самарская пригородная пассажирская компания»","Estimated routing"
"Russia","Syzran'","ОАО РЖД/АО «Федеральная пассажирская компания»","Estimated routing"
"Russia","Syzran'","ОАО РЖД/АО ДОСС","Estimated routing"
"Russia","Syzran'","ОАО РЖД/АО ФПК","Estimated routing"
"Russia","Syzran'","ООО АВТОСТРОЙСЕРВИС","Estimated routing"
"Russia","Syzran'","ООО Авто-экспресс","Estimated routing"
"Russia","Syzran'","ООО Автоальянс","Estimated routing"
"Russia","Syzran'","ООО Автомиг","Estimated routing"
"Russia","Syzran'","ООО Автостройсервис","Estimated routing"
"Russia","Syzran'","ООО Альянс-Авто","Estimated routing"
"Russia","Syzran'","ООО ИСАВТО","Estimated routing"
"Russia","Syzran'","ООО САТ","Estimated routing"
"Russia","Syzran'","ООО Старокулаткинское АТП","Estimated routing"
"Russia","Syzran'","ООО Старокулатское АТП","Estimated routing"
"Russia","Syzran'","ООО ТАНДЕМ - АВТО","Estimated routing"
"Russia","Syzran'","ООО ТК Автолига","Estimated routing"
"Russia","Syzran'","ООО Тандем-Авто","Estimated routing"
"Russia","Syzran'","ООО Техсервис","Estimated routing"
"Russia","Syzran'","САТ","Estimated routing"
"Russia","Taganrog","Transit agency (Taganrog)","Estimated routing"
"Russia","Taganrog","АО «Федеральная пассажирская компания»","Estimated routing"
"Russia","Taganrog","АО Федеральная пассажирская компания","Estimated routing"
"Russia","Taganrog","Автоколонна 1423","Estimated routing"
"Russia","Taganrog","Автоколонна №1423","Estimated routing"
"Russia","Taganrog","ИП Задурний А.А.","Estimated routing"
"Russia","Taganrog","МУП ТТУ","Estimated routing"
"Russia","Taganrog","ОАО «РЖД» («Северо-Кавказская пригородная пассажирская компания»)","Estimated routing"
"Russia","Taganrog","ОАО «РЖД»/АО «Северо-Кавказская пригородная пассажирская компания»","Estimated routing"
"Russia","Taganrog","ОАО Автоколонна №1423 ОАО Автолайн-Ко","Estimated routing"
"Russia","Taganrog","ОАО Автолайн-Ко","Estimated routing"
"Russia","Taganrog","ОАО РГАТП-1","Estimated routing"
"Russia","Taganrog","ОАО РЖД/АО ФПК","Estimated routing"
"Russia","Taganrog","ООО «Синара — ГТР Таганрог»","Estimated routing"
"Russia","Taganrog","ООО Автолайн","Estimated routing"
"Russia","Taganrog","ООО Автолайн-Ко","Estimated routing"
"Russia","Taganrog","ООО Автолайн-Ко ОАО Автоколонна №1423","Estimated routing"
"Russia","Taganrog","ООО Гелиосстрой","Estimated routing"
"Russia","Taganrog","ООО Маршрутное такси Южный город","Estimated routing"
"Russia","Taganrog","ООО Ника-Тур","Estimated routing"
"Russia","Taganrog","ООО Пассажиртранс","Estimated routing"
"Russia","Taganrog","ООО РостовДонАвто","Estimated routing"
"Russia","Taganrog","ООО Русский транзит - 2","Estimated routing"
"Russia","Tambov","Transit agency (Nizhny Novgorod)","Estimated routing"
"Russia","Tambov","Transit agency (Tambov)","Estimated routing"
"Russia","Tambov","АО «Федеральная пассажирская компания»","Estimated routing"
"Russia","Tambov","АО Федеральная пассажирская компания","Estimated routing"
"Russia","Tambov","Авто-Альянс","Estimated routing"
"Russia","Tambov","Автомиг","Estimated routing"
"Russia","Tambov","ИП Ахметов М.Р.","Estimated routing"
"Russia","Tambov","ИП Ахметов М.Р. и другие","Estimated routing"
"Russia","Tambov","ИП Болдырев А.В. и другие","Estimated routing"
"Russia","Tambov","ИП Венедиктов И.С.","Estimated routing"
"Russia","Tambov","ИП Воробьёв В.Н.","Estimated routing"
"Russia","Tambov","ИП Денисов О.Г.","Estimated routing"
"Russia","Tambov","ИП Дрыкин А.В.","Estimated routing"
"Russia","Tambov","ИП Животенко Н.А.","Estimated routing"
"Russia","Tambov","ИП Карташов О.А. и другие","Estimated routing"
"Russia","Tambov","ИП Климов В.В.","Estimated routing"
"Russia","Tambov","ИП Ларин В.И.","Estimated routing"
"Russia","Tambov","ИП Мещеряков В.И.","Estimated routing"
"Russia","Tambov","ИП Родионов С.А.","Estimated routing"
"Russia","Tambov","ИП Терехов Д.А. и другие","Estimated routing"
"Russia","Tambov","ИП Филаткин А.В.","Estimated routing"
"Russia","Tambov","ИП Хуткин Д.Е.","Estimated routing"
"Russia","Tambov","ИП Черемисина Н.В.","Estimated routing"
"Russia","Tambov","МР МУП АТП","Estimated routing"
"Russia","Tambov","МУП Пичаевское АТП","Estimated routing"
"Russia","Tambov","МУП Ржаксинское АТП","Estimated routing"
"Russia","Tambov","МУП Сандовское АТП","Estimated routing"
"Russia","Tambov","МУП Сосновское АТП","Estimated routing"
"Russia","Tambov","МУП Тамбовготранс","Estimated routing"
"Russia","Tambov","Мак","Estimated routing"
"Russia","Tambov","ОАО «РЖД» (АО «Пригородная пассажирская компания «Черноземье»)","Estimated routing"
"Russia","Tambov","ООО Аврора-М","Estimated routing"
"Russia","Tambov","ООО Авто-Альянс","Estimated routing"
"Russia","Tambov","ООО Авто-Лидер","Estimated routing"
"Russia","Tambov","ООО Автобусная компания 68","Estimated routing"
"Russia","Tambov","ООО Автовокзал-Сервис Плюс","Estimated routing"
"Russia","Tambov","ООО Автомиг","Estimated routing"
"Russia","Tambov","ООО Гавриловтранссервис","Estimated routing"
"Russia","Tambov","ООО Котовск-Автотранс","Estimated routing"
"Russia","Tambov","ООО Курскавтотранс","Estimated routing"
"Russia","Tambov","ООО Малая автобусная компания","Estimated routing"
"Russia","Tambov","ООО НИРАЛ-Авто и другие","Estimated routing"
"Russia","Tambov","ООО ПАТП-5","Estimated routing"
"Russia","Tambov","ООО РТК","Estimated routing"
"Russia","Tambov","ООО Региональная Транспортная компания","Estimated routing"
"Russia","Tambov","ООО Спартак-сервис","Estimated routing"
"Russia","Tambov","ООО ТК Властелин","Estimated routing"
"Russia","Tambov","ООО Тамбовавторесурс","Estimated routing"
"Russia","Tambov","ООО ТарКор","Estimated routing"
"Russia","Tambov","ООО Транзит 68/18","Estimated routing"
"Russia","Tambov","ООО Транзит 68/52","Estimated routing"
"Russia","Tambov","ООО Транс-Сервис","Estimated routing"
"Russia","Tambov","ООО Транспортная компания Экспресс Авто","Estimated routing"
"Russia","Tambov","ООО Транссервис-Авто","Estimated routing"
"Russia","Tambov","ООО Тульские автобусные линии ИП Ахметов М.Р.","Estimated routing"
"Russia","Tambov","ООО Уваровское АТП и другие","Estimated routing"
"Russia","Tambov","ООО Энергоремонт-авто","Estimated routing"
"Russia","Tambov","ООО Энергоремонт-авто МУП Тамбовгортранс","Estimated routing"
"Russia","Tambov","ООО Юнэкс-Плюс","Estimated routing"
"Russia","Tambov","ООО авто-альянс","Estimated routing"
"Russia","Tambov","ТРМУП Токаревское АТП","Estimated routing"
"Russia","Tambov","Транзит 68/52","Estimated routing"
"Russia","Togliatti","Transit agency (Balakovo)","Estimated routing"
"Russia","Togliatti","Transit agency (Inza)","Estimated routing"
"Russia","Togliatti","Transit agency (Pohvistnevo)","Estimated routing"
"Russia","Togliatti","Transit agency (Samara)","Estimated routing"
"Russia","Togliatti","Transit agency (Tolyatti)","Estimated routing"
"Russia","Togliatti","Transit agency (Uralsk)","Estimated routing"
"Russia","Togliatti","Transit agency (Zhigulyovsk)","Estimated routing"
"Russia","Togliatti","АО «Федеральная пассажирская компания»","Estimated routing"
"Russia","Togliatti","АО Альметьевское ПОПАТ","Estimated routing"
"Russia","Togliatti","АО ЕКА","Estimated routing"
"Russia","Togliatti","АО Казанское ПАТП-1","Estimated routing"
"Russia","Togliatti","АО Федеральная пассажирская компания","Estimated routing"
"Russia","Togliatti","Жигулёвская Долина","Estimated routing"
"Russia","Togliatti","Жигулёвское АТП","Estimated routing"
"Russia","Togliatti","Западно-Казахстанский Автобусный парк","Estimated routing"
"Russia","Togliatti","ИП Абдуллаев М.Р.","Estimated routing"
"Russia","Togliatti","ИП Букаров А.А.","Estimated routing"
"Russia","Togliatti","ИП Ганин И. Н.","Estimated routing"
"Russia","Togliatti","ИП Ганин И.Н.","Estimated routing"
"Russia","Togliatti","ИП Козулина Е.Н.","Estimated routing"
"Russia","Togliatti","ИП Колузанова Е.М.","Estimated routing"
"Russia","Togliatti","ИП Никитин Ю.И.","Estimated routing"
"Russia","Togliatti","ИП Рожкова Н.Е. и другие","Estimated routing"
"Russia","Togliatti","ИП Салихманов И.Г.","Estimated routing"
"Russia","Togliatti","ИП Семдянов С.А.","Estimated routing"
"Russia","Togliatti","ИП Таурбаев","Estimated routing"
"Russia","Togliatti","ИП Юсупов Д.Р.","Estimated routing"
"Russia","Togliatti","МП Тольяттинское пассажирское автотранспортное предприятие № 3","Estimated routing"
"Russia","Togliatti","МП Тольяттинское пассажирское автотранспортное предприятие №3","Estimated routing"
"Russia","Togliatti","МП Тольяттинское троллейбусное управление","Estimated routing"
"Russia","Togliatti","Мордовавтотранс ЖАТП","Estimated routing"
"Russia","Togliatti","ОАО «РЖД» (АО «Самарская пригородная пассажирская компания»)","Estimated routing"
"Russia","Togliatti","ОАО «РЖД»/АО «Самарская пригородная пассажирская компания»","Estimated routing"
"Russia","Togliatti","ОАО РЖД (АО «Самарская пригородная пассажирская компания»)","Estimated routing"
"Russia","Togliatti","ОАО РЖД (АО Самарская пригородная пассажирская компания)","Estimated routing"
"Russia","Togliatti","ООО Авто-Фарт","Estimated routing"
"Russia","Togliatti","ООО Авто-транс","Estimated routing"
"Russia","Togliatti","ООО Авто-экспресс","Estimated routing"
"Russia","Togliatti","ООО АвтоСтар АО ЕКА","Estimated routing"
"Russia","Togliatti","ООО АвтоЭКСПРЕСС и другие","Estimated routing"
"Russia","Togliatti","ООО Автоальянс","Estimated routing"
"Russia","Togliatti","ООО Автоградтранс","Estimated routing"
"Russia","Togliatti","ООО Автомиг","Estimated routing"
"Russia","Togliatti","ООО Альянс","Estimated routing"
"Russia","Togliatti","ООО Альянс-Авто","Estimated routing"
"Russia","Togliatti","ООО ГРАНД-АВТО","Estimated routing"
"Russia","Togliatti","ООО Жигулёвское АТП","Estimated routing"
"Russia","Togliatti","ООО Зеленоглазое такси","Estimated routing"
"Russia","Togliatti","ООО Империал-Авто","Estimated routing"
"Russia","Togliatti","ООО МИР","Estimated routing"
"Russia","Togliatti","ООО РОСВЭН","Estimated routing"
"Russia","Togliatti","ООО РТ-Запчасть","Estimated routing"
"Russia","Togliatti","ООО Спринтер","Estimated routing"
"Russia","Togliatti","ООО ТО-Автомобильная компания","Estimated routing"
"Russia","Togliatti","ООО Тандем","Estimated routing"
"Russia","Togliatti","ООО Тантал","Estimated routing"
"Russia","Togliatti","ООО ТехноТранс","Estimated routing"
"Russia","Togliatti","ООО Экспресс-Сити","Estimated routing"
"Russia","Togliatti","САТ","Estimated routing"
"Russia","Togliatti","Сергиевское АТП","Estimated routing"
"Russia","Tomsk","Transit agency (Tomsk)","Estimated routing"
"Russia","Tomsk","АО «Томскавтотранс»","Estimated routing"
"Russia","Tomsk","АО «Федеральная пассажирская компания»","Estimated routing"
"Russia","Tomsk","АО Кузбасс-Пригород","Estimated routing"
"Russia","Tomsk","АО Томскавтотранс","Estimated routing"
"Russia","Tomsk","АО Федеральная пассажирская компания","Estimated routing"
"Russia","Tomsk","Анжеро-Судженское ГПАТП КО","Estimated routing"
"Russia","Tomsk","ИП Зудилин Н.А.","Estimated routing"
"Russia","Tomsk","ИП Радишевская О.Н.","Estimated routing"
"Russia","Tomsk","Ижморский ГПАТП КО","Estimated routing"
"Russia","Tomsk","ОАО «РЖД» (АО «Кузбасс-Пригород»)","Estimated routing"
"Russia","Tomsk","ОАО Томскавтотранс","Estimated routing"
"Russia","Tomsk","ООО «Движение 2015»","Estimated routing"
"Russia","Tomsk","ООО «ЛАНА»","Estimated routing"
"Russia","Tomsk","ООО «МОТОДОР»","Estimated routing"
"Russia","Tomsk","ООО «РУЖАВТО»","Estimated routing"
"Russia","Tomsk","ООО «ТрансАвто»","Estimated routing"
"Russia","Tomsk","ООО Автоколонна № 1975","Estimated routing"
"Russia","Tomsk","ООО Алтайский перевозчик ООО АП Межобластное","Estimated routing"
"Russia","Tomsk","ООО Альянс","Estimated routing"
"Russia","Tomsk","ООО Аня","Estimated routing"
"Russia","Tomsk","ООО Асиновское АТП","Estimated routing"
"Russia","Tomsk","ООО Влюмак","Estimated routing"
"Russia","Tomsk","ООО Влюмак ИП Зудилин Н. А.","Estimated routing"
"Russia","Tomsk","ООО Движение 2015","Estimated routing"
"Russia","Tomsk","ООО Движение-2000","Estimated routing"
"Russia","Tomsk","ООО Евротрансвладимир","Estimated routing"
"Russia","Tomsk","ООО МОТОДОР","Estimated routing"
"Russia","Tomsk","ООО Медея","Estimated routing"
"Russia","Tomsk","ООО РЕГИОНСИБИРЬ","Estimated routing"
"Russia","Tomsk","ООО РУЖАВТО","Estimated routing"
"Russia","Tomsk","ООО Томскавтотранс","Estimated routing"
"Russia","Tomsk","ООО Томскавтоэкспресс","Estimated routing"
"Russia","Tomsk","ООО Томскавтоэкспресс ГУ Кузбасспассажиравтотранс","Estimated routing"
"Russia","Tomsk","ООО Транспортная фирма Движение-2000 ООО АП Межобластное ИП Лядусов А.Н.","Estimated routing"
"Russia","Tomsk","ТГУМП ТТУ","Estimated routing"
"Russia","Tver","«Дирекция скоростного сообщения» ОАО РЖД","Estimated routing"
"Russia","Tver","АО «МТ ППК»","Estimated routing"
"Russia","Tver","АО «Федеральная пассажирская компания»","Estimated routing"
"Russia","Tver","АО Гранд Сервис Экспресс","Estimated routing"
"Russia","Tver","АО Московско-Тверская ППК","Estimated routing"
"Russia","Tver","АО Мострансавто (Волоколамское ПАТП ПБ Шаховская)","Estimated routing"
"Russia","Tver","АО ТК Гранд Сервис Экспресс","Estimated routing"
"Russia","Tver","АО Федеральная пассажирская компания","Estimated routing"
"Russia","Tver","Дирекция скоростного сообщения - филиал ОАО «РЖД» (ДОСС)","Estimated routing"
"Russia","Tver","Дирекция скоростного сообщения – филиал ОАО «РЖД» (ДОСС)","Estimated routing"
"Russia","Tver","ИП Барабанов С.В.","Estimated routing"
"Russia","Tver","ИП Барабанов С.В. ИП Орлов Е.В.","Estimated routing"
"Russia","Tver","ИП Исаев В.В.","Estimated routing"
"Russia","Tver","ИП Лейман К.Э.","Estimated routing"
"Russia","Tver","ИП Пыльнова И.В.","Estimated routing"
"Russia","Tver","ИП Пыльнова И.В. ИП Исаев В.В.","Estimated routing"
"Russia","Tver","МУП Автобус-Плюс¹ ИП Орлов Е.В.²","Estimated routing"
"Russia","Tver","МУП Агротранс-Рамешки (субподряд ООО Трансавто)","Estimated routing"
"Russia","Tver","МУП Западнодвинское АТП","Estimated routing"
"Russia","Tver","МУП Максатихинское АПП","Estimated routing"
"Russia","Tver","ОАО «РЖД» («Дирекция скоростного сообщения»)","Estimated routing"
"Russia","Tver","ОАО «РЖД» (АО «Дирекция скоростного сообщения»)","Estimated routing"
"Russia","Tver","ОАО «РЖД» (АО «Московско-Тверская пригородная пассажирская компания»)","Estimated routing"
"Russia","Tver","ОАО «РЖД»/АО «ФПК»","Estimated routing"
"Russia","Tver","ОАО Конаковское АТП = ООО Петра","Estimated routing"
"Russia","Tver","ОАО Кондровское АТП","Estimated routing"
"Russia","Tver","ОАО РЖД/АО ФПК","Estimated routing"
"Russia","Tver","ОАО РЖД/АО Федеральная пассажирская компания","Estimated routing"
"Russia","Tver","ОАО Сандовское АТП ¹ ИП Орлов Е.В.²","Estimated routing"
"Russia","Tver","ОАО Тверьавтотранс","Estimated routing"
"Russia","Tver","ОАО Тверьавтотранс¹ ООО Универсал-Транс²","Estimated routing"
"Russia","Tver","ООО Автосфера","Estimated routing"
"Russia","Tver","ООО Автофлот Автоколонна-1601","Estimated routing"
"Russia","Tver","ООО Верхневолжское АТП","Estimated routing"
"Russia","Tver","ООО Интершина","Estimated routing"
"Russia","Tver","ООО Консульт-Центр / ООО Попутчик","Estimated routing"
"Russia","Tver","ООО Мобил Трак Центр","Estimated routing"
"Russia","Tver","ООО СВТК","Estimated routing"
"Russia","Tver","ООО СТК Парус","Estimated routing"
"Russia","Tver","ООО Сонковское ПАТП","Estimated routing"
"Russia","Tver","ООО Тверской Экспресс","Estimated routing"
"Russia","Tver","ООО Трансавто¹ ИП Барабанов С.В.²","Estimated routing"
"Russia","Tver","ООО Форсаж","Estimated routing"
"Russia","Tver","ООО транспортно-экспедиционная фирма АТЕК","Estimated routing"
"Russia","Ufa","Transit agency (Ufa)","Estimated routing"
"Russia","Ufa","АО «Федеральная пассажирская компания»","Estimated routing"
"Russia","Ufa","АО Альметьевское ПОПАТ МУП РБ Башавтотранс","Estimated routing"
"Russia","Ufa","АО Башкортостанская ППК","Estimated routing"
"Russia","Ufa","АО Казанское ПАТП-1","Estimated routing"
"Russia","Ufa","АО РЖД/АО ФПК","Estimated routing"
"Russia","Ufa","АО ТК Гранд Сервис Экспресс","Estimated routing"
"Russia","Ufa","АО Туймазинское АТП","Estimated routing"
"Russia","Ufa","АО Федеральная пассажирская компания","Estimated routing"
"Russia","Ufa","Башкортостанская ППК","Estimated routing"
"Russia","Ufa","Белебеевское АТП","Estimated routing"
"Russia","Ufa","Белебеевское АТП филиал ГУП РБ Башавтотранс","Estimated routing"
"Russia","Ufa","Бирское АТП филиал ГУП РБ Башавтотранс","Estimated routing"
"Russia","Ufa","ГУП Башавтотранс","Estimated routing"
"Russia","Ufa","ГУП Башавтотранс (Уфимское ПАТП-3)","Estimated routing"
"Russia","Ufa","ГУП Башавтотранс РБ","Estimated routing"
"Russia","Ufa","ГУП Башавтотранс РБ (Уфимское ПАТП № 1 Кармаскалинский филиал)","Estimated routing"
"Russia","Ufa","ГУП Башавтотранс РБ (Уфимское ПАТП № 1)","Estimated routing"
"Russia","Ufa","ГУП Башавтотранс РБ (Уфимское ПАТП № 3 Кушнаренковский филиал)","Estimated routing"
"Russia","Ufa","ГУП Башавтотранс РБ (Уфимское ПАТП № 3)","Estimated routing"
"Russia","Ufa","ГУП Башавтотранс филиал Уфимское АТП 3","Estimated routing"
"Russia","Ufa","ГУП РБ Башавтотранс (Уфимское ПАТП-3)","Estimated routing"
"Russia","Ufa","Дюртюлинское АТП","Estimated routing"
"Russia","Ufa","Дюртюлинское АТП филиал ГУП РБ Башавтотранс","Estimated routing"
"Russia","Ufa","ИП Асанов Р.Ш.","Estimated routing"
"Russia","Ufa","ИП Батыров Ф. Ф.","Estimated routing"
"Russia","Ufa","ИП Биктимиров Ф.Ф.","Estimated routing"
"Russia","Ufa","ИП Валиев Рим Рафикович","Estimated routing"
"Russia","Ufa","ИП Галиаскаров А.Р.","Estimated routing"
"Russia","Ufa","ИП Гараев Ш.И.","Estimated routing"
"Russia","Ufa","ИП Ибрагимов И. Ф. ООО БАЛ","Estimated routing"
"Russia","Ufa","ИП Карпова М.А.","Estimated routing"
"Russia","Ufa","ИП Кирьянов Сергей Николаевич","Estimated routing"
"Russia","Ufa","ИП Миназов Конофи Зулкофиевич","Estimated routing"
"Russia","Ufa","ИП Миронов Ю.Н.","Estimated routing"
"Russia","Ufa","ИП Муллагильдин С.Т.","Estimated routing"
"Russia","Ufa","ИП Мусабиров Магасум Масалимович","Estimated routing"
"Russia","Ufa","ИП Негодяев Ю.С.","Estimated routing"
"Russia","Ufa","ИП Рафиков М.С.","Estimated routing"
"Russia","Ufa","ИП Саломасов Сергей Владимирович","Estimated routing"
"Russia","Ufa","ИП Сорокин С.В.","Estimated routing"
"Russia","Ufa","Красноусольское АТП филиал ГУП РБ Башавтотранс","Estimated routing"
"Russia","Ufa","МБУ Служба речных переправ города Уфы","Estimated routing"
"Russia","Ufa","МУП Башавтотранс (Уфимское ПАТП-3)","Estimated routing"
"Russia","Ufa","МУЭТ г. Уфы","Estimated routing"
"Russia","Ufa","МУЭТ города Уфы (трамвайное депо № 1 имени Зорина площадка № 1)","Estimated routing"
"Russia","Ufa","МУЭТ города Уфы (троллейбусное депо № 1 площадка № 1)","Estimated routing"
"Russia","Ufa","МУЭТ города Уфы (троллейбусное депо № 1 площадка № 2)","Estimated routing"
"Russia","Ufa","МУЭТ города Уфы (троллейбусное депо № 1 площадка №1)","Estimated routing"
"Russia","Ufa","Мелеузовское АТП филиал ГУП РБ Башавтотранс","Estimated routing"
"Russia","Ufa","Месягутовское АТП филиал ГУП РБ Башавтотранс","Estimated routing"
"Russia","Ufa","НПОУ ИЦ Техника","Estimated routing"
"Russia","Ufa","Нефтекамское ПАТП Бирское АТП филиалы ГУП РБ Башавтотранс","Estimated routing"
"Russia","Ufa","Нефтекамское ПАТП филиал ГУП РБ Башавтотранс","Estimated routing"
"Russia","Ufa","ОАО «РЖД» (АО «Башкортостанская пригородная пассажирская компания»)","Estimated routing"
"Russia","Ufa","ОАО Башкортостанская ППК","Estimated routing"
"Russia","Ufa","ОАО РЖД/ АО ФПК","Estimated routing"
"Russia","Ufa","ООО «Компания Ваш Попутчик»","Estimated routing"
"Russia","Ufa","ООО АТП г. Трёхгорный","Estimated routing"
"Russia","Ufa","ООО Авто-Круиз","Estimated routing"
"Russia","Ufa","ООО Авто-лайн","Estimated routing"
"Russia","Ufa","ООО АвтоКруиз","Estimated routing"
"Russia","Ufa","ООО Автомиг","Estimated routing"
"Russia","Ufa","ООО Автотранссервис","Estimated routing"
"Russia","Ufa","ООО Альянс СКД","Estimated routing"
"Russia","Ufa","ООО Арбат+","Estimated routing"
"Russia","Ufa","ООО БАЛ (ООО Башкирские Автомобильные Линии г. Уфа)","Estimated routing"
"Russia","Ufa","ООО Компания Авто-Лайн","Estimated routing"
"Russia","Ufa","ООО Компания Уфа-Лайн","Estimated routing"
"Russia","Ufa","ООО Континент","Estimated routing"
"Russia","Ufa","ООО МИР","Estimated routing"
"Russia","Ufa","ООО Нижнекамское ПАТП-1","Estimated routing"
"Russia","Ufa","ООО ОТК-1 (ООО Оренбургская Транспортная Компания 1)","Estimated routing"
"Russia","Ufa","ООО ПАН-АВТО","Estimated routing"
"Russia","Ufa","ООО Сатка-Авто","Estimated routing"
"Russia","Ufa","ООО Спутник","Estimated routing"
"Russia","Ufa","ООО Транс-Экспресс","Estimated routing"
"Russia","Ufa","ООО Уфа-Север (ИП Искалин Виктор Яковлевич)","Estimated routing"
"Russia","Ufa","ООО Фаэтон","Estimated routing"
"Russia","Ufa","ООО Фаэтон КПАТП-1","Estimated routing"
"Russia","Ufa","ООО Четвёртый автобусный парк Челябинска","Estimated routing"
"Russia","Ufa","Октябрьское АТП","Estimated routing"
"Russia","Ufa","Октябрьское АТП Уфимское АТП-3","Estimated routing"
"Russia","Ufa","Октябрьское АТП филиал ГУП РБ Башавтотранс","Estimated routing"
"Russia","Ufa","Салаватское АТП филиал ГУП РБ Башавтотрэнс","Estimated routing"
"Russia","Ufa","Сибайское АТП филиал ГУП РБ Башавтотранс","Estimated routing"
"Russia","Ufa","Стерлитамакское ПАТП филиал ГУП.РБ Башавтотранс","Estimated routing"
"Russia","Ufa","Туймазинское АТП филиал ГУП РБ Башавтотранс","Estimated routing"
"Russia","Ufa","Уфимское АТП № 1 филиал ГУП РБ Башавтотранс","Estimated routing"
"Russia","Ufa","Уфимское АТП-3 Нефтекамское ПАТП филиалы ГУП РБ Башавтотранс","Estimated routing"
"Russia","Ufa","Уфимское ПАТП № 1 филиал ГУП РБ Башавтотранс","Estimated routing"
"Russia","Ufa","Уфимское ПАТП-1 филиал ГУП РБ Башавтотранс","Estimated routing"
"Russia","Ufa","Уфимское ПАТП-3 Бирское АТП филиалы ГУП РБ Башавтотранс","Estimated routing"
"Russia","Ufa","Уфимское ПАТП-3 филиал ГУП РБ Башавтотранс","Estimated routing"
"Russia","Ufa","Учалинское АТП филиал ГУП РБ Башавтотранс","Estimated routing"
"Russia","Ufa","ЦТР Радуга","Estimated routing"
"Russia","Ulan-Ude","Transit agency (Ulan-Ude)","Estimated routing"
"Russia","Ulan-Ude","АО «Федеральная пассажирская компания»","Estimated routing"
"Russia","Ulan-Ude","АО Акционерная компания Железные дороги Якутии","Estimated routing"
"Russia","Ulan-Ude","АО Федеральная пасажирская компания","Estimated routing"
"Russia","Ulan-Ude","АО Федеральная пассажирская компания","Estimated routing"
"Russia","Ulan-Ude","ИП Бамбалаев Б.Б. ИП Осохеев В.Ч. ИП Сыренов С.А. ИП Анхаргаев А.С.","Estimated routing"
"Russia","Ulan-Ude","ИП Бурков М.Е.","Estimated routing"
"Russia","Ulan-Ude","ИП Сафонов И.И.","Estimated routing"
"Russia","Ulan-Ude","ИП Тухаренов С.А.","Estimated routing"
"Russia","Ulan-Ude","ИП Шакирова Г.И.","Estimated routing"
"Russia","Ulan-Ude","МУП Городские маршруты","Estimated routing"
"Russia","Ulan-Ude","МУП Городской транспорт","Estimated routing"
"Russia","Ulan-Ude","МУП Управление трамвая","Estimated routing"
"Russia","Ulan-Ude","НП ТК Лидер Транс","Estimated routing"
"Russia","Ulan-Ude","НПТК ООО Дархан-Авто","Estimated routing"
"Russia","Ulan-Ude","ОАО «РЖД» (АО «Байкальская пригородная пассажирская компания»)","Estimated routing"
"Russia","Ulan-Ude","ОАО Городские маршруты","Estimated routing"
"Russia","Ulan-Ude","ООО Автобусы Бурятии","Estimated routing"
"Russia","Ulan-Ude","ООО Байкал-Логистик","Estimated routing"
"Russia","Ulan-Ude","ООО Бурятия-Маршрут-Авто","Estimated routing"
"Russia","Ulan-Ude","ООО Городские маршруты","Estimated routing"
"Russia","Ulan-Ude","ООО Колонна № 6","Estimated routing"
"Russia","Ulan-Ude","ООО Контакт-Авто","Estimated routing"
"Russia","Ulan-Ude","ООО Перевозчик","Estimated routing"
"Russia","Ulan-Ude","ООО Тункаавтосервис ИП Лапсонов Р.Н. ООО Новотранс","Estimated routing"
"Russia","Ulan-Ude","ООО Экспресс-Восток","Estimated routing"
"Russia","Ulan-Ude","ООО Южный","Estimated routing"
"Russia","Velikie Luki","Transit agency (Velikiye Luki)","Estimated routing"
"Russia","Velikie Luki","АО «МТ ППК»","Estimated routing"
"Russia","Velikie Luki","АО «Федеральная пассажирская компания»","Estimated routing"
"Russia","Velikie Luki","ГППО Псковпассажравтотранс","Estimated routing"
"Russia","Velikie Luki","ГППО Славяне (Новосокольнический отряд ¹ и филиал Великолукский ²)","Estimated routing"
"Russia","Velikie Luki","ГППО Славяне (Новосокольнический отряд)","Estimated routing"
"Russia","Velikie Luki","ГППО Славяне (филиал Великолукский Усвятская ПБ)","Estimated routing"
"Russia","Velikie Luki","ГППО Славяне (филиал Великолукский в т.ч. Куньинская ПБ)","Estimated routing"
"Russia","Velikie Luki","ГППО Славяне (филиал Великолукский)","Estimated routing"
"Russia","Velikie Luki","ГППО Славяне (филиал Невельский)","Estimated routing"
"Russia","Velikie Luki","Группа Автоэкспресс (ООО ПаркСервис)","Estimated routing"
"Russia","Velikie Luki","ИП Карпенков","Estimated routing"
"Russia","Velikie Luki","ИП Коновалов А.В.","Estimated routing"
"Russia","Velikie Luki","ИП Солукова","Estimated routing"
"Russia","Velikie Luki","МУП Западнодвинское АТП","Estimated routing"
"Russia","Velikie Luki","ОАО «РЖД» (АО «Московско-Тверская пригородная пассажирская компания»)","Estimated routing"
"Russia","Velikie Luki","ОАО «РЖД» (АО «Северо-Западная пригородная пассажирская компания»)","Estimated routing"
"Russia","Velikie Luki","ОАО Витебскоблавтотранс (Колонна автомобильная)","Estimated routing"
"Russia","Velikie Luki","ООО Автолайн","Estimated routing"
"Russia","Velikie Luki","ООО Диспетчер плюс","Estimated routing"
"Russia","Velikie Luki","ООО Маршрут","Estimated routing"
"Russia","Velikie Luki","ООО Торопецкое АТП","Estimated routing"
"Russia","Velikie Luki","ООО транспортно-экспедиционная фирма АТЕК","Estimated routing"
"Russia","Velikie Luki","ПРОО Союз частных предпринимателей осуществляющих перевозку пассажиров","Estimated routing"
"Russia","Velikie Luki","СОГУП ВМАП г Смоленск","Estimated routing"
"Russia","Velikiy Novgorod","Transit agency (Lyubytino)","Estimated routing"
"Russia","Velikiy Novgorod","АО Федеральная пассажирская компания","Estimated routing"
"Russia","Velikiy Novgorod","Беларуская чыгунка","Estimated routing"
"Russia","Velikiy Novgorod","ГППО Псковпассажравтотранс","Estimated routing"
"Russia","Velikiy Novgorod","Дирекция скоростного сообщения – филиал ОАО «РЖД» (ДОСС)","Estimated routing"
"Russia","Velikiy Novgorod","ИП Баранов В.А.","Estimated routing"
"Russia","Velikiy Novgorod","ИП Голуб А.В.","Estimated routing"
"Russia","Velikiy Novgorod","ИП Иткин","Estimated routing"
"Russia","Velikiy Novgorod","ИП Кабаргин","Estimated routing"
"Russia","Velikiy Novgorod","ИП Луговая О.А.","Estimated routing"
"Russia","Velikiy Novgorod","ИП Луговая Ольга Анатольевна","Estimated routing"
"Russia","Velikiy Novgorod","ИП Смирнов В.Ю.","Estimated routing"
"Russia","Velikiy Novgorod","ОАО «РЖД» (АО «Северо-Западная пригородная пассажирская компания»)","Estimated routing"
"Russia","Velikiy Novgorod","ОАО Автобусный парк","Estimated routing"
"Russia","Velikiy Novgorod","ОАО МПАТП-1","Estimated routing"
"Russia","Velikiy Novgorod","ООО АТП-3","Estimated routing"
"Russia","Velikiy Novgorod","ООО АТП-3/ ОООАвтопрокат","Estimated routing"
"Russia","Velikiy Novgorod","ООО Автопрокат","Estimated routing"
"Russia","Velikiy Novgorod","ООО Автофлот Автоколонна-1601","Estimated routing"
"Russia","Velikiy Novgorod","ООО Боровичское ПАТП","Estimated routing"
"Russia","Velikiy Novgorod","ООО Валдайское АТП","Estimated routing"
"Russia","Velikiy Novgorod","ООО Городское ПАТП","Estimated routing"
"Russia","Velikiy Novgorod","ООО Демянское АТП","Estimated routing"
"Russia","Velikiy Novgorod","ООО Киришиавто","Estimated routing"
"Russia","Velikiy Novgorod","ООО Консульт-Центр / ООО Попутчик","Estimated routing"
"Russia","Velikiy Novgorod","ООО МПАТП-1","Estimated routing"
"Russia","Velikiy Novgorod","ООО Окуловское ПАТП","Estimated routing"
"Russia","Velikiy Novgorod","ООО ПАТП - Сервис (г. Старая Русса)","Estimated routing"
"Russia","Velikiy Novgorod","ООО ПАТП Великого Новгорода","Estimated routing"
"Russia","Velikiy Novgorod","ООО СКСавто","Estimated routing"
"Russia","Velikiy Novgorod","ООО СКСавто (ИП Кулик В.В.)","Estimated routing"
"Russia","Velikiy Novgorod","ООО СКСавто ИП Кулик В.В.","Estimated routing"
"Russia","Velikiy Novgorod","ООО Фабус","Estimated routing"
"Russia","Velikiy Novgorod","ТК Альтернатива","Estimated routing"
"Russia","Velikiy Novgorod","гипермаркет Лента","Estimated routing"
"Russia","Vladimir","Transit agency (Vladimir)","Estimated routing"
"Russia","Vladimir","Transit agency (Vyazniki)","Estimated routing"
"Russia","Vladimir","АO Федеральная пассажирская компания","Estimated routing"
"Russia","Vladimir","АО «Владимирпассажиртранс»","Estimated routing"
"Russia","Vladimir","АО «Федеральная пассажирская компания»","Estimated routing"
"Russia","Vladimir","АО Владимирпассажиртранс","Estimated routing"
"Russia","Vladimir","АО Гороховецкое АТП","Estimated routing"
"Russia","Vladimir","АО Суздальское АТП","Estimated routing"
"Russia","Vladimir","АО Федеральная пассажирская компания","Estimated routing"
"Russia","Vladimir","Дирекция скоростного сообщения – филиал ОАО «РЖД» (ДОСС)","Estimated routing"
"Russia","Vladimir","ИП Аббакумов А.В.","Estimated routing"
"Russia","Vladimir","ИП Джишкариани Тамара Джарназиевна","Estimated routing"
"Russia","Vladimir","ИП Екшова А.В.","Estimated routing"
"Russia","Vladimir","ИП Жаворонкова Яна Сергеевна","Estimated routing"
"Russia","Vladimir","ИП Журавлев Р. Н.","Estimated routing"
"Russia","Vladimir","ИП Захаров Юрий Владимирович","Estimated routing"
"Russia","Vladimir","ИП Князев Владимир Анатольевич","Estimated routing"
"Russia","Vladimir","ИП Маркелов Р.С.","Estimated routing"
"Russia","Vladimir","ИП Маслов В.В.","Estimated routing"
"Russia","Vladimir","ИП Маслов ПАТП+ г. Ковров","Estimated routing"
"Russia","Vladimir","ИП Михайлов А.Е.","Estimated routing"
"Russia","Vladimir","ИП Моисеенко Александр Викторович","Estimated routing"
"Russia","Vladimir","ИП Морозов Д.Ю.","Estimated routing"
"Russia","Vladimir","ИП Петров В.М.","Estimated routing"
"Russia","Vladimir","ИП Полтавцев А.Н. / ООО Транс-Авто плюс","Estimated routing"
"Russia","Vladimir","ИП Тимофеев А.В.","Estimated routing"
"Russia","Vladimir","ИП Фурманов В.И. ООО ПАТП-экспресс","Estimated routing"
"Russia","Vladimir","Кольчугинское АТП","Estimated routing"
"Russia","Vladimir","МУП АТП ЗАТО г. Радужный","Estimated routing"
"Russia","Vladimir","ОАО «РЖД» (АО «Волго-Вятская пригородная пассажирская компания»)","Estimated routing"
"Russia","Vladimir","ОАО «РЖД» (АО «Дирекция скоростного сообщения»)","Estimated routing"
"Russia","Vladimir","ОАО «РЖД» (АО «Центральная пригородная пассажирская компания»)","Estimated routing"
"Russia","Vladimir","ОАО Владимирпассажиртранс","Estimated routing"
"Russia","Vladimir","ОАО Камешковское АТП","Estimated routing"
"Russia","Vladimir","ОАО Меленковское АТП","Estimated routing"
"Russia","Vladimir","ОАО Селивановское АТП","Estimated routing"
"Russia","Vladimir","ОАО Суздальское АТП","Estimated routing"
"Russia","Vladimir","ООО Авто Лидер","Estimated routing"
"Russia","Vladimir","ООО АвтоТур","Estimated routing"
"Russia","Vladimir","ООО Виктория","Estimated routing"
"Russia","Vladimir","ООО Владимиравтотранс","Estimated routing"
"Russia","Vladimir","ООО Владимиравтотранс ИП Петров В.М. ГУП Владимирский автовокзал","Estimated routing"
"Russia","Vladimir","ООО Владимирское ПАТП","Estimated routing"
"Russia","Vladimir","ООО Драйв Авто","Estimated routing"
"Russia","Vladimir","ООО ДрайвАвто ИП Полтавцев А.Н","Estimated routing"
"Russia","Vladimir","ООО ЕвроТрансВладимир плюс","Estimated routing"
"Russia","Vladimir","ООО Евротрансвладимир","Estimated routing"
"Russia","Vladimir","ООО Евротрансвладимир плюс","Estimated routing"
"Russia","Vladimir","ООО Костромское ПАТП-2","Estimated routing"
"Russia","Vladimir","ООО Круиз-Авто","Estimated routing"
"Russia","Vladimir","ООО Междугородные пассажирские перевозки","Estimated routing"
"Russia","Vladimir","ООО ОКТО","Estimated routing"
"Russia","Vladimir","ООО ПАТП плюс","Estimated routing"
"Russia","Vladimir","ООО ПО АвтоТур","Estimated routing"
"Russia","Vladimir","ООО ПОАТиС","Estimated routing"
"Russia","Vladimir","ООО Попутчик-С","Estimated routing"
"Russia","Vladimir","ООО РТС","Estimated routing"
"Russia","Vladimir","ООО Ремонтно-техническая станция","Estimated routing"
"Russia","Vladimir","ООО СитиЛайн","Estimated routing"
"Russia","Vladimir","ООО СпецТранс","Estimated routing"
"Russia","Vladimir","ООО СпецТранс ИП Захаров Ю.В. АО Муромское ПАТП","Estimated routing"
"Russia","Vladimir","ООО Спецтранс","Estimated routing"
"Russia","Vladimir","ООО ТЭКС","Estimated routing"
"Russia","Vladimir","ООО Трансовт","Estimated routing"
"Russia","Vladimir","ООО Транссовт","Estimated routing"
"Russia","Vladimir","ООО Экспресс","Estimated routing"
"Russia","Vologda","Transit agency (Vologda)","Estimated routing"
"Russia","Vologda","АО «Федеральная пассажирская компания»","Estimated routing"
"Russia","Vologda","АО ПАТП-1","Estimated routing"
"Russia","Vologda","АО Федеральная пассажирская компания","Estimated routing"
"Russia","Vologda","ЗАО Бус Трэвел","Estimated routing"
"Russia","Vologda","ЗАО Великоустюгское ПАТП","Estimated routing"
"Russia","Vologda","ИП Алферьева Е.В.","Estimated routing"
"Russia","Vologda","ИП Алферьева Л.В.","Estimated routing"
"Russia","Vologda","ИП Ботвин А.А","Estimated routing"
"Russia","Vologda","ИП Веселкова Т.А.","Estimated routing"
"Russia","Vologda","ИП Водомерова Н.С.","Estimated routing"
"Russia","Vologda","ИП Водомерова Н.С. ИП Романова Н.А.","Estimated routing"
"Russia","Vologda","ИП Водомерова Н.С. ООО ВологдаТранс","Estimated routing"
"Russia","Vologda","ИП Зенькович Е.В.","Estimated routing"
"Russia","Vologda","ИП Калачиков С.В.","Estimated routing"
"Russia","Vologda","ИП Карпунин Е.Н. ИП Люлин С.А.","Estimated routing"
"Russia","Vologda","ИП Ковригин Д.В.","Estimated routing"
"Russia","Vologda","ИП Кольцов Г.В.","Estimated routing"
"Russia","Vologda","ИП Кузнецов С.А.","Estimated routing"
"Russia","Vologda","ИП Кулигин В.А.","Estimated routing"
"Russia","Vologda","ИП Литвиненко Ю.М.","Estimated routing"
"Russia","Vologda","ИП Львов В.Н.","Estimated routing"
"Russia","Vologda","ИП Люлин С.А.","Estimated routing"
"Russia","Vologda","ИП Мызин А.А.","Estimated routing"
"Russia","Vologda","ИП Неклюдов Н.К.","Estimated routing"
"Russia","Vologda","ИП Неклюдов О.К.","Estimated routing"
"Russia","Vologda","ИП Романова Н.А.","Estimated routing"
"Russia","Vologda","ИП Романова Н.А. ИП Войко Л.В.","Estimated routing"
"Russia","Vologda","ИП Румянцева Н.В.","Estimated routing"
"Russia","Vologda","ИП Сенных А.В.","Estimated routing"
"Russia","Vologda","ИП Шабанов М.З.Оглы","Estimated routing"
"Russia","Vologda","МУ ПАТП-1","Estimated routing"
"Russia","Vologda","МУ Усть-Кубинское АТП","Estimated routing"
"Russia","Vologda","МУ Усть-Кубинское АТП ИП Калачиков С.В.","Estimated routing"
"Russia","Vologda","МУП Автоколонна 1456 ¹ ИП Люлин С.А. ²","Estimated routing"
"Russia","Vologda","МУП Автоколонна № 1456","Estimated routing"
"Russia","Vologda","МУП Пассажирские перевозки","Estimated routing"
"Russia","Vologda","НП Перевозчики Пассажиров","Estimated routing"
"Russia","Vologda","НП Перевозчики Пассажиров г. Вологда","Estimated routing"
"Russia","Vologda","НП Перевозчики Пассажиров г.Вологда","Estimated routing"
"Russia","Vologda","НП Перевозчики пассажиров","Estimated routing"
"Russia","Vologda","НП Перевозчики пассажиров г.Вологда","Estimated routing"
"Russia","Vologda","НП Перевозчики пассажиров города Вологда","Estimated routing"
"Russia","Vologda","ОАО «РЖД» (АО «Северная пригородная пассажирская компания»)","Estimated routing"
"Russia","Vologda","ОАО Харовское АТП","Estimated routing"
"Russia","Vologda","ОАО Харовское АТП ИП Илюшова Л.В.","Estimated routing"
"Russia","Vologda","ООО АТП-Чагода ¹ ООО ВПБА Автобус ² МУП Автоколонна 1456 ³","Estimated routing"
"Russia","Vologda","ООО ВПБА Автобус","Estimated routing"
"Russia","Vologda","ООО ВПБА Автобус¹ ИП Алферьева Л.В.²","Estimated routing"
"Russia","Vologda","ООО ВологдаТранс","Estimated routing"
"Russia","Vologda","ООО Вологодское ПАТП","Estimated routing"
"Russia","Vologda","ООО Вытегорское ПАТП¹ ИП Бердников С.В.² ООО Автолайн³","Estimated routing"
"Russia","Vologda","ООО Городок","Estimated routing"
"Russia","Vologda","ООО ЗемСтрой","Estimated routing"
"Russia","Vologda","ООО Междуречье Авто","Estimated routing"
"Russia","Vologda","ООО ПАТП Летучий Голландец","Estimated routing"
"Russia","Vologda","ООО ПАТП Летучий Голландец ООО Междуречье Авто","Estimated routing"
"Russia","Vologda","ООО Петербургская транспортная компания","Estimated routing"
"Russia","Vologda","ООО ТЭК Транс-Сервис","Estimated routing"
"Russia","Vologda","ООО ТрансАвто","Estimated routing"
"Russia","Vologda","ООО Электротранс","Estimated routing"
"Russia","Vologda","Устюженское МУ ПАТП¹ ИП Люлин С.А.²","Estimated routing"
"Russia","Volzhskiy","Transit agency (Astrakhan)","Estimated routing"
"Russia","Volzhskiy","Transit agency (Volgograd)","Estimated routing"
"Russia","Volzhskiy","Transit agency (Volzhsky)","Estimated routing"
"Russia","Volzhskiy","АО «Федеральная пассажирская компания»","Estimated routing"
"Russia","Volzhskiy","АО Автоколонна 1210 (Владикавказ) ООО Межавто (Волжский)","Estimated routing"
"Russia","Volzhskiy","ВМУП Горэлектротранс","Estimated routing"
"Russia","Volzhskiy","ИП Авдеев Николай Иванович","Estimated routing"
"Russia","Volzhskiy","ИП Асриян К.Р. ИП Музыкантов А.А. ИП Тараскин Р.С. ИП Абрамян В.В. ИП Макаров С.А. ИП Блинников Ю.А. ИП Монич А.Г. ИП Арутюнян М.З.","Estimated routing"
"Russia","Volzhskiy","ИП Атавова Р.В.","Estimated routing"
"Russia","Volzhskiy","ИП Гуща С.Н. ИП Скворцов И.В. ИП Маслиева Н.Н. ИП Сычев Ю.И. ИП Колпаков А.В. ИП Калинин Д.А. ИП Сыровацкий Т.А. ИП Тюрин С.И. ИП Тюрин В.Ю. ИП Серенко А.А. ИП Шевченко Г.В. ИП Музыкантов А.А. ИП Вострикова Л.В. ИП Кастерин М.М.","Estimated routing"
"Russia","Volzhskiy","ИП Дмитрюк А.Л. ИП Каверин Д.Е. ИП Кругляков А.А. ИП Бублей В.А. ИП Долматова О.Г. ИП Горячева Л.И. ИП Сыровацкий Т.А. ИП Симаков А.С. ИП Монич А.Г. ИП Литвинов О.А. ИП Балабанова О.В. ИП Ассанович А.А. ИП Кармолин А.В. ИП Кобозев С.В.","Estimated routing"
"Russia","Volzhskiy","ИП Ефимов О.Н. ИП Чаусова С.Ю. ИП Губина Т.В. ИП Руссков П.М. ИП Макаров С.А. ИП Янчогло З.В. ИП Удалов А.А. ИП Пятышин О.И. ООО Алеко и К ИП Дизер А.В. ИП Горячева Л.И. ИП Мартыщенко Н.П. ИП Тюрина Н.А. ИП Бублей В.А. ИП Павлова О.Г.","Estimated routing"
"Russia","Volzhskiy","ИП Зимин А.В","Estimated routing"
"Russia","Volzhskiy","ИП Исайкин Д.А. и другие","Estimated routing"
"Russia","Volzhskiy","ИП Книга А.П. ИП Черепенников В.В. ИП Музыкантов А.А. ИП Брейкин А.Н. ИП Асриян К.Р. ИП Трутнева С.Л. ИП Токарев С.Е. ИП Неверов В.М. ИП Абрамян В.В. ИП Уздяев О.В. ИП Карасюк Г.В.","Estimated routing"
"Russia","Volzhskiy","ИП Кольвах Г.В. ИП Гуполов А.А. ИП Тарасов Ю.В.","Estimated routing"
"Russia","Volzhskiy","ИП Кольвах Г.В. ИП Маслиева Н.Н. ИП Гуполов А.А. ИП Двужилов А.Н. ИП Тюрин В.Ю. ИП Сыровацкий Т.А.","Estimated routing"
"Russia","Volzhskiy","ИП Кочкин В.Н.","Estimated routing"
"Russia","Volzhskiy","ИП Маслиева Н.Н.","Estimated routing"
"Russia","Volzhskiy","ИП Музыкантов А.А. ИП Брейкин А.Н. ИП Шубенков Г.Н. ИП Губина Т.В. ИП Токарев С.Е. ИП Чепурная Т.В. ИП Чаусова С.Ю. ООО Эксперт ИП Махмутов Д.В. ИП Крамской И.С. ИП Орешкина И.Э. ИП Божескова Н.А. ИП Линчанский Д.А.","Estimated routing"
"Russia","Volzhskiy","ИП Музыкантов А.А. ИП Федотов А.А. ИП Черенников В.В. ИП Морозов Е.А. ИП Красильщиков Н.Н. ИП Полтавский А.М. ИП Дога М.Ф. ИП Фоменко П.Н. ИП Токарев С.Е. ИП Тимофеев Н.А. ИП Янчогло З.В. ИП Рожкова А.А. ИП Васютин С.А.","Estimated routing"
"Russia","Volzhskiy","ИП Рябова А.А. ИП Василенко О.Ю. ИП Медведева Л.А. ИП Токарев С.Е. ИП Зимина Е.Н. ИП Темирбулатова Е.М. ИП Пенькова С.Г. ИП Шубенков В.Г. ИП Чепурная Т.В. ИП Житников А.А. ИП Кирейцев А.В. ИП Орешкина И.Э. ИП Вострикова Л.В.","Estimated routing"
"Russia","Volzhskiy","ИП Сазонова Е.Г.","Estimated routing"
"Russia","Volzhskiy","ИП Серикова Н.С. ИП Эликашвили Ю.В. ИП Мартыщенко В.П. ИП Востриков А.В. ИП Кольвах Г.В. ИП Осипов А.С. ИП Василенко О.Ю. ИП Гуполов А.А. ИП Блинников Ю.А. ИП Хохленко О.Ю. ИП Мартыщенко Н.П. ИП Ахмедов А.А.о. ИП Лазарев Е.А.","Estimated routing"
"Russia","Volzhskiy","ИП Страутинис И.А. ИП Кочергин Д.А. ИП Рябов С.И. ИП Кармолин А.В. ИП Селищев А.В. ИП Гуща С.Н. ИП Лисовол С.Т. ИП Удалов А.А. ИП Хачатрян Д.М. ИП Дмитрюк А.Л. ИП Фаталиева Э.Г. ИП Монич Г.Н. ИП Тарасов Ю.В. ИП Липчанский Д.А.","Estimated routing"
"Russia","Volzhskiy","ИП Токарев С.Е. ИП Телехин К.Ю. ИП Горячева Л.И.","Estimated routing"
"Russia","Volzhskiy","ИП Тюрин С.И. ИП Гуща С.В. ИП Каверин Д.Е. ИП Романенко Г.П. ИП Ерофеев В.Г. ИП Пискунов Е.М. ИП Фоменко П.Н. ИП Санжура И.В. ИП Руссков П.М. ИП Тарасов Ю.В. ИП Кастерин М.М. ИП Авдеева М.В. ИП Токарева М.М. ИП Горбунов В.М.","Estimated routing"
"Russia","Volzhskiy","ИП Федотов А.А. ИП Гуща С.Н. ИП Громова О.Ю. ИП Кананыхин В.Н. ИП Тарасов Ю.В. ИП Кольвах Г.В. ИП Селищев А.В. ИП Щербинин Д.А. ИП Деменков В.А. ИП Карпова И.Н. ИП Селезнев К.П. ИП Корятов В.М.","Estimated routing"
"Russia","Volzhskiy","ИП Цигельнюк О.Н.","Estimated routing"
"Russia","Volzhskiy","ИП Шевченко Г.В. ИП Кольвах Г.В. ИП Гуполов А.А. ООО Алеко и К ИП Осипов А.С. ИП Тарасов Ю.В. ИП Токарев С.Е. ИП Пенькова С.Г. ИП Авдеева М.В. ИП Ториков В.И. ИП Пономарёв А.А. ИП Горячева Л.И.","Estimated routing"
"Russia","Volzhskiy","ИП Юсупов С-А.С. ИП Шубенков В.Г. ИП Коростин В.В. ИП Вострикова Л.В. ИП Борисов С.С. ИП Щербаков А.В. ИП Ягодин М.Д. ИП Пискунов Е.М. ИП Токарева М.М. ИП Ивлиев А.Ю. ИП Нестеров Е.В. ИП Гавриленко Р.В. ИП Кляузова А.И.","Estimated routing"
"Russia","Volzhskiy","МУП Волжская Автоколонна #1732","Estimated routing"
"Russia","Volzhskiy","МУП Волжская автоколонна № 1732","Estimated routing"
"Russia","Volzhskiy","МУП Волжская автоколонна №1732","Estimated routing"
"Russia","Volzhskiy","ОАО «РЖД» (АО «ВолгоградТрансПригород»)","Estimated routing"
"Russia","Volzhskiy","ООО АТП Волжский","Estimated routing"
"Russia","Volzhskiy","ООО Авто ТрансПрофи Волжский","Estimated routing"
"Russia","Volzhskiy","ООО Алеко И К","Estimated routing"
"Russia","Volzhskiy","ООО Волгоградский автобусный парк","Estimated routing"
"Russia","Volzhskiy","ООО Диана Тур","Estimated routing"
"Russia","Volzhskiy","ООО МежАвто","Estimated routing"
"Russia","Volzhskiy","ООО Резерв","Estimated routing"
"Russia","Volzhskiy","ООО ТЭК-Вираж","Estimated routing"
"Russia","Volzhskiy","ПТ НП СНП ИП Пятышин О.И. ИП Руднев Д.Б. ИП Резник П.Г. ИП Никитина Е.В.","Estimated routing"
"Russia","Volzhskiy","ПТ Слобода ИП Бегма Е.В. ИП Кузьмин М.В. ИП Лазарева Т.В. ИП Никульшина Л.П. ООО Алеко и К ИП Сергеев В.В. ИП Рыбников В.В. ИП Востриков А.В. ИП Крамаренко Д.М. ИП Пташковская Т.В.","Estimated routing"
"Russia","Voronezh","508 - АО ВПАТП-3 660 - ИП Гусейнов А.С.О.","Estimated routing"
"Russia","Voronezh","Castorama","Estimated routing"
"Russia","Voronezh","METRO","Estimated routing"
"Russia","Voronezh","Transit agency (Astrakhan)","Estimated routing"
"Russia","Voronezh","Transit agency (Belgorod)","Estimated routing"
"Russia","Voronezh","Transit agency (Buturlinovka)","Estimated routing"
"Russia","Voronezh","Transit agency (Uryupinsk )","Estimated routing"
"Russia","Voronezh","Transit agency (Voronezh)","Estimated routing"
"Russia","Voronezh","АО «Пригородная пассажирская компания «Черноземье»","Estimated routing"
"Russia","Voronezh","АО «Федеральная пассажирская компания»","Estimated routing"
"Russia","Voronezh","АО ВПАТП № 3","Estimated routing"
"Russia","Voronezh","АО ВПАТП-3","Estimated routing"
"Russia","Voronezh","АО ВПАТП-3 (Каширское отделение)","Estimated routing"
"Russia","Voronezh","АО ВПАТП-3 ИП Ветров В.А. ИП Барсуков А.И.","Estimated routing"
"Russia","Voronezh","АО ВПАТП-3 ОАО Хохольское АТП","Estimated routing"
"Russia","Voronezh","АО ВПАТП-3 ООО Бобровавто","Estimated routing"
"Russia","Voronezh","АО ВПАТП-3 ООО Мамон-жилсервис","Estimated routing"
"Russia","Voronezh","АО Воронежское ПАТП-3","Estimated routing"
"Russia","Voronezh","АО Гранд Сервис Экспресс","Estimated routing"
"Russia","Voronezh","АО Лискинское ПАТП","Estimated routing"
"Russia","Voronezh","АО ППК Черноземье","Estimated routing"
"Russia","Voronezh","АО Пригородная пассажирская компания Черноземье","Estimated routing"
"Russia","Voronezh","АО РЖД/АО Федеральная пассажирская компания","Estimated routing"
"Russia","Voronezh","АО ТК Гранд Сервис Экспресс","Estimated routing"
"Russia","Voronezh","АО Федеральная пассажирская компания","Estimated routing"
"Russia","Voronezh","Беларуская Чыгунка","Estimated routing"
"Russia","Voronezh","ЕМУП Автоколонна №1499","Estimated routing"
"Russia","Voronezh","Заказные автобусы","Estimated routing"
"Russia","Voronezh","ИП Агеев Ю.Н.","Estimated routing"
"Russia","Voronezh","ИП Ахметов М.Р. и другие","Estimated routing"
"Russia","Voronezh","ИП Баранов И.С.","Estimated routing"
"Russia","Voronezh","ИП Гриднев Е.Е.","Estimated routing"
"Russia","Voronezh","ИП Гусейнов А.С.","Estimated routing"
"Russia","Voronezh","ИП Гусейнов А.С.О. и другие","Estimated routing"
"Russia","Voronezh","ИП Денисов О.Г.","Estimated routing"
"Russia","Voronezh","ИП Домрина М.В","Estimated routing"
"Russia","Voronezh","ИП Дубенский А.В.","Estimated routing"
"Russia","Voronezh","ИП Захаров О.В","Estimated routing"
"Russia","Voronezh","ИП Исайкин Д.А. и другие","Estimated routing"
"Russia","Voronezh","ИП Ишкова Т.Г.","Estimated routing"
"Russia","Voronezh","ИП Капустин Ю.В.","Estimated routing"
"Russia","Voronezh","ИП Колесников В.С. / Колесникова Е.В.","Estimated routing"
"Russia","Voronezh","ИП Колчин","Estimated routing"
"Russia","Voronezh","ИП Колчин А.И.","Estimated routing"
"Russia","Voronezh","ИП Колчин А.И. АО ВПАТП №3 (сезонный)","Estimated routing"
"Russia","Voronezh","ИП Крицин В.Н.","Estimated routing"
"Russia","Voronezh","ИП Крицин В.П.","Estimated routing"
"Russia","Voronezh","ИП Крылов В.И.","Estimated routing"
"Russia","Voronezh","ИП Ларин В.И.","Estimated routing"
"Russia","Voronezh","ИП Мамаева Светлана Анатольевна","Estimated routing"
"Russia","Voronezh","ИП Матыцин Сергей Владимирович","Estimated routing"
"Russia","Voronezh","ИП Мещеряков В.И.","Estimated routing"
"Russia","Voronezh","ИП Морковский А.В.","Estimated routing"
"Russia","Voronezh","ИП Очнев А.В.","Estimated routing"
"Russia","Voronezh","ИП Положышник Э.А.","Estimated routing"
"Russia","Voronezh","ИП Романовский И.А.","Estimated routing"
"Russia","Voronezh","ИП Рудницких Ю.Г.","Estimated routing"
"Russia","Voronezh","ИП Сафонов","Estimated routing"
"Russia","Voronezh","ИП Стаханов С.В.","Estimated routing"
"Russia","Voronezh","ИП Федотова Е.П.","Estimated routing"
"Russia","Voronezh","ИП Хорохордин С.Н. ЗАО Движение","Estimated routing"
"Russia","Voronezh","Индивидуальный Предприниматель Колчин Александр Иванович","Estimated routing"
"Russia","Voronezh","МКП МТК ВоронежПассажирТранс","Estimated routing"
"Russia","Voronezh","МКП МТК Воронежпассажиртанс","Estimated routing"
"Russia","Voronezh","МКП МТК Воронежпассажиртранс","Estimated routing"
"Russia","Voronezh","МУП Верхнехавское ПАП","Estimated routing"
"Russia","Voronezh","МУП Репьевкатранссервис","Estimated routing"
"Russia","Voronezh","ОАО «РЖД» (АО «Пригородная пассажирская компания «Черноземье»)","Estimated routing"
"Russia","Voronezh","ОАО «РЖД»/АО «Пригородная пассажирская компания «Черноземье»","Estimated routing"
"Russia","Voronezh","ОАО ВПАТП-3","Estimated routing"
"Russia","Voronezh","ОАО ВПАТП-3 ИП Исайкин ОАО Богучарское АТП","Estimated routing"
"Russia","Voronezh","ОАО ВПАТП-3 ООО ПАТП-1149 ИП Колчин","Estimated routing"
"Russia","Voronezh","ОАО Воловское АТП","Estimated routing"
"Russia","Voronezh","ОАО Землянское АТП","Estimated routing"
"Russia","Voronezh","ОАО Липецкие автобусные линии","Estimated routing"
"Russia","Voronezh","ОАО ПАТП #1149","Estimated routing"
"Russia","Voronezh","ОАО ПАТП-3","Estimated routing"
"Russia","Voronezh","ОАО РЖД/АО ФПК","Estimated routing"
"Russia","Voronezh","ОАО РЖД/АО Федеральная пассажирская компания","Estimated routing"
"Russia","Voronezh","ОАО Семилукское АТП","Estimated routing"
"Russia","Voronezh","ОАО Семилукское АТП ООО Авто","Estimated routing"
"Russia","Voronezh","ОАО Семилукское АТП ООО ПАТП-1149","Estimated routing"
"Russia","Voronezh","ОАО Таловское АТП","Estimated routing"
"Russia","Voronezh","ОАО Тербунское АТП","Estimated routing"
"Russia","Voronezh","ОАО Хохольское АТП","Estimated routing"
"Russia","Voronezh","ОАО Хохольское АТП (площадка Гремячье)","Estimated routing"
"Russia","Voronezh","ООО АНУШ","Estimated routing"
"Russia","Voronezh","ООО АТП-1","Estimated routing"
"Russia","Voronezh","ООО Авто","Estimated routing"
"Russia","Voronezh","ООО Авто-Трейд","Estimated routing"
"Russia","Voronezh","ООО Автоколонна № 1363 АО ВПАТП-3","Estimated routing"
"Russia","Voronezh","ООО Автолайн+","Estimated routing"
"Russia","Voronezh","ООО Автолайн+.","Estimated routing"
"Russia","Voronezh","ООО Автомиг","Estimated routing"
"Russia","Voronezh","ООО Автотранссервис","Estimated routing"
"Russia","Voronezh","ООО Автоуслуги-Н","Estimated routing"
"Russia","Voronezh","ООО Автоэкспресс-Днепр","Estimated routing"
"Russia","Voronezh","ООО Бобровавто","Estimated routing"
"Russia","Voronezh","ООО ВТК","Estimated routing"
"Russia","Voronezh","ООО Воронежская Городская Транспортная Компания","Estimated routing"
"Russia","Voronezh","ООО Воронежская Транспортная Компания","Estimated routing"
"Russia","Voronezh","ООО Воронежская Транспортная Компания ООО Евролиния-2","Estimated routing"
"Russia","Voronezh","ООО Воронежская городская транспортная компания","Estimated routing"
"Russia","Voronezh","ООО Долгоруковское АТП","Estimated routing"
"Russia","Voronezh","ООО Каширское АТП","Estimated routing"
"Russia","Voronezh","ООО Курскавтотранс","Estimated routing"
"Russia","Voronezh","ООО Курскавтотранс ООО Экспресс-Авто","Estimated routing"
"Russia","Voronezh","ООО НПП Радуга","Estimated routing"
"Russia","Voronezh","ООО НТК","Estimated routing"
"Russia","Voronezh","ООО Нижнедевицкое АТП","Estimated routing"
"Russia","Voronezh","ООО Новоусманская транспортная корпорация","Estimated routing"
"Russia","Voronezh","ООО Оптиум ИП Исайкин Д.А.","Estimated routing"
"Russia","Voronezh","ООО Отдых+","Estimated routing"
"Russia","Voronezh","ООО ПАРК","Estimated routing"
"Russia","Voronezh","ООО ПАРК ООО ПАТП-1149","Estimated routing"
"Russia","Voronezh","ООО ПАТП-5","Estimated routing"
"Russia","Voronezh","ООО ПТП-4К","Estimated routing"
"Russia","Voronezh","ООО ПТП-4к","Estimated routing"
"Russia","Voronezh","ООО ПЭЛ ООО ТК Экспресс Авто","Estimated routing"
"Russia","Voronezh","ООО Павловсклогистик","Estimated routing"
"Russia","Voronezh","ООО Пегас-Тур","Estimated routing"
"Russia","Voronezh","ООО Симферопольская транспортная компания","Estimated routing"
"Russia","Voronezh","ООО ТК Автолайн+","Estimated routing"
"Russia","Voronezh","ООО ТК Автотранс","Estimated routing"
"Russia","Voronezh","ООО Транспортная компания Экспресс Авто","Estimated routing"
"Russia","Voronezh","ООО Тяга/ВолгаЛайн","Estimated routing"
"Russia","Voronezh","ООО Фенко-Авто","Estimated routing"
"Russia","Voronezh","ООО Экспресс (Автоимпульс)","Estimated routing"
"Russia","Voronezh","ПАО ВПАТП №3 ОАО Тулаавтотранс (Автоколонна № 1411)","Estimated routing"
"Russia","Voronezh","ПАО ВПАТП-3 ООО Автовокзал город Россошь","Estimated routing"
"Russia","Voronezh","Санаторий имени Горького","Estimated routing"
"Russia","Voronezh","ТД ЦДМ","Estimated routing"
"Russia","Voronezh","ЧАО ДОПАС","Estimated routing"
"Russia","Yaroslavl","-","Estimated routing"
"Russia","Yaroslavl","Transit agency (Breytovo)","Estimated routing"
"Russia","Yaroslavl","Transit agency (Yaroslavl)","Estimated routing"
"Russia","Yaroslavl","АО «Федеральная пассажирская компания»","Estimated routing"
"Russia","Yaroslavl","АО ПАТП-1","Estimated routing"
"Russia","Yaroslavl","АО ПАТП-1 г. Ярославля","Estimated routing"
"Russia","Yaroslavl","АО ПАТП-1 г. Ярославля","Estimated routing"
"Russia","Yaroslavl","АО Федеральная пассажирская компания","Estimated routing"
"Russia","Yaroslavl","АО ЯрГорЭлектроТранс","Estimated routing"
"Russia","Yaroslavl","АО Яргорэлектротранс","Estimated routing"
"Russia","Yaroslavl","АО Ярославская транспортная компания","Estimated routing"
"Russia","Yaroslavl","АО Ярославское АТП","Estimated routing"
"Russia","Yaroslavl","АО Ярославское АТП","Estimated routing"
"Russia","Yaroslavl","АО Ярославское АТП (Пошехонское АТП)","Estimated routing"
"Russia","Yaroslavl","АО Ярославское АТП (Ростовский филиал)¹ МУП Борисоглебское АТП²","Estimated routing"
"Russia","Yaroslavl","АО Ярославское АТП (Шестихинский филиал)","Estimated routing"
"Russia","Yaroslavl","АО Ярославское АТП ОАО АТП Ярославич","Estimated routing"
"Russia","Yaroslavl","ГП ЯО Ярославское АТП (Гаврилов-Ямский филиал)","Estimated routing"
"Russia","Yaroslavl","ГП ЯО Ярославское АТП (Переславский филиал)","Estimated routing"
"Russia","Yaroslavl","ГП ЯО Ярославское АТП (Рыбинский¹ и Пошехонский² филиалы)","Estimated routing"
"Russia","Yaroslavl","ГП ЯО Ярославское АТП (Шестихинский филиал)","Estimated routing"
"Russia","Yaroslavl","ГУП Башавтотранс филиал Уфимское АТП 3","Estimated routing"
"Russia","Yaroslavl","Гаврилов-Ямский филиал АО Ярославское АТП","Estimated routing"
"Russia","Yaroslavl","ЗАО Бус Трэвел","Estimated routing"
"Russia","Yaroslavl","ЗАО Даниловское АТП","Estimated routing"
"Russia","Yaroslavl","ИП Воронин А.В.","Estimated routing"
"Russia","Yaroslavl","ИП Гирфанов Х.В.","Estimated routing"
"Russia","Yaroslavl","ИП Журавлёв М.В","Estimated routing"
"Russia","Yaroslavl","ИП Журавлёв М.В.","Estimated routing"
"Russia","Yaroslavl","ИП Куликова Е.А.","Estimated routing"
"Russia","Yaroslavl","ИП Курнина Наталья Евгеньевна","Estimated routing"
"Russia","Yaroslavl","ИП Лаптева О.В.","Estimated routing"
"Russia","Yaroslavl","ИП Лосев С.А.","Estimated routing"
"Russia","Yaroslavl","ИП Моисеенко Александр Викторович","Estimated routing"
"Russia","Yaroslavl","ИП Намазов А.Х.","Estimated routing"
"Russia","Yaroslavl","ИП Орлова С.П.","Estimated routing"
"Russia","Yaroslavl","ИП Разживин Александр Львович","Estimated routing"
"Russia","Yaroslavl","ИП Селезнев А.В. ИП Маляров Е.В. ИП Травникова Е.М.","Estimated routing"
"Russia","Yaroslavl","ИП Соловьев Виктор Николаевич","Estimated routing"
"Russia","Yaroslavl","ИП Сударкин О.Г.","Estimated routing"
"Russia","Yaroslavl","ИП Сударкина С.Ф.","Estimated routing"
"Russia","Yaroslavl","ИП Травникова Е.М. ИП Столбенко М.И.","Estimated routing"
"Russia","Yaroslavl","ИП Фомин Алексей Сергеевич","Estimated routing"
"Russia","Yaroslavl","МУП Автоколонна № 1456","Estimated routing"
"Russia","Yaroslavl","ОАО «РЖД» (АО «Дирекция скоростного сообщения»)","Estimated routing"
"Russia","Yaroslavl","ОАО «РЖД» (АО «Северная пригородная пассажирская компания»)","Estimated routing"
"Russia","Yaroslavl","ОАО Ярославский речной порт","Estimated routing"
"Russia","Yaroslavl","ОАО Ярославское ПАТП №3 (сп г.Углич)","Estimated routing"
"Russia","Yaroslavl","ОАО Ярославское ПАТП №3 ГП ЯО Ярославское АТП (Гаврилов-Ямский филиал)","Estimated routing"
"Russia","Yaroslavl","ОАО Ярославское ПАТП-3","Estimated routing"
"Russia","Yaroslavl","ООО «Экипаж»","Estimated routing"
"Russia","Yaroslavl","ООО АВТОКРАТ","Estimated routing"
"Russia","Yaroslavl","ООО АВТОМИГ","Estimated routing"
"Russia","Yaroslavl","ООО Автократ","Estimated routing"
"Russia","Yaroslavl","ООО Автомиг","Estimated routing"
"Russia","Yaroslavl","ООО Альянс-Авто","Estimated routing"
"Russia","Yaroslavl","ООО Вест Лайн","Estimated routing"
"Russia","Yaroslavl","ООО Владимирское ПАТП","Estimated routing"
"Russia","Yaroslavl","ООО Волтакс-Транс","Estimated routing"
"Russia","Yaroslavl","ООО Гирфтранс","Estimated routing"
"Russia","Yaroslavl","ООО Костромское ПАТП-2","Estimated routing"
"Russia","Yaroslavl","ООО Любимское АТП ОАО Ярославское ПАТП №3","Estimated routing"
"Russia","Yaroslavl","ООО Междуречье Авто","Estimated routing"
"Russia","Yaroslavl","ООО ПАТП-8","Estimated routing"
"Russia","Yaroslavl","ООО Первая пассажирская компания","Estimated routing"
"Russia","Yaroslavl","ООО РусТранс ООО ЯрЛайн","Estimated routing"
"Russia","Yaroslavl","ООО Рыбинское ПАТП №1","Estimated routing"
"Russia","Yaroslavl","ООО ТК 55-я Парраллель / ЦППК","Estimated routing"
"Russia","Yaroslavl","ООО Транском-Авто","Estimated routing"
"Russia","Yaroslavl","ООО Трансмагистраль","Estimated routing"
"Russia","Yaroslavl","ООО Трансэкспедиция","Estimated routing"
"Russia","Yaroslavl","ООО Ярославская транспортная компания-2","Estimated routing"
"Russia","Yaroslavl","Ростовский филиал АО Ярославское АТП","Estimated routing"
"Russia","Yoshkar-Ola","Transit agency (Yoshkar-Ola)","Estimated routing"
"Russia","Yoshkar-Ola","АО «Федеральная пассажирская компания»","Estimated routing"
"Russia","Yoshkar-Ola","АО ЕКА","Estimated routing"
"Russia","Yoshkar-Ola","АО ППК Содружество","Estimated routing"
"Russia","Yoshkar-Ola","АО Федеральная пассажирская компания","Estimated routing"
"Russia","Yoshkar-Ola","ИП Ахмадуллин Р.К.","Estimated routing"
"Russia","Yoshkar-Ola","ИП Булычев А.В.","Estimated routing"
"Russia","Yoshkar-Ola","ИП Деревцов Д.А.","Estimated routing"
"Russia","Yoshkar-Ola","ИП Жилин Г.А.","Estimated routing"
"Russia","Yoshkar-Ola","ИП Жиров Н.А.","Estimated routing"
"Russia","Yoshkar-Ola","ИП Киткаев Г.Г.","Estimated routing"
"Russia","Yoshkar-Ola","ИП Колин С.В.","Estimated routing"
"Russia","Yoshkar-Ola","ИП Корнаухов А.Г.","Estimated routing"
"Russia","Yoshkar-Ola","ИП Кудрявцев Д.Г.","Estimated routing"
"Russia","Yoshkar-Ola","ИП Кузнецова Г.М.","Estimated routing"
"Russia","Yoshkar-Ola","ИП Кузнецова С.В.","Estimated routing"
"Russia","Yoshkar-Ola","ИП Лазарев В.А.","Estimated routing"
"Russia","Yoshkar-Ola","ИП Пермогорский С.Л.","Estimated routing"
"Russia","Yoshkar-Ola","ИП Поздеев В.С.","Estimated routing"
"Russia","Yoshkar-Ola","ИП Потейко Г.Г.","Estimated routing"
"Russia","Yoshkar-Ola","ИП Самигуллин Р.М.","Estimated routing"
"Russia","Yoshkar-Ola","ИП Семёнова С.А.","Estimated routing"
"Russia","Yoshkar-Ola","ИП Смирнов С.А.","Estimated routing"
"Russia","Yoshkar-Ola","ИП Софронова А.Г.","Estimated routing"
"Russia","Yoshkar-Ola","ИП Чечулин Ю.В.","Estimated routing"
"Russia","Yoshkar-Ola","ИП Чучелин Ю.В.","Estimated routing"
"Russia","Yoshkar-Ola","ИП Шимина Л.А.","Estimated routing"
"Russia","Yoshkar-Ola","МП Троллейбусный транспорт","Estimated routing"
"Russia","Yoshkar-Ola","МУП Шарангское ПАП","Estimated routing"
"Russia","Yoshkar-Ola","Марийская транспортная компания","Estimated routing"
"Russia","Yoshkar-Ola","ООО АТП г. Нижний Новгород ИП Мызина С.А.","Estimated routing"
"Russia","Yoshkar-Ola","ООО Авто-Альянс","Estimated routing"
"Russia","Yoshkar-Ola","ООО Автолайн-12","Estimated routing"
"Russia","Yoshkar-Ola","ООО Автоплюс","Estimated routing"
"Russia","Yoshkar-Ola","ООО Автоплюс ИП Кудрявцев Д.Г.","Estimated routing"
"Russia","Yoshkar-Ola","ООО Волжские пассажирские перевозки","Estimated routing"
"Russia","Yoshkar-Ola","ООО Пассажирские перевозки - город","Estimated routing"
"Russia","Yoshkar-Ola","ООО Первая Транспортная Компания","Estimated routing"
"Russia","Yoshkar-Ola","ООО Первая транспортная компания","Estimated routing"
"Russia","Yoshkar-Ola","ООО Сервис-Профи","Estimated routing"
"Russia","Yoshkar-Ola","ООО ТК Автолига","Estimated routing"
"Russia","Yoshkar-Ola","ООО Трансфер-12","Estimated routing"
"Russia","Yoshkar-Ola","ООО Тур Престиж (ООО Express-Line)","Estimated routing"
"Russia","Yuzhno-Sakhalinsk","Transit agency (Nevelsk)","Estimated routing"
"Russia","Yuzhno-Sakhalinsk","Transit agency (Poronaysk)","Estimated routing"
"Russia","Yuzhno-Sakhalinsk","Transit agency (Uglegorsk (Sakhalinskaya oblast))","Estimated routing"
"Russia","Yuzhno-Sakhalinsk","Transit agency (Yuzhno-Sakhalinsk)","Estimated routing"
"Russia","Yuzhno-Sakhalinsk","АО «Пассажирская компания «Сахалин»","Estimated routing"
"Russia","Yuzhno-Sakhalinsk","ИП Круглов В. М.","Estimated routing"
"Russia","Yuzhno-Sakhalinsk","ИП Круглов В.М.","Estimated routing"
"Russia","Yuzhno-Sakhalinsk","ИП Муродбекзода Д.","Estimated routing"
"Russia","Yuzhno-Sakhalinsk","ИП Пухтицкий И.Н.","Estimated routing"
"Russia","Yuzhno-Sakhalinsk","МУП Транспортная компания","Estimated routing"
"Russia","Yuzhno-Sakhalinsk","ОАО «РЖД» (АО «Пассажирская компания «Сахалин»)","Estimated routing"
"Russia","Yuzhno-Sakhalinsk","ОАО «РЖД» (Южно-Сахалинская детская железная дорога)","Estimated routing"
"Russia","Yuzhno-Sakhalinsk","ОАО Сахалинавтотранс","Estimated routing"
"Russia","Yuzhno-Sakhalinsk","ООО Автоколонна 1407","Estimated routing"
"Russia","Yuzhno-Sakhalinsk","ООО Корсаковское автотранспортное предприятие","Estimated routing"
"Russia","Yuzhno-Sakhalinsk","ООО Фирма ПАТП-3","Estimated routing"
"Russia","Yuzhno-Sakhalinsk","ООО Холмское ПАТП","Estimated routing"
"Russia","Yuzhno-Sakhalinsk","СТК Горный воздух","Estimated routing"
"Scotland","Aberdeen","Caledonian Sleeper","Realtime routing"
"Scotland","Aberdeen","CrossCountry","Realtime routing"
"Scotland","Aberdeen","Ember","Realtime routing"
"Scotland","Aberdeen","First Aberdeen","Realtime routing"
"Scotland","Aberdeen","FlixBus","Realtime routing"
"Scotland","Aberdeen","LNER","Realtime routing"
"Scotland","Aberdeen","Park's of Hamilton","Realtime routing"
"Scotland","Aberdeen","ScotRail","Realtime routing"
"Scotland","Aberdeen","Scottish Citylink","Realtime routing"
"Scotland","Aberdeen","Stagecoach Bluebird","Realtime routing"
"Scotland","Aberdeen","Stagecoach East Scotland","Realtime routing"
"Scotland","Aberdeen","Watermill Coaches","Realtime routing"
"Scotland","Aberdeen","Xplore Dundee","Realtime routing"
"Scotland","Dundee","Caledonian Sleeper","Realtime routing"
"Scotland","Dundee","CrossCountry","Realtime routing"
"Scotland","Dundee","Ember","Realtime routing"
"Scotland","Dundee","FlixBus","Realtime routing"
"Scotland","Dundee","J P Minibus","Realtime routing"
"Scotland","Dundee","LNER","Realtime routing"
"Scotland","Dundee","Moffat & Williamson","Realtime routing"
"Scotland","Dundee","Park's of Hamilton","Realtime routing"
"Scotland","Dundee","ScotRail","Realtime routing"
"Scotland","Dundee","Scottish Citylink","Realtime routing"
"Scotland","Dundee","Stagecoach East Scotland","Realtime routing"
"Scotland","Dundee","Xplore Dundee","Realtime routing"
"Scotland","Edinburgh","Avanti West Coast","Realtime routing"
"Scotland","Edinburgh","Borders Buses","Realtime routing"
"Scotland","Edinburgh","Caledonian Sleeper","Realtime routing"
"Scotland","Edinburgh","CrossCountry","Realtime routing"
"Scotland","Edinburgh","East Coast Buses","Realtime routing"
"Scotland","Edinburgh","Edinburgh Trams","Realtime routing"
"Scotland","Edinburgh","Ember","Realtime routing"
"Scotland","Edinburgh","FlixBus","Realtime routing"
"Scotland","Edinburgh","HcL","Realtime routing"
"Scotland","Edinburgh","Houston's Minicoaches","Realtime routing"
"Scotland","Edinburgh","LNER","Realtime routing"
"Scotland","Edinburgh","Lothian Buses","Realtime routing"
"Scotland","Edinburgh","Lothian Community Transport","Realtime routing"
"Scotland","Edinburgh","Lothian Country Buses","Realtime routing"
"Scotland","Edinburgh","Lumo","Realtime routing"
"Scotland","Edinburgh","Megabus","Realtime routing"
"Scotland","Edinburgh","Midland Bluebird","Realtime routing"
"Scotland","Edinburgh","National Express","Realtime routing"
"Scotland","Edinburgh","Park's of Hamilton","Realtime routing"
"Scotland","Edinburgh","Prentice Coaches","Realtime routing"
"Scotland","Edinburgh","SD Travel","Realtime routing"
"Scotland","Edinburgh","ScotRail","Realtime routing"
"Scotland","Edinburgh","Scottish Citylink","Realtime routing"
"Scotland","Edinburgh","Stagecoach East Scotland","Realtime routing"
"Scotland","Edinburgh","TransPennine Express","Realtime routing"
"Scotland","Glasgow","ARG Travel","Realtime routing"
"Scotland","Glasgow","Avanti West Coast","Realtime routing"
"Scotland","Glasgow","Avondale Coaches","Realtime routing"
"Scotland","Glasgow","Caledonian Sleeper","Realtime routing"
"Scotland","Glasgow","Climate Action Strathaven","Realtime routing"
"Scotland","Glasgow","Colchri Coaches","Realtime routing"
"Scotland","Glasgow","Community Transport Glasgow","Realtime routing"
"Scotland","Glasgow","CrossCountry","Realtime routing"
"Scotland","Glasgow","Ember","Realtime routing"
"Scotland","Glasgow","First Greater Glasgow","Realtime routing"
"Scotland","Glasgow","FlixBus","Realtime routing"
"Scotland","Glasgow","Hobson Travel","Realtime routing"
"Scotland","Glasgow","JMB Travel","Realtime routing"
"Scotland","Glasgow","Lumo","Realtime routing"
"Scotland","Glasgow","McColls Travel","Realtime routing"
"Scotland","Glasgow","McGill's","Realtime routing"
"Scotland","Glasgow","Megabus","Realtime routing"
"Scotland","Glasgow","Midland Bluebird","Realtime routing"
"Scotland","Glasgow","National Express","Realtime routing"
"Scotland","Glasgow","North Area Transport Association","Realtime routing"
"Scotland","Glasgow","PVT Transfer","Realtime routing"
"Scotland","Glasgow","Park's of Hamilton","Realtime routing"
"Scotland","Glasgow","SPT Subway","Realtime routing"
"Scotland","Glasgow","ScotRail","Realtime routing"
"Scotland","Glasgow","Scottish Citylink","Realtime routing"
"Scotland","Glasgow","Shuttle Buses","Realtime routing"
"Scotland","Glasgow","Stagecoach East Scotland","Realtime routing"
"Scotland","Glasgow","Stagecoach West Scotland","Realtime routing"
"Scotland","Glasgow","Stuart's Coaches","Realtime routing"
"Scotland","Glasgow","Todd's Travel","Realtime routing"
"Scotland","Glasgow","TransPennine Express","Realtime routing"
"Scotland","Glasgow","United Coaches","Realtime routing"
"Scotland","Glasgow","West Coast Motors","Realtime routing"
"Serbia","Belgrade","Beograd Plus - Sekretarijat za javni prevoz Gradska uprava Grada Beograda","Estimated routing"
"Serbia","Belgrade","Eurolines SA","Estimated routing"
"Serbia","Belgrade","FlixBus","Timetable routing"
"Serbia","Belgrade","Lasta","Estimated routing"
"Serbia","Belgrade","SP Lasta","Estimated routing"
"Serbia","Belgrade","Serbian Railways","Estimated routing"
"Serbia","Belgrade","Železnice Srbije","Estimated routing"
"Serbia","Belgrade","ЈКП ''ГСП Београд'' СП ''Земун''","Estimated routing"
"Serbia","Belgrade","ЈКП ГСП Београд - СП Дорћол","Estimated routing"
"Serbia","Belgrade","ГСП Београд","Estimated routing"
"Serbia","Belgrade","Група Приватних Аутопревозника","Estimated routing"
"Serbia","Belgrade","Железнице Србије","Estimated routing"
"Serbia","Cukarica","Beograd Plus - Sekretarijat za javni prevoz Gradska uprava Grada Beograda","Estimated routing"
"Serbia","Cukarica","Plavi Prevoz","Estimated routing"
"Serbia","Cukarica","SP Lasta","Estimated routing"
"Serbia","Cukarica","Група Приватних Аутопревозника","Estimated routing"
"Serbia","Nis","FlixBus","Timetable routing"
"Serbia","Nis","Lasta a.d. Beograd","Timetable routing"
"Serbia","Nis","Niš-ekspres","Timetable routing"
"Serbia","Nis","Strela-Obrenovac","Timetable routing"
"Serbia","Nis","Ласта Београд","Estimated routing"
"Serbia","Nis","Ниш-експрес","Estimated routing"
"Serbia","Vozdovac","Beograd Plus - Sekretarijat za javni prevoz Gradska uprava Grada Beograda","Estimated routing"
"Serbia","Vozdovac","Lasta","Estimated routing"
"Serbia","Vozdovac","Železnice Srbije","Estimated routing"
"Serbia","Vozdovac","Група Приватних Аутопревозника","Estimated routing"
"Serbia","Zvezdara","Beograd Plus - Sekretarijat za javni prevoz Gradska uprava Grada Beograda","Estimated routing"
"Serbia","Zvezdara","Група Приватних Аутопревозника","Estimated routing"
"Singapore","Singapore","APT Travel Pte Ltd","Estimated routing"
"Singapore","Singapore","BatamFast","Estimated routing"
"Singapore","Singapore","Bintan Resort Ferries","Estimated routing"
"Singapore","Singapore","City Bus Services","Estimated routing"
"Singapore","Singapore","City Transit Pte Ltd","Estimated routing"
"Singapore","Singapore","ComfortDelGro Bus Pte Ltd","Estimated routing"
"Singapore","Singapore","Deconti Trans","Estimated routing"
"Singapore","Singapore","Diamond Coach Singapore Pte Ltd","Estimated routing"
"Singapore","Singapore","F1 Transport","Estimated routing"
"Singapore","Singapore","Go-Ahead Singapore","Timetable routing"
"Singapore","Singapore","Horizon Fast Ferry","Estimated routing"
"Singapore","Singapore","K.H.Ng Bus Transport Pte Ltd","Estimated routing"
"Singapore","Singapore","KTMB","Estimated routing"
"Singapore","Singapore","Loh Gim Chong Transport","Estimated routing"
"Singapore","Singapore","Majestic Fast Ferry","Estimated routing"
"Singapore","Singapore","National Parks Board","Estimated routing"
"Singapore","Singapore","Ng Ing Tsair Bus Service","Estimated routing"
"Singapore","Singapore","Premium Bus Service","Estimated routing"
"Singapore","Singapore","Ren Quan Transport","Estimated routing"
"Singapore","Singapore","SBS Transit","Timetable routing"
"Singapore","Singapore","SBS Transit Ltd.","Estimated routing"
"Singapore","Singapore","SMRT Corporation","Timetable routing"
"Singapore","Singapore","SMRT Corporation Ltd.","Estimated routing"
"Singapore","Singapore","Sentosa Development Corporation","Estimated routing"
"Singapore","Singapore","Sindo Ferry","Estimated routing"
"Singapore","Singapore","Tower Transit","Timetable routing"
"Singapore","Singapore","XingSheng Transport Services","Estimated routing"
"Singapore","Singapore","Yeoong Charter Bus","Estimated routing"
"Slovakia","Bratislava","ARRIVA Mobility Solution","Timetable routing"
"Slovakia","Bratislava","BlaBlaCar Bus","Timetable routing"
"Slovakia","Bratislava","Ceske Drahy","Realtime routing"
"Slovakia","Bratislava","Dopravný podnik Bratislava","Timetable routing"
"Slovakia","Bratislava","Dopravný podnik Bratislava a. s.","Estimated routing"
"Slovakia","Bratislava","Dopravný podnik Bratislava, a.s.","Timetable routing"
"Slovakia","Bratislava","Dopravný podnik Bratislava, akciová spoločnosť","Estimated routing"
"Slovakia","Bratislava","Eurolines SA","Estimated routing"
"Slovakia","Bratislava","FlixBus","Timetable routing"
"Slovakia","Bratislava","MAV","Realtime routing"
"Slovakia","Bratislava","OEBB Personenverkehr AG Kundenservice","Timetable routing"
"Slovakia","Bratislava","Raaberbahn AG GYSEV Zrt.","Timetable routing"
"Slovakia","Bratislava","ZSSK","Realtime routing"
"Slovakia","Bratislava","Zeleznice Slovenskej republiky","Timetable routing"
"Slovakia","Bratislava","Železničná spoločnosť Slovensko, a.s.","Timetable routing"
"Slovenia","Ljubljana","BlaBlaCar Bus","Timetable routing"
"Slovenia","Ljubljana","Eurolines SA","Estimated routing"
"Slovenia","Ljubljana","FlixBus","Timetable routing"
"Slovenia","Ljubljana","HZZP","Realtime routing"
"Slovenia","Ljubljana","Ljubljanski Potniški Promet","Estimated routing"
"Slovenia","Ljubljana","OEBB Personenverkehr AG Kundenservice","Timetable routing"
"Slovenia","Ljubljana","Schweizerische Bundesbahnen","Timetable routing"
"Slovenia","Ljubljana","Slovenske železnice","Estimated routing"
"Slovenia","Ljubljana","Sonstige Verkehrsunternehmen","Timetable routing"
"Slovenia","Ljubljana","Transit agency (Ljubljana)","Estimated routing"
"Slovenia","Ljubljana","ÖBB","Realtime routing"
"South Africa","Johannesburg","Gautrain","Estimated routing"
"South Africa","Johannesburg","Joburg Metrobus","Estimated routing"
"South Africa","Johannesburg","Rea Vaya","Estimated routing"
"Spain","A Coruña","ALSA","Timetable routing"
"Spain","A Coruña","Autos Sigrás Carral, S.A.","Estimated routing"
"Spain","A Coruña","BlaBlaCar Bus","Timetable routing"
"Spain","A Coruña","FlixBus","Timetable routing"
"Spain","A Coruña","RENFE OPERADORA","Timetable routing"
"Spain","A Coruña","Transporte Público de Galicia","Timetable routing"
"Spain","A Coruña","Tranvías de La Coruña, S.A.","Timetable routing"
"Spain","Alcalá de Henares","ALSA","Timetable routing"
"Spain","Alcalá de Henares","AUTOCARES SAMAR - Grupo SAMAR","Timetable routing"
"Spain","Alcalá de Henares","Consorcio Regional de Transportes de Madrid","Timetable routing"
"Spain","Alcalá de Henares","RENFE OPERADORA","Timetable routing"
"Spain","Alcalá de Henares","Renfe Cercanias","Timetable routing"
"Spain","Alcobendas","AISA","Estimated routing"
"Spain","Alcobendas","ALSA","Timetable routing"
"Spain","Alcobendas","Consorcio Regional de Transportes de Madrid","Timetable routing"
"Spain","Alcobendas","Metro","Timetable routing"
"Spain","Alcobendas","Renfe Cercanias","Timetable routing"
"Spain","Alcorcón","AUTOCARES SAMAR - Grupo SAMAR","Timetable routing"
"Spain","Alcorcón","Consorcio Regional de Transportes de Madrid","Timetable routing"
"Spain","Alcorcón","LA VELOZ - Grupo SAMAR","Timetable routing"
"Spain","Alcorcón","Metro","Timetable routing"
"Spain","Alcorcón","Renfe Cercanias","Timetable routing"
"Spain","Alicante","ALSA","Timetable routing"
"Spain","Alicante","Alacant - Orihuela","Timetable routing"
"Spain","Alicante","Alacant Metropolitano","Timetable routing"
"Spain","Alicante","Alacant – Torrellano [2021]","Timetable routing"
"Spain","Alicante","Alacant – Villena e hijuelas [2021]","Timetable routing"
"Spain","Alicante","Bilmanbus,S.L.","Timetable routing"
"Spain","Alicante","BlaBlaCar Bus","Timetable routing"
"Spain","Alicante","Elx Rodalia","Timetable routing"
"Spain","Alicante","Eurolines SA","Estimated routing"
"Spain","Alicante","FlixBus","Timetable routing"
"Spain","Alicante","Les Marines - Alacant","Timetable routing"
"Spain","Alicante","OUIGO Espana","Timetable routing"
"Spain","Alicante","RENFE OPERADORA","Timetable routing"
"Spain","Alicante","Renfe Cercanias","Timetable routing"
"Spain","Alicante","Tram Alicante","Timetable routing"
"Spain","Alicante","UTE MIA","Timetable routing"
"Spain","Alicante","València - Alacant/Elx","Timetable routing"
"Spain","Badalona","Autocares R. Font, SAU","Timetable routing"
"Spain","Badalona","CASAS","Timetable routing"
"Spain","Badalona","DIREXIS TUSGSAL","Realtime routing"
"Spain","Badalona","Empresa Casas, SA","Timetable routing"
"Spain","Badalona","Empresa Sagalés, SA","Timetable routing"
"Spain","Badalona","Empresa Sagalés, SA i Empresa Casas, SA","Timetable routing"
"Spain","Badalona","Renfe Cercanias","Timetable routing"
"Spain","Badalona","Rodalies de Catalunya - Renfe Cercanías","Timetable routing"
"Spain","Badalona","Sagalés (Vallès Oriental)","Timetable routing"
"Spain","Badalona","TRAMBESÒS","Timetable routing"
"Spain","Badalona","Transports Metropolitans de Barcelona","Timetable routing"
"Spain","Barakaldo","ALSA","Timetable routing"
"Spain","Barakaldo","Autobuses La Unión, S.A.","Timetable routing"
"Spain","Barakaldo","Bilbobus","Timetable routing"
"Spain","Barakaldo","Bizkaibus","Timetable routing"
"Spain","Barakaldo","Kbus","Timetable routing"
"Spain","Barakaldo","Metro Bilbao","Timetable routing"
"Spain","Barakaldo","Renfe Cercanias","Timetable routing"
"Spain","Barcelona","17 Bages Bus, SAU","Timetable routing"
"Spain","Barcelona","25 Osona Bus, SA","Timetable routing"
"Spain","Barcelona","ALSA","Timetable routing"
"Spain","Barcelona","AUTOCARES SAMAR - Grupo SAMAR","Timetable routing"
"Spain","Barcelona","Autocares Julià, SL","Timetable routing"
"Spain","Barcelona","Autocares R. Font, SAU","Timetable routing"
"Spain","Barcelona","Autocares R. Font, SAU i Marfina Bus, SA","Timetable routing"
"Spain","Barcelona","Autocorb","Timetable routing"
"Spain","Barcelona","Avanza","Realtime routing"
"Spain","Barcelona","Avanza División Norte","Timetable routing"
"Spain","Barcelona","Balearia","Timetable routing"
"Spain","Barcelona","Barcelona Bus, SL","Timetable routing"
"Spain","Barcelona","Barcelona de Serveis Municipals","Estimated routing"
"Spain","Barcelona","BlaBlaCar Bus","Timetable routing"
"Spain","Barcelona","CASAS","Timetable routing"
"Spain","Barcelona","Cingles Bus, SA","Timetable routing"
"Spain","Barcelona","Cintoi Bus - Empresa Plana","Timetable routing"
"Spain","Barcelona","Cintoi Bus, SL","Timetable routing"
"Spain","Barcelona","DIREXIS TUSGSAL","Realtime routing"
"Spain","Barcelona","Empresa Casas, SA","Timetable routing"
"Spain","Barcelona","Empresa Sagalés, SA","Timetable routing"
"Spain","Barcelona","Empresa Sagalés, SA i Empresa Casas, SA","Timetable routing"
"Spain","Barcelona","Eurolines SA","Estimated routing"
"Spain","Barcelona","FGC","Timetable routing"
"Spain","Barcelona","Ferrocarriles y Transportes, SA","Timetable routing"
"Spain","Barcelona","FlixBus","Timetable routing"
"Spain","Barcelona","Grimaldi Group S.p.A","Timetable routing"
"Spain","Barcelona","Hispano Hilarienca, SA","Timetable routing"
"Spain","Barcelona","La Hispano Igualadina, SL","Timetable routing"
"Spain","Barcelona","La Hispano Llacunense, SL","Timetable routing"
"Spain","Barcelona","La Hispano de Fuente en Segures, SA (HIFE)","Timetable routing"
"Spain","Barcelona","La Vallesana, SA","Timetable routing"
"Spain","Barcelona","Marfina Bus, SA","Timetable routing"
"Spain","Barcelona","Monbus (Aerobús)","Realtime routing"
"Spain","Barcelona","Monbus (Horta)","Realtime routing"
"Spain","Barcelona","Monbus i Julià","Realtime routing"
"Spain","Barcelona","Moventis","Realtime routing"
"Spain","Barcelona","Moventis (Port)","Realtime routing"
"Spain","Barcelona","OCEdefault","Realtime routing"
"Spain","Barcelona","OUIGO Espana","Timetable routing"
"Spain","Barcelona","RENFE OPERADORA","Timetable routing"
"Spain","Barcelona","Renfe Cercanias","Timetable routing"
"Spain","Barcelona","Rodalies de Catalunya - Renfe Cercanías","Timetable routing"
"Spain","Barcelona","SA Alsina Graells de Auto Transportes","Timetable routing"
"Spain","Barcelona","SARBUS","Timetable routing"
"Spain","Barcelona","SARFA","Timetable routing"
"Spain","Barcelona","SARFA SL","Timetable routing"
"Spain","Barcelona","Sagalés (Bages)","Timetable routing"
"Spain","Barcelona","Sagalés (Costa)","Timetable routing"
"Spain","Barcelona","Sagalés (Mataró - St. Celoni)","Timetable routing"
"Spain","Barcelona","Sagalés (Osona)","Timetable routing"
"Spain","Barcelona","Sagalés (Vallès Oriental)","Timetable routing"
"Spain","Barcelona","Soler i Sauret","Realtime routing"
"Spain","Barcelona","Soler i Sauret S.A.","Estimated routing"
"Spain","Barcelona","Soler i Sauret, SA","Timetable routing"
"Spain","Barcelona","TCC","Timetable routing"
"Spain","Barcelona","TRAMBAIX","Timetable routing"
"Spain","Barcelona","TRAMBESÒS","Timetable routing"
"Spain","Barcelona","Teleféricos de Barcelona S.A.","Estimated routing"
"Spain","Barcelona","Teresa y José Plana, Empresa Plana, SL","Timetable routing"
"Spain","Barcelona","Transportes Generales de Olesa, SA","Timetable routing"
"Spain","Barcelona","Transports Elèctrics Interurbans S.A.","Timetable routing"
"Spain","Barcelona","Transports Elèctrics Interurbans, SA -TEISA-","Timetable routing"
"Spain","Barcelona","Transports Generals d'Olesa","Timetable routing"
"Spain","Barcelona","Transports Metropolitans de Barcelona","Timetable routing"
"Spain","Bilbao","ALSA","Timetable routing"
"Spain","Bilbao","Artxandako Funikularra","Timetable routing"
"Spain","Bilbao","Autobuses La Unión, S.A.","Timetable routing"
"Spain","Bilbao","Bilbobus","Timetable routing"
"Spain","Bilbao","Bilmanbus,S.L.","Timetable routing"
"Spain","Bilbao","Bizkaibus","Timetable routing"
"Spain","Bilbao","BlaBlaCar Bus","Timetable routing"
"Spain","Bilbao","Erandiobusa","Timetable routing"
"Spain","Bilbao","Eurolines SA","Estimated routing"
"Spain","Bilbao","Euskotren Tranbia Bilbao","Timetable routing"
"Spain","Bilbao","Euskotren Trena","Timetable routing"
"Spain","Bilbao","FlixBus","Timetable routing"
"Spain","Bilbao","Lurraldebus Transportes Pesa S.a.","Timetable routing"
"Spain","Bilbao","Metro Bilbao","Timetable routing"
"Spain","Bilbao","RENFE OPERADORA","Timetable routing"
"Spain","Bilbao","Renfe Cercanias","Timetable routing"
"Spain","Bilbao","Álavabus","Timetable routing"
"Spain","Cadiz","ALSA","Timetable routing"
"Spain","Cadiz","AVANZABUS","Estimated routing"
"Spain","Cadiz","RENFE OPERADORA","Timetable routing"
"Spain","Cadiz","Red de Consorcios de Transporte de Andalucía - Bahía de Cádiz","Timetable routing"
"Spain","Cadiz","Renfe Cercanias","Timetable routing"
"Spain","Castellón de la Plana","ALSA","Timetable routing"
"Spain","Castellón de la Plana","BlaBlaCar Bus","Timetable routing"
"Spain","Castellón de la Plana","Castelló de la Plana - Alcañiz i Castelló de la Plana - Vinaroz","Timetable routing"
"Spain","Castellón de la Plana","Castelló de la Plana-València amb prolongació a Vinarós","Timetable routing"
"Spain","Castellón de la Plana","Eurolines SA","Estimated routing"
"Spain","Castellón de la Plana","FlixBus","Timetable routing"
"Spain","Castellón de la Plana","La Vall d'Uixó - Castelló de la Plana","Timetable routing"
"Spain","Castellón de la Plana","RENFE OPERADORA","Timetable routing"
"Spain","Castellón de la Plana","Renfe Cercanias","Timetable routing"
"Spain","Castellón de la Plana","TRAM Castelló de la Plana","Timetable routing"
"Spain","Castellón de la Plana","TUCS","Timetable routing"
"Spain","Castellón de la Plana","Vilafranca del Cid-València","Timetable routing"
"Spain","Fuenlabrada","ALSA","Timetable routing"
"Spain","Fuenlabrada","Consorcio Regional de Transportes de Madrid","Timetable routing"
"Spain","Fuenlabrada","Metro","Timetable routing"
"Spain","Fuenlabrada","RENFE OPERADORA","Timetable routing"
"Spain","Fuenlabrada","Renfe Cercanias","Timetable routing"
"Spain","Getafe","ALSA","Timetable routing"
"Spain","Getafe","AUTOCARES SAMAR - Grupo SAMAR","Timetable routing"
"Spain","Getafe","Consorcio Regional de Transportes de Madrid","Timetable routing"
"Spain","Getafe","Metro","Timetable routing"
"Spain","Getafe","Renfe Cercanias","Timetable routing"
"Spain","Gijón","ALSA","Timetable routing"
"Spain","Gijón","Autocares Mariano SL","Timetable routing"
"Spain","Gijón","Autocares Medina SL","Timetable routing"
"Spain","Gijón","Automóviles Luarca SAU","Timetable routing"
"Spain","Gijón","Autos Xavina SL","Timetable routing"
"Spain","Gijón","Consorcio Autos Sama - Autocares Mariano","Timetable routing"
"Spain","Gijón","Pedro Pablo Álvarez García SLU","Timetable routing"
"Spain","Gijón","RENFE","Timetable routing"
"Spain","Gijón","RENFE OPERADORA","Timetable routing"
"Spain","Gijón","Renfe Cercanias","Timetable routing"
"Spain","Granada","ALSA","Timetable routing"
"Spain","Granada","AVANZABUS","Estimated routing"
"Spain","Granada","Eurolines SA","Estimated routing"
"Spain","Granada","FlixBus","Timetable routing"
"Spain","Granada","J. González","Estimated routing"
"Spain","Granada","Metropolitano de Granada","Timetable routing"
"Spain","Granada","RENFE OPERADORA","Timetable routing"
"Spain","Granada","Red de Consorcios de Transporte de Andalucía - Área de Granada","Timetable routing"
"Spain","Granada","TranspRober","Timetable routing"
"Spain","Las Palmas of Gran Canaria","Global Salcai-Utinsa","Estimated routing"
"Spain","Las Palmas of Gran Canaria","Guaguas Municipales","Timetable routing"
"Spain","Leganés","Consorcio Regional de Transportes de Madrid","Timetable routing"
"Spain","Leganés","Metro","Timetable routing"
"Spain","Leganés","RENFE OPERADORA","Timetable routing"
"Spain","Leganés","Renfe Cercanias","Timetable routing"
"Spain","León","ALSA","Timetable routing"
"Spain","León","FEVE","Timetable routing"
"Spain","León","FlixBus","Timetable routing"
"Spain","León","RENFE OPERADORA","Timetable routing"
"Spain","León","Renfe Cercanias","Timetable routing"
"Spain","Logrono","ALSA","Timetable routing"
"Spain","Logrono","Arribas","Timetable routing"
"Spain","Logrono","Bilmanbus,S.L.","Timetable routing"
"Spain","Logrono","Jimenez","Timetable routing"
"Spain","Logrono","Logroza","Timetable routing"
"Spain","Logrono","RENFE OPERADORA","Timetable routing"
"Spain","Logrono","Riojacar","Timetable routing"
"Spain","Logrono","Álavabus","Timetable routing"
"Spain","Los Llanos de Aridane","Transportes Insulares La Palma","Timetable routing"
"Spain","Mahon","AUTOS FORNELLS, SL","Timetable routing"
"Spain","Mahon","TMSA, Transporte Regular, SL","Timetable routing"
"Spain","Mahon","TORRES ALLÈS AUTOCARES, SL","Timetable routing"
"Spain","Mataró","Barcelona Bus, SL","Timetable routing"
"Spain","Mataró","CASAS","Timetable routing"
"Spain","Mataró","Cingles Bus, SA","Timetable routing"
"Spain","Mataró","Empresa Casas, SA","Timetable routing"
"Spain","Mataró","MATARO","Timetable routing"
"Spain","Mataró","Renfe Cercanias","Timetable routing"
"Spain","Mataró","Rodalies de Catalunya - Renfe Cercanías","Timetable routing"
"Spain","Mataró","Sagalés (Costa)","Timetable routing"
"Spain","Mataró","Sagalés (Mataró - St. Celoni)","Timetable routing"
"Spain","Móstoles","AUTOCARES SAMAR - Grupo SAMAR","Timetable routing"
"Spain","Móstoles","Consorcio Regional de Transportes de Madrid","Timetable routing"
"Spain","Móstoles","LA VELOZ - Grupo SAMAR","Timetable routing"
"Spain","Móstoles","Metro","Timetable routing"
"Spain","Móstoles","Renfe Cercanias","Timetable routing"
"Spain","Ourense","ALSA","Timetable routing"
"Spain","Ourense","Eurolines SA","Estimated routing"
"Spain","Ourense","RENFE OPERADORA","Timetable routing"
"Spain","Ourense","Transporte Público de Galicia","Timetable routing"
"Spain","Ourense","Urbanos de Ourense","Timetable routing"
"Spain","Oviedo","ALSA","Timetable routing"
"Spain","Oviedo","Autocares Jesús Manuel Álvarez Álvarez SL","Timetable routing"
"Spain","Oviedo","Automóviles Luarca SAU","Timetable routing"
"Spain","Oviedo","Autos Jano SL","Timetable routing"
"Spain","Oviedo","BlaBlaCar Bus","Timetable routing"
"Spain","Oviedo","FlixBus","Timetable routing"
"Spain","Oviedo","La Fresneda 2025 UTE","Timetable routing"
"Spain","Oviedo","RENFE","Timetable routing"
"Spain","Oviedo","RENFE OPERADORA","Timetable routing"
"Spain","Oviedo","Renfe Cercanias","Timetable routing"
"Spain","Oviedo","Rotratour SL","Timetable routing"
"Spain","Oviedo","Transportes Bimenes SL","Timetable routing"
"Spain","Oviedo","Transportes Unidos de Asturias SL","Timetable routing"
"Spain","Oviedo","Transportes Zapico SL","Timetable routing"
"Spain","Palma de Mallorca","Autocares Rafael Nadal","Timetable routing"
"Spain","Palma de Mallorca","Balearia","Timetable routing"
"Spain","Palma de Mallorca","Empresa Municipal de Transports Urbans de Palma de Mallorca","Timetable routing"
"Spain","Palma de Mallorca","Ferrocarril de Sóller S.A.","Estimated routing"
"Spain","Palma de Mallorca","Grupo Ruiz","Timetable routing"
"Spain","Palma de Mallorca","Moventis","Timetable routing"
"Spain","Palma de Mallorca","SFM R4","Timetable routing"
"Spain","Palma de Mallorca","Sagalés-Caldentey","Timetable routing"
"Spain","Pamplona","ALSA","Timetable routing"
"Spain","Pamplona","Conda S.A.","Timetable routing"
"Spain","Pamplona","Eurolines SA","Estimated routing"
"Spain","Pamplona","Inter-Arriaga S.L.","Timetable routing"
"Spain","Pamplona","La Burundesa S.A.U","Timetable routing"
"Spain","Pamplona","RENFE OPERADORA","Timetable routing"
"Spain","Pamplona","TCC Pamplona","Timetable routing"
"Spain","Pamplona","Álavabus","Timetable routing"
"Spain","Parla","ALSA","Timetable routing"
"Spain","Parla","AUTOCARES SAMAR - Grupo SAMAR","Timetable routing"
"Spain","Parla","Consorcio Regional de Transportes de Madrid","Timetable routing"
"Spain","Parla","Renfe Cercanias","Timetable routing"
"Spain","Reus","ALSA","Timetable routing"
"Spain","Reus","La Hispano Igualadina","Estimated routing"
"Spain","Reus","La Hispano Igualadina, SL","Timetable routing"
"Spain","Reus","La Hispano de Fuente en Segures, SA (HIFE)","Timetable routing"
"Spain","Reus","RENFE OPERADORA","Timetable routing"
"Spain","Reus","REUS TRANSPORT","Timetable routing"
"Spain","Reus","Renfe Cercanias","Timetable routing"
"Spain","Reus","Teresa y José Plana, Empresa Plana, SL","Timetable routing"
"Spain","Reus","Transports Públics del Priorat i Doménech, SL","Timetable routing"
"Spain","Sabadell","Cingles Bus, SA","Timetable routing"
"Spain","Sabadell","Empresa Sagalés, SA","Timetable routing"
"Spain","Sabadell","FGC","Timetable routing"
"Spain","Sabadell","Ferrocarriles y Transportes, SA","Timetable routing"
"Spain","Sabadell","La Vallesana, SA","Timetable routing"
"Spain","Sabadell","Marfina Bus, SA","Timetable routing"
"Spain","Sabadell","Renfe Cercanias","Timetable routing"
"Spain","Sabadell","Rodalies de Catalunya - Renfe Cercanías","Timetable routing"
"Spain","Sabadell","SA Alsina Graells de Auto Transportes","Timetable routing"
"Spain","Sabadell","SARBUS","Timetable routing"
"Spain","Sabadell","Sagalés (Mataró - St. Celoni)","Timetable routing"
"Spain","Sabadell","Sagalés (Vallès Oriental)","Timetable routing"
"Spain","Sabadell","Transports Urbans de Sabadell","Timetable routing"
"Spain","Salamanca","ALSA","Timetable routing"
"Spain","Salamanca","ANCEBUS, SL","Timetable routing"
"Spain","Salamanca","Autocares Huerta S.L.","Estimated routing"
"Spain","Salamanca","BlaBlaCar Bus","Timetable routing"
"Spain","Salamanca","Eurolines SA","Estimated routing"
"Spain","Salamanca","FlixBus","Timetable routing"
"Spain","Salamanca","RENFE OPERADORA","Timetable routing"
"Spain","Salamanca","Salamanca de Transportes S.A","Timetable routing"
"Spain","Salamanca","VIAGON AUTOCARES SL","Timetable routing"
"Spain","San Cristóbal de La Laguna","Metropolitano de Tenerife","Timetable routing"
"Spain","San Cristóbal de La Laguna","TITSA","Realtime routing"
"Spain","San Sebastián","ALSA","Timetable routing"
"Spain","San Sebastián","Autobuses La Guipuzcoana S.l.","Timetable routing"
"Spain","San Sebastián","BlaBlaCar Bus","Timetable routing"
"Spain","San Sebastián","Dbus","Timetable routing"
"Spain","San Sebastián","Ekialdebus","Timetable routing"
"Spain","San Sebastián","Eurolines SA","Estimated routing"
"Spain","San Sebastián","Euskotren Trena","Timetable routing"
"Spain","San Sebastián","FlixBus","Timetable routing"
"Spain","San Sebastián","Interurbano Tolosa Buruntzaldea","Timetable routing"
"Spain","San Sebastián","LURRALDEBUS AUTOBUSES GARAYAR S.A.","Estimated routing"
"Spain","San Sebastián","LURRALDEBUS CIA TRANVIA DE TOLOSA","Timetable routing"
"Spain","San Sebastián","LURRALDEBUS HIJOS DE ANTONIO AREIZAGA S.A.","Estimated routing"
"Spain","San Sebastián","Lur-z-04_bilman Bus S.l.","Timetable routing"
"Spain","San Sebastián","Lurraldebus Euskotren","Timetable routing"
"Spain","San Sebastián","Lurraldebus Transportes Pesa S.a.","Timetable routing"
"Spain","San Sebastián","Lurraldebus Urbano De Errenteria","Timetable routing"
"Spain","San Sebastián","RENFE OPERADORA","Timetable routing"
"Spain","San Sebastián","Renfe Cercanias","Timetable routing"
"Spain","Santa Coloma de Gramenet","Autocares R. Font, SAU","Timetable routing"
"Spain","Santa Coloma de Gramenet","DIREXIS TUSGSAL","Realtime routing"
"Spain","Santa Coloma de Gramenet","Empresa Sagalés, SA","Timetable routing"
"Spain","Santa Coloma de Gramenet","Sagalés (Vallès Oriental)","Timetable routing"
"Spain","Santa Coloma de Gramenet","Transports Metropolitans de Barcelona","Timetable routing"
"Spain","Santa Cruz de Tenerife","Balearia","Timetable routing"
"Spain","Santa Cruz de Tenerife","Metropolitano de Tenerife","Timetable routing"
"Spain","Santa Cruz de Tenerife","TITSA","Realtime routing"
"Spain","Santander","A.La Cantabrica de Comillas,S.A.","Timetable routing"
"Spain","Santander","ALSA","Timetable routing"
"Spain","Santander","Autobuses Palomera,S.A.","Timetable routing"
"Spain","Santander","Autotour Aranda Calderon,S.L.","Timetable routing"
"Spain","Santander","Bilmanbus,S.L.","Timetable routing"
"Spain","Santander","FlixBus","Timetable routing"
"Spain","Santander","RENFE OPERADORA","Timetable routing"
"Spain","Santander","Renfe Cercanias","Timetable routing"
"Spain","Santander","S.M.T.U. SANTANDER (TUS)","Timetable routing"
"Spain","Santander","Turytrans,S.A.","Timetable routing"
"Spain","Seville","ALSA","Timetable routing"
"Spain","Seville","AVANZABUS","Estimated routing"
"Spain","Seville","BlaBlaCar Bus","Timetable routing"
"Spain","Seville","Eurolines SA","Estimated routing"
"Spain","Seville","FlixBus","Timetable routing"
"Spain","Seville","Metro de Sevilla","Timetable routing"
"Spain","Seville","OUIGO Espana","Timetable routing"
"Spain","Seville","RENFE OPERADORA","Timetable routing"
"Spain","Seville","Red de Consorcios de Transporte de Andalucía - Área de Sevilla","Timetable routing"
"Spain","Seville","Renfe Cercanias","Timetable routing"
"Spain","Seville","Transportes Urbanos de Sevilla S.A.M.","Timetable routing"
"Spain","Tarragona","ALSA","Timetable routing"
"Spain","Tarragona","AUTOCARES SAMAR - Grupo SAMAR","Timetable routing"
"Spain","Tarragona","Autocars del Penedès, SA","Timetable routing"
"Spain","Tarragona","BlaBlaCar Bus","Timetable routing"
"Spain","Tarragona","Cintoi Bus, SL","Timetable routing"
"Spain","Tarragona","EMT","Timetable routing"
"Spain","Tarragona","Eurolines SA","Estimated routing"
"Spain","Tarragona","FlixBus","Timetable routing"
"Spain","Tarragona","La Hispano Igualadina","Estimated routing"
"Spain","Tarragona","La Hispano Igualadina, SL","Timetable routing"
"Spain","Tarragona","La Hispano de Fuente en Segures, SA (HIFE)","Timetable routing"
"Spain","Tarragona","RENFE OPERADORA","Timetable routing"
"Spain","Tarragona","Renfe Cercanias","Timetable routing"
"Spain","Tarragona","Rodalies de Catalunya - Renfe Cercanías","Timetable routing"
"Spain","Tarragona","SA Alsina Graells de Auto Transportes","Timetable routing"
"Spain","Tarragona","Teresa y José Plana, Empresa Plana, SL","Timetable routing"
"Spain","Telde","Global Salcai-Utinsa","Estimated routing"
"Spain","Terrassa","Cingles Bus, SA","Timetable routing"
"Spain","Terrassa","FGC","Timetable routing"
"Spain","Terrassa","La Vallesana, SA","Timetable routing"
"Spain","Terrassa","Marfina Bus, SA","Timetable routing"
"Spain","Terrassa","RENFE OPERADORA","Timetable routing"
"Spain","Terrassa","Renfe Cercanias","Timetable routing"
"Spain","Terrassa","Rodalies de Catalunya - Renfe Cercanías","Timetable routing"
"Spain","Terrassa","Rubi","Timetable routing"
"Spain","Terrassa","SA Alsina Graells de Auto Transportes","Timetable routing"
"Spain","Terrassa","SARBUS","Timetable routing"
"Spain","Terrassa","Sagalés (Mataró - St. Celoni)","Timetable routing"
"Spain","Terrassa","Transportes Generales de Olesa, SA","Timetable routing"
"Spain","Terrassa","Transports Generals d'Olesa","Timetable routing"
"Spain","Terrassa","Transports Municipals d'Egara","Timetable routing"
"Spain","Torrejón de Ardoz","ALSA","Timetable routing"
"Spain","Torrejón de Ardoz","Consorcio Regional de Transportes de Madrid","Timetable routing"
"Spain","Torrejón de Ardoz","RENFE OPERADORA","Timetable routing"
"Spain","Torrejón de Ardoz","Renfe Cercanias","Timetable routing"
"Spain","Valencia","ALSA","Timetable routing"
"Spain","Valencia","AUTOCARES SAMAR - Grupo SAMAR","Timetable routing"
"Spain","Valencia","Alto Palancia - Sagunt - València","Timetable routing"
"Spain","Valencia","Ayora - Requena - València","Timetable routing"
"Spain","Valencia","Balearia","Timetable routing"
"Spain","Valencia","Bilmanbus,S.L.","Timetable routing"
"Spain","Valencia","BlaBlaCar Bus","Timetable routing"
"Spain","Valencia","Canal de Navarrés - Xàtiva y València","Timetable routing"
"Spain","Valencia","Castelló de la Plana-València amb prolongació a Vinarós","Timetable routing"
"Spain","Valencia","EMT Valencia","Timetable routing"
"Spain","Valencia","Eurolines SA","Estimated routing"
"Spain","Valencia","FlixBus","Timetable routing"
"Spain","Valencia","La Hoya de Buñol - València","Timetable routing"
"Spain","Valencia","La Ribera - València","Timetable routing"
"Spain","Valencia","Metro Valencia","Timetable routing"
"Spain","Valencia","Montserrat - València","Timetable routing"
"Spain","Valencia","OUIGO Espana","Timetable routing"
"Spain","Valencia","RENFE OPERADORA","Timetable routing"
"Spain","Valencia","Renfe Cercanias","Timetable routing"
"Spain","Valencia","València - Alacant/Elx","Timetable routing"
"Spain","Valencia","València - Benifaió","Timetable routing"
"Spain","Valencia","València Metropolitana Nord","Timetable routing"
"Spain","Valencia","València Metropolitana Noroest","Timetable routing"
"Spain","Valencia","València Metropolitana Sud","Timetable routing"
"Spain","Valencia","Vilafranca del Cid-València","Timetable routing"
"Spain","Vigo","ALSA","Timetable routing"
"Spain","Vigo","BlaBlaCar Bus","Timetable routing"
"Spain","Vigo","FlixBus","Timetable routing"
"Spain","Vigo","RENFE OPERADORA","Timetable routing"
"Spain","Vigo","Transporte Público de Galicia","Timetable routing"
"Spain","l'Hospitalet de Llobregat","Avanza","Realtime routing"
"Spain","l'Hospitalet de Llobregat","Cintoi Bus - Empresa Plana","Timetable routing"
"Spain","l'Hospitalet de Llobregat","Cintoi Bus, SL","Timetable routing"
"Spain","l'Hospitalet de Llobregat","DIREXIS TUSGSAL","Realtime routing"
"Spain","l'Hospitalet de Llobregat","FGC","Timetable routing"
"Spain","l'Hospitalet de Llobregat","La Hispano de Fuente en Segures, SA (HIFE)","Timetable routing"
"Spain","l'Hospitalet de Llobregat","Monbus i Julià","Realtime routing"
"Spain","l'Hospitalet de Llobregat","Moventis","Realtime routing"
"Spain","l'Hospitalet de Llobregat","Renfe Cercanias","Timetable routing"
"Spain","l'Hospitalet de Llobregat","Rodalies de Catalunya - Renfe Cercanías","Timetable routing"
"Spain","l'Hospitalet de Llobregat","Soler i Sauret S.A.","Estimated routing"
"Spain","l'Hospitalet de Llobregat","Soler i Sauret, SA","Timetable routing"
"Spain","l'Hospitalet de Llobregat","TRAMBAIX","Timetable routing"
"Spain","l'Hospitalet de Llobregat","Transports Metropolitans de Barcelona","Timetable routing"
"Sweden","Borås","FlixBus","Timetable routing"
"Sweden","Borås","SJ","Timetable routing"
"Sweden","Borås","SJ AB","Timetable routing"
"Sweden","Borås","VY Bus4You","Realtime routing"
"Sweden","Borås","Vy Bus4You","Timetable routing"
"Sweden","Borås","Västervik Express","Timetable routing"
"Sweden","Borås","Västtrafik","Timetable routing"
"Sweden","Gothenburg","Bergkvara","Timetable routing"
"Sweden","Gothenburg","FlixBus","Timetable routing"
"Sweden","Gothenburg","Flygbussarna Airport Coaches AB","Timetable routing"
"Sweden","Gothenburg","Länstrafiken Örebro AB","Realtime routing"
"Sweden","Gothenburg","SJ","Timetable routing"
"Sweden","Gothenburg","SJ AB","Timetable routing"
"Sweden","Gothenburg","Skånetrafiken","Realtime routing"
"Sweden","Gothenburg","Snälltåget","Realtime routing"
"Sweden","Gothenburg","Strömma Turism & Sjöfart AB","Timetable routing"
"Sweden","Gothenburg","Trafikverket","Timetable routing"
"Sweden","Gothenburg","Tågab","Timetable routing"
"Sweden","Gothenburg","VR Snabbtåg","Timetable routing"
"Sweden","Gothenburg","VY Bus4You","Realtime routing"
"Sweden","Gothenburg","Vy","Realtime routing"
"Sweden","Gothenburg","Vy Bus4You","Timetable routing"
"Sweden","Gothenburg","Vy Norge","Timetable routing"
"Sweden","Gothenburg","Vy flygbussarna","Timetable routing"
"Sweden","Gothenburg","Vygruppen AS","Timetable routing"
"Sweden","Gothenburg","Värmlandstrafik","Realtime routing"
"Sweden","Gothenburg","Västervik Express","Timetable routing"
"Sweden","Gothenburg","Västtrafik","Timetable routing"
"Sweden","Gothenburg","Öresundståg","Realtime routing"
"Sweden","Helsingborg","Bergkvara","Timetable routing"
"Sweden","Helsingborg","FlixBus","Timetable routing"
"Sweden","Helsingborg","SJ","Timetable routing"
"Sweden","Helsingborg","SJ AB","Timetable routing"
"Sweden","Helsingborg","Skånetrafiken","Realtime routing"
"Sweden","Helsingborg","Snälltåget","Realtime routing"
"Sweden","Helsingborg","VY Bus4You","Realtime routing"
"Sweden","Helsingborg","Vy","Realtime routing"
"Sweden","Helsingborg","Vy Bus4You","Timetable routing"
"Sweden","Helsingborg","Vy Norge","Timetable routing"
"Sweden","Helsingborg","Öresundståg","Realtime routing"
"Sweden","Huddinge","AB Storstockholms Lokaltrafik","Realtime routing"
"Sweden","Huddinge","Färdtjänstnämnden","Realtime routing"
"Sweden","Huddinge","Mälartåg","Timetable routing"
"Sweden","Huddinge","SJ","Timetable routing"
"Sweden","Huddinge","SJ AB","Timetable routing"
"Sweden","Huddinge","SL","Timetable routing"
"Sweden","Huddinge","VR Snabbtåg","Timetable routing"
"Sweden","Jonkoping","BT Buss","Timetable routing"
"Sweden","Jonkoping","BT buss","Timetable routing"
"Sweden","Jonkoping","FlixBus","Timetable routing"
"Sweden","Jonkoping","Jönköpings Länstrafik","Timetable routing"
"Sweden","Jonkoping","Länstrafiken Örebro AB","Realtime routing"
"Sweden","Jonkoping","SJ","Timetable routing"
"Sweden","Jonkoping","VY Bus4You","Realtime routing"
"Sweden","Jonkoping","Vy Bus4You","Timetable routing"
"Sweden","Jonkoping","Västervik Express","Timetable routing"
"Sweden","Jonkoping","Västtrafik","Timetable routing"
"Sweden","Linkoping","FlixBus","Timetable routing"
"Sweden","Linkoping","Kalmar Länstrafik","Realtime routing"
"Sweden","Linkoping","Krösatåg","Timetable routing"
"Sweden","Linkoping","Mälartåg","Timetable routing"
"Sweden","Linkoping","SJ","Timetable routing"
"Sweden","Linkoping","SJ AB","Timetable routing"
"Sweden","Linkoping","Snälltåget","Realtime routing"
"Sweden","Linkoping","Tågab","Timetable routing"
"Sweden","Linkoping","VY Bus4You","Realtime routing"
"Sweden","Linkoping","Vy Bus4You","Timetable routing"
"Sweden","Linkoping","Vy flygbussarna","Timetable routing"
"Sweden","Linkoping","Östgötatrafiken","Realtime routing"
"Sweden","Lund","Bergkvara","Timetable routing"
"Sweden","Lund","FlixBus","Timetable routing"
"Sweden","Lund","SJ","Timetable routing"
"Sweden","Lund","SJ AB","Timetable routing"
"Sweden","Lund","Skånetrafiken","Realtime routing"
"Sweden","Lund","Snälltåget","Realtime routing"
"Sweden","Lund","VY Bus4You","Realtime routing"
"Sweden","Lund","Vy","Realtime routing"
"Sweden","Lund","Vy Bus4You","Timetable routing"
"Sweden","Lund","Vy Norge","Timetable routing"
"Sweden","Lund","Öresundståg","Realtime routing"
"Sweden","Malmo","Bergkvara","Timetable routing"
"Sweden","Malmo","FlixBus","Timetable routing"
"Sweden","Malmo","SJ","Timetable routing"
"Sweden","Malmo","SJ AB","Timetable routing"
"Sweden","Malmo","Skånetrafiken","Realtime routing"
"Sweden","Malmo","Snälltåget","Realtime routing"
"Sweden","Malmo","VY Bus4You","Realtime routing"
"Sweden","Malmo","Vy","Realtime routing"
"Sweden","Malmo","Vy Bus4You","Timetable routing"
"Sweden","Malmo","Vy Norge","Timetable routing"
"Sweden","Malmo","Vy flygbussarna","Timetable routing"
"Sweden","Malmo","Öresundståg","Realtime routing"
"Sweden","Norrköping","FlixBus","Timetable routing"
"Sweden","Norrköping","Mälartåg","Timetable routing"
"Sweden","Norrköping","SJ","Timetable routing"
"Sweden","Norrköping","SJ AB","Timetable routing"
"Sweden","Norrköping","Snälltåget","Realtime routing"
"Sweden","Norrköping","Tågab","Timetable routing"
"Sweden","Norrköping","VY Bus4You","Realtime routing"
"Sweden","Norrköping","Vy Bus4You","Timetable routing"
"Sweden","Norrköping","Vy flygbussarna","Timetable routing"
"Sweden","Norrköping","Västervik Express","Timetable routing"
"Sweden","Norrköping","Östgötatrafiken","Realtime routing"
"Sweden","Orebro","FlixBus","Timetable routing"
"Sweden","Orebro","Länstrafiken Örebro","Timetable routing"
"Sweden","Orebro","Länstrafiken Örebro AB","Realtime routing"
"Sweden","Orebro","Mälartåg","Timetable routing"
"Sweden","Orebro","SJ","Timetable routing"
"Sweden","Orebro","SJ AB","Timetable routing"
"Sweden","Orebro","Tåg i Bergslagen","Timetable routing"
"Sweden","Orebro","Tågab","Timetable routing"
"Sweden","Orebro","VR Snabbtåg","Timetable routing"
"Sweden","Orebro","VY Bus4You","Realtime routing"
"Sweden","Orebro","Vy Bus4You","Timetable routing"
"Sweden","Orebro","Vy Tåg","Realtime routing"
"Sweden","Orebro","Värmlandstrafik","Realtime routing"
"Sweden","Orebro","Västtrafik","Timetable routing"
"Sweden","Stockholm","AB Storstockholms Lokaltrafik","Realtime routing"
"Sweden","Stockholm","AS ''Tallink Grupp''","Estimated routing"
"Sweden","Stockholm","Arlanda Express","Timetable routing"
"Sweden","Stockholm","Bergkvara","Timetable routing"
"Sweden","Stockholm","Bussbolaget Östergötland","Timetable routing"
"Sweden","Stockholm","FlixBus","Timetable routing"
"Sweden","Stockholm","Färdtjänstnämnden","Realtime routing"
"Sweden","Stockholm","Härjedalingen","Timetable routing"
"Sweden","Stockholm","Länstrafiken Örebro AB","Realtime routing"
"Sweden","Stockholm","MasExpressen","Timetable routing"
"Sweden","Stockholm","Masexpressen","Timetable routing"
"Sweden","Stockholm","Mälartåg","Timetable routing"
"Sweden","Stockholm","Ressel Rederi","Estimated routing"
"Sweden","Stockholm","Ressels Rederi","Timetable routing"
"Sweden","Stockholm","SJ","Realtime routing"
"Sweden","Stockholm","SJ AB","Timetable routing"
"Sweden","Stockholm","SL","Timetable routing"
"Sweden","Stockholm","Silverlinjen","Timetable routing"
"Sweden","Stockholm","Sjöstadstrafiken (Stockholm Stad)","Timetable routing"
"Sweden","Stockholm","Snälltåget","Realtime routing"
"Sweden","Stockholm","Storstockholms Lokaltrafik AB","Realtime routing"
"Sweden","Stockholm","Tallink Grupp AS","Realtime routing"
"Sweden","Stockholm","Trosabussen","Timetable routing"
"Sweden","Stockholm","Tågab","Timetable routing"
"Sweden","Stockholm","VR Snabbtåg","Timetable routing"
"Sweden","Stockholm","VY Bus4You","Realtime routing"
"Sweden","Stockholm","Viking Line","Realtime routing"
"Sweden","Stockholm","Vy Bus4You","Timetable routing"
"Sweden","Stockholm","Vy Tåg","Realtime routing"
"Sweden","Stockholm","Vy flygbussarna","Timetable routing"
"Sweden","Stockholm","Västervik Express","Timetable routing"
"Sweden","Stockholm","Waxholmsbolaget Ångfartygs AB","Realtime routing"
"Sweden","Stockholm","Y-Buss","Timetable routing"
"Sweden","Stockholm","Y-buss","Timetable routing"
"Sweden","Umea","Länstrafiken Norrbotten","Timetable routing"
"Sweden","Umea","Länstrafiken Västerbotten","Timetable routing"
"Sweden","Umea","Länstrafiken i Västerbotten","Timetable routing"
"Sweden","Umea","Norrtåg","Realtime routing"
"Sweden","Umea","SJ","Realtime routing"
"Sweden","Umea","SJ AB","Timetable routing"
"Sweden","Umea","Y-Buss","Timetable routing"
"Sweden","Umea","Y-buss","Timetable routing"
"Sweden","Uppsala","AB Storstockholms Lokaltrafik","Realtime routing"
"Sweden","Uppsala","Bergkvara","Timetable routing"
"Sweden","Uppsala","FlixBus","Timetable routing"
"Sweden","Uppsala","Härjedalingen","Timetable routing"
"Sweden","Uppsala","Lennakatten","Timetable routing"
"Sweden","Uppsala","Mälardalstrafik","Realtime routing"
"Sweden","Uppsala","Mälartåg","Timetable routing"
"Sweden","Uppsala","SJ","Realtime routing"
"Sweden","Uppsala","SJ AB","Timetable routing"
"Sweden","Uppsala","SL","Timetable routing"
"Sweden","Uppsala","Snälltåget","Realtime routing"
"Sweden","Uppsala","Storstockholms Lokaltrafik AB","Realtime routing"
"Sweden","Uppsala","UL","Realtime routing"
"Sweden","Uppsala","Upplands lokaltrafik","Realtime routing"
"Sweden","Uppsala","Värmlandstrafik","Realtime routing"
"Sweden","Uppsala","X-Trafik","Realtime routing"
"Sweden","Uppsala","X-trafik","Timetable routing"
"Sweden","Uppsala","Y-Buss","Timetable routing"
"Sweden","Uppsala","Y-buss","Timetable routing"
"Sweden","Vasteras","FlixBus","Timetable routing"
"Sweden","Vasteras","Länstrafiken Örebro AB","Realtime routing"
"Sweden","Vasteras","Mälartåg","Timetable routing"
"Sweden","Vasteras","SJ","Timetable routing"
"Sweden","Vasteras","SJ AB","Timetable routing"
"Sweden","Vasteras","Tåg i Bergslagen","Timetable routing"
"Sweden","Vasteras","Tågab","Timetable routing"
"Sweden","Vasteras","UL","Realtime routing"
"Sweden","Vasteras","VL","Timetable routing"
"Sweden","Vasteras","VR Snabbtåg","Timetable routing"
"Sweden","Vasteras","VY Bus4You","Realtime routing"
"Sweden","Vasteras","Vy Bus4You","Timetable routing"
"Sweden","Vasteras","Vy Tåg","Realtime routing"
"Sweden","Vasteras","Värmlandstrafik","Realtime routing"
"Sweden","Vasteras","Västmanlands Lokaltrafik","Realtime routing"
"Switzerland","Basel","Autobus AG Liestal","Realtime routing"
"Switzerland","Basel","Baselland Transport","Realtime routing"
"Switzerland","Basel","Basler Personenschifffahrt AG","Realtime routing"
"Switzerland","Basel","Basler Verkehrsbetriebe","Realtime routing"
"Switzerland","Basel","BlaBlaCar Bus","Timetable routing"
"Switzerland","Basel","DB Fernverkehr (Codesharing)","Realtime routing"
"Switzerland","Basel","DB Fernverkehr AG","Realtime routing"
"Switzerland","Basel","DB Regio AG Baden-Württemberg","Realtime routing"
"Switzerland","Basel","DB ZugBus Regionalverkehr Alb-Bodensee","Realtime routing"
"Switzerland","Basel","DistriBus","Realtime routing"
"Switzerland","Basel","Eurolines SA","Estimated routing"
"Switzerland","Basel","FPLAN RBG SWG","Realtime routing"
"Switzerland","Basel","FlixBus","Timetable routing"
"Switzerland","Basel","FlixTrain","Timetable routing"
"Switzerland","Basel","SBB","Realtime routing"
"Switzerland","Basel","SBB GmbH","Realtime routing"
"Switzerland","Basel","SBB GmbH (Grenzverkehr)","Realtime routing"
"Switzerland","Basel","SBB Infrastruktur AG Bahnersatz","Realtime routing"
"Switzerland","Basel","SBG SüdbadenBus GmbH","Realtime routing"
"Switzerland","Basel","SNCF VOYAGEURS","Realtime routing"
"Switzerland","Basel","SWEG - Eisenbahn","Realtime routing"
"Switzerland","Basel","Schweizerische Bundesbahnen SBB","Realtime routing"
"Switzerland","Basel","Schweizerische Südostbahn (sob)","Realtime routing"
"Switzerland","Basel","Soc. Marino Srl","Timetable routing"
"Switzerland","Basel","Société Nationale des Chemins de fer Français","Realtime routing"
"Switzerland","Basel","Südbadenbus","Realtime routing"
"Switzerland","Basel","TRENITALIA","Timetable routing"
"Switzerland","Basel","ÖBB","Realtime routing"
"Switzerland","Berne","Aufzug Matte-Plattform (Bern)","Realtime routing"
"Switzerland","Berne","Autobusbetrieb RBS","Realtime routing"
"Switzerland","Berne","Automobildienste Aare Seeland mobil","Realtime routing"
"Switzerland","Berne","BLS AG (bls)","Realtime routing"
"Switzerland","Berne","BLS Netz AG Ersatzverkehr","Realtime routing"
"Switzerland","Berne","BlaBlaCar Bus","Timetable routing"
"Switzerland","Berne","Busbetrieb Solothurn und Umgebung","Realtime routing"
"Switzerland","Berne","Busland AG","Realtime routing"
"Switzerland","Berne","Drahtseilbahn Marzili-Stadt Bern AG","Realtime routing"
"Switzerland","Berne","Eurolines SA","Estimated routing"
"Switzerland","Berne","FlixBus","Timetable routing"
"Switzerland","Berne","PostAuto AG","Realtime routing"
"Switzerland","Berne","Regionalverkehr Bern-Solothurn","Realtime routing"
"Switzerland","Berne","Regionalverkehr Bern-Solothurn Ersatzverkehr","Realtime routing"
"Switzerland","Berne","SBB","Realtime routing"
"Switzerland","Berne","SBB Infrastruktur AG Bahnersatz","Realtime routing"
"Switzerland","Berne","SNCF VOYAGEURS","Realtime routing"
"Switzerland","Berne","STI Bus AG","Realtime routing"
"Switzerland","Berne","Schweizerische Bundesbahnen SBB","Realtime routing"
"Switzerland","Berne","Schweizerische Südostbahn (sob)","Realtime routing"
"Switzerland","Berne","Service d'automobiles TPF","Realtime routing"
"Switzerland","Berne","Städtische Verkehrsbetriebe Bern","Realtime routing"
"Switzerland","Berne","TRENITALIA","Timetable routing"
"Switzerland","Berne","Transports publics fribourgeois","Realtime routing"
"Switzerland","Berne","Verkehrsbetriebe Biel","Realtime routing"
"Switzerland","Geneva","Alpbus Fournier","Realtime routing"
"Switzerland","Geneva","BlaBlaCar Bus","Timetable routing"
"Switzerland","Geneva","CGN SA","Realtime routing"
"Switzerland","Geneva","Eurolines SA","Estimated routing"
"Switzerland","Geneva","FlixBus","Timetable routing"
"Switzerland","Geneva","Interimsfahrplan / Horaire interimaire / Orario ad interim","Realtime routing"
"Switzerland","Geneva","Mouettes genevoises SA","Realtime routing"
"Switzerland","Geneva","REGION - cars Région Haute-Savoie","Timetable routing"
"Switzerland","Geneva","SBB Infrastruktur AG Bahnersatz","Realtime routing"
"Switzerland","Geneva","SNCF VOYAGEURS","Realtime routing"
"Switzerland","Geneva","Schweizerische Bundesbahnen SBB","Realtime routing"
"Switzerland","Geneva","Société Nationale des Chemins de fer Français","Realtime routing"
"Switzerland","Geneva","TRENITALIA","Timetable routing"
"Switzerland","Geneva","Transports Publics Genevois","Realtime routing"
"Switzerland","Lausanne","Automobiles MBC","Realtime routing"
"Switzerland","Lausanne","BlaBlaCar Bus","Timetable routing"
"Switzerland","Lausanne","CGN SA","Realtime routing"
"Switzerland","Lausanne","Eurolines SA","Estimated routing"
"Switzerland","Lausanne","FlixBus","Timetable routing"
"Switzerland","Lausanne","Lausanne-Echallens-Bercher","Realtime routing"
"Switzerland","Lausanne","PostAuto AG","Realtime routing"
"Switzerland","Lausanne","SBB Infrastruktur AG Bahnersatz","Realtime routing"
"Switzerland","Lausanne","SNCF VOYAGEURS","Realtime routing"
"Switzerland","Lausanne","Schweizerische Bundesbahnen SBB","Realtime routing"
"Switzerland","Lausanne","Société Nationale des Chemins de fer Français","Realtime routing"
"Switzerland","Lausanne","TRENITALIA","Timetable routing"
"Switzerland","Lausanne","Transports Publics de la Région Lausannoise sa","Realtime routing"
"Switzerland","Lausanne","Transports publics fribourgeois","Realtime routing"
"Switzerland","Winterthur","FlixBus","Timetable routing"
"Switzerland","Winterthur","OEBB Personenverkehr AG Kundenservice","Timetable routing"
"Switzerland","Winterthur","Oensingen-Balsthal-Bahn","Realtime routing"
"Switzerland","Winterthur","PostAuto AG","Realtime routing"
"Switzerland","Winterthur","SBB","Realtime routing"
"Switzerland","Winterthur","SBB Infrastruktur AG Bahnersatz","Realtime routing"
"Switzerland","Winterthur","Schweizerische Bundesbahnen","Timetable routing"
"Switzerland","Winterthur","Schweizerische Bundesbahnen SBB","Realtime routing"
"Switzerland","Winterthur","Soc. Marino Srl","Timetable routing"
"Switzerland","Winterthur","Stadtbus Winterthur","Realtime routing"
"Switzerland","Winterthur","THURBO","Realtime routing"
"Switzerland","Zurich","Aargau Verkehr AG","Realtime routing"
"Switzerland","Zurich","Automobildienst SZU","Realtime routing"
"Switzerland","Zurich","BlaBlaCar Bus","Timetable routing"
"Switzerland","Zurich","DB Fernverkehr (Codesharing)","Realtime routing"
"Switzerland","Zurich","Dolderbahn Betriebs AG","Realtime routing"
"Switzerland","Zurich","Eurolines SA","Estimated routing"
"Switzerland","Zurich","FlixBus","Timetable routing"
"Switzerland","Zurich","Forchbahn","Realtime routing"
"Switzerland","Zurich","OEBB Personenverkehr AG Kundenservice","Timetable routing"
"Switzerland","Zurich","Oensingen-Balsthal-Bahn","Realtime routing"
"Switzerland","Zurich","Poly-Bahn Zürich","Realtime routing"
"Switzerland","Zurich","PostAuto AG","Realtime routing"
"Switzerland","Zurich","SBB","Realtime routing"
"Switzerland","Zurich","SBB Infrastruktur AG Bahnersatz","Realtime routing"
"Switzerland","Zurich","SNCF VOYAGEURS","Realtime routing"
"Switzerland","Zurich","Schweizerische Bundesbahnen","Timetable routing"
"Switzerland","Zurich","Schweizerische Bundesbahnen SBB","Realtime routing"
"Switzerland","Zurich","Schweizerische Südostbahn (sob)","Realtime routing"
"Switzerland","Zurich","Sihltal-Zürich-Uetliberg-Bahn","Realtime routing"
"Switzerland","Zurich","Sihltal-Zürich-Uetliberg-Bahn Ersatzverkehr","Realtime routing"
"Switzerland","Zurich","Soc. Marino Srl","Timetable routing"
"Switzerland","Zurich","Société Nationale des Chemins de fer Français","Realtime routing"
"Switzerland","Zurich","THURBO","Realtime routing"
"Switzerland","Zurich","TRENITALIA","Timetable routing"
"Switzerland","Zurich","Verkehrsbetriebe Glattal","Realtime routing"
"Switzerland","Zurich","Verkehrsbetriebe Zürich","Realtime routing"
"Switzerland","Zurich","Verkehrsbetriebe Zürich INFO+","Realtime routing"
"Switzerland","Zurich","Zürichsee-Schifffahrtsgesellschaft AG (ZSG)","Realtime routing"
"Switzerland","Zurich","ÖBB","Realtime routing"
"Switzerland","Zurich","Železničná spoločnosť Slovensko, a.s.","Timetable routing"
"Taiwan","Bade City","中壢客運","Estimated routing"
"Taiwan","Bade City","國光客運","Estimated routing"
"Taiwan","Bade City","指南客運","Estimated routing"
"Taiwan","Bade City","桃園客運","Estimated routing"
"Taiwan","Bade City","統聯客運","Estimated routing"
"Taiwan","Changhua City","中鹿客運","Estimated routing"
"Taiwan","Changhua City","台中客運","Estimated routing"
"Taiwan","Changhua City","台灣鐵路管理局","Estimated routing"
"Taiwan","Changhua City","和欣客運","Estimated routing"
"Taiwan","Changhua City","員林客運","Estimated routing"
"Taiwan","Changhua City","國光客運","Estimated routing"
"Taiwan","Changhua City","巨業交通","Estimated routing"
"Taiwan","Changhua City","彰化客運","Estimated routing"
"Taiwan","Changhua City","統聯客運","Estimated routing"
"Taiwan","Chiayi City","台灣鐵路管理局","Estimated routing"
"Taiwan","Chiayi City","和欣客運","Estimated routing"
"Taiwan","Chiayi City","員林客運","Estimated routing"
"Taiwan","Chiayi City","嘉義客運","Estimated routing"
"Taiwan","Chiayi City","嘉義縣公車處","Estimated routing"
"Taiwan","Chiayi City","國光客運","Estimated routing"
"Taiwan","Chiayi City","統聯客運","Estimated routing"
"Taiwan","Chiayi City","臺西客運","Estimated routing"
"Taiwan","Douliou City","台灣鐵路管理局","Estimated routing"
"Taiwan","Douliou City","嘉義客運","Estimated routing"
"Taiwan","Douliou City","日統客運","Estimated routing"
"Taiwan","Douliou City","臺西客運","Estimated routing"
"Taiwan","Douliou City","阿里山客運嘉義分公司","Estimated routing"
"Taiwan","Douliou City","雲林客運","Estimated routing"
"Taiwan","Gueishan Township","三峽區公所","Estimated routing"
"Taiwan","Gueishan Township","三重客運","Estimated routing"
"Taiwan","Gueishan Township","中壢客運","Estimated routing"
"Taiwan","Gueishan Township","亞盛客運","Estimated routing"
"Taiwan","Gueishan Township","亞通客運","Estimated routing"
"Taiwan","Gueishan Township","八里區公所","Estimated routing"
"Taiwan","Gueishan Township","勁揚客運","Estimated routing"
"Taiwan","Gueishan Township","國光客運","Estimated routing"
"Taiwan","Gueishan Township","大都會客運","Estimated routing"
"Taiwan","Gueishan Township","指南客運","Estimated routing"
"Taiwan","Gueishan Township","新竹客運","Estimated routing"
"Taiwan","Gueishan Township","新莊區公所","Estimated routing"
"Taiwan","Gueishan Township","日統客運","Estimated routing"
"Taiwan","Gueishan Township","桃園客運","Estimated routing"
"Taiwan","Gueishan Township","桃園捷運公司","Estimated routing"
"Taiwan","Gueishan Township","樹林區公所","Estimated routing"
"Taiwan","Gueishan Township","汎航通運","Estimated routing"
"Taiwan","Gueishan Township","泰山區公所","Estimated routing"
"Taiwan","Gueishan Township","統聯客運","Estimated routing"
"Taiwan","Gueishan Township","臺北客運","Estimated routing"
"Taiwan","Gueishan Township","豐原客運","Estimated routing"
"Taiwan","Gueishan Township","首都客運","Estimated routing"
"Taiwan","Gueishan Township","鶯歌區公所","Estimated routing"
"Taiwan","Hsinchu City","三重客運","Estimated routing"
"Taiwan","Hsinchu City","中壢客運","Estimated routing"
"Taiwan","Hsinchu City","亞聯客運","Estimated routing"
"Taiwan","Hsinchu City","台中客運","Estimated routing"
"Taiwan","Hsinchu City","台灣鐵路管理局","Estimated routing"
"Taiwan","Hsinchu City","和欣客運","Estimated routing"
"Taiwan","Hsinchu City","國光客運","Estimated routing"
"Taiwan","Hsinchu City","新竹大遠百","Estimated routing"
"Taiwan","Hsinchu City","新竹客運","Estimated routing"
"Taiwan","Hsinchu City","日豪客運","Estimated routing"
"Taiwan","Hsinchu City","科技之星交通","Estimated routing"
"Taiwan","Hsinchu City","統聯客運","Estimated routing"
"Taiwan","Hsinchu City","苗栗客運","Estimated routing"
"Taiwan","Hsinchu City","豪泰客運","Estimated routing"
"Taiwan","Hsinchu City","遠東SOGO新竹Big City店","Estimated routing"
"Taiwan","Hsinchu City","金牌客運","Estimated routing"
"Taiwan","Hualien City","台灣鐵路管理局","Estimated routing"
"Taiwan","Hualien City","國光客運","Estimated routing"
"Taiwan","Hualien City","太魯閣客運","Estimated routing"
"Taiwan","Hualien City","統聯客運","Estimated routing"
"Taiwan","Hualien City","臺北客運","Estimated routing"
"Taiwan","Hualien City","花蓮客運","Estimated routing"
"Taiwan","Hualien City","葛瑪蘭客運","Estimated routing"
"Taiwan","Hualien City","首都客運","Estimated routing"
"Taiwan","Hualien City","麗娜輪","Estimated routing"
"Taiwan","Hualien City","鼎東客運","Estimated routing"
"Taiwan","Jhongli City","中壢客運","Estimated routing"
"Taiwan","Jhongli City","中興大業巴士","Estimated routing"
"Taiwan","Jhongli City","亞通客運","Estimated routing"
"Taiwan","Jhongli City","台灣鐵路管理局","Estimated routing"
"Taiwan","Jhongli City","台灣高鐵","Estimated routing"
"Taiwan","Jhongli City","台聯客運","Estimated routing"
"Taiwan","Jhongli City","國光客運","Estimated routing"
"Taiwan","Jhongli City","大江國際購物中心","Estimated routing"
"Taiwan","Jhongli City","太平洋崇光百貨SOGO中壢店","Estimated routing"
"Taiwan","Jhongli City","新竹客運","Estimated routing"
"Taiwan","Jhongli City","桃園客運","Estimated routing"
"Taiwan","Jhongli City","桃園捷運公司","Estimated routing"
"Taiwan","Jhongli City","汎航通運","Estimated routing"
"Taiwan","Jhongli City","統聯客運","Estimated routing"
"Taiwan","Jhongli City","臺北客運","Estimated routing"
"Taiwan","Keelung City","中興大業巴士","Estimated routing"
"Taiwan","Keelung City","光華巴士","Estimated routing"
"Taiwan","Keelung City","台灣鐵路管理局","Estimated routing"
"Taiwan","Keelung City","國光客運","Estimated routing"
"Taiwan","Keelung City","基隆客運","Estimated routing"
"Taiwan","Keelung City","基隆市公車處","Estimated routing"
"Taiwan","Keelung City","大都會客運","Estimated routing"
"Taiwan","Keelung City","平溪區公所","Estimated routing"
"Taiwan","Keelung City","新北客運","Estimated routing"
"Taiwan","Keelung City","新華公司台馬輪","Estimated routing"
"Taiwan","Keelung City","泰樂客運","Estimated routing"
"Taiwan","Keelung City","淡水客運","Estimated routing"
"Taiwan","Keelung City","臺北客運","Estimated routing"
"Taiwan","Keelung City","雙溪區公所","Estimated routing"
"Taiwan","Keelung City","首都客運","Estimated routing"
"Taiwan","Longtan Township","中壢客運","Estimated routing"
"Taiwan","Longtan Township","亞聯客運","Estimated routing"
"Taiwan","Longtan Township","台中客運","Estimated routing"
"Taiwan","Longtan Township","台聯客運","Estimated routing"
"Taiwan","Longtan Township","國光客運","Estimated routing"
"Taiwan","Longtan Township","大有巴士","Estimated routing"
"Taiwan","Longtan Township","指南客運","Estimated routing"
"Taiwan","Longtan Township","新竹客運","Estimated routing"
"Taiwan","Longtan Township","桃園客運","Estimated routing"
"Taiwan","Longtan Township","統聯客運","Estimated routing"
"Taiwan","Luchu Township","三重客運","Estimated routing"
"Taiwan","Luchu Township","中壢客運","Estimated routing"
"Taiwan","Luchu Township","亞通客運","Estimated routing"
"Taiwan","Luchu Township","國光客運","Estimated routing"
"Taiwan","Luchu Township","大有巴士","Estimated routing"
"Taiwan","Luchu Township","指南客運","Estimated routing"
"Taiwan","Luchu Township","桃園客運","Estimated routing"
"Taiwan","Luchu Township","桃園捷運公司","Estimated routing"
"Taiwan","Luchu Township","統聯客運","Estimated routing"
"Taiwan","Luchu Township","葛瑪蘭客運","Estimated routing"
"Taiwan","Luchu Township","長榮國際儲運","Estimated routing"
"Taiwan","Luchu Township","首都客運","Estimated routing"
"Taiwan","Miaoli City","台灣鐵路管理局","Estimated routing"
"Taiwan","Miaoli City","國光客運","Estimated routing"
"Taiwan","Miaoli City","新竹客運","Estimated routing"
"Taiwan","Miaoli City","苗栗客運","Estimated routing"
"Taiwan","Miaoli City","金牌客運","Estimated routing"
"Taiwan","Nantou City","南投客運","Estimated routing"
"Taiwan","Nantou City","台中客運","Estimated routing"
"Taiwan","Nantou City","員林客運","Estimated routing"
"Taiwan","Nantou City","國光客運","Estimated routing"
"Taiwan","Nantou City","彰化客運","Estimated routing"
"Taiwan","Nantou City","杉林溪遊樂事業","Estimated routing"
"Taiwan","Nantou City","統聯客運","Estimated routing"
"Taiwan","Nantou City","總達客運","Estimated routing"
"Taiwan","Pingjhen City","中壢客運","Estimated routing"
"Taiwan","Pingjhen City","亞通客運","Estimated routing"
"Taiwan","Pingjhen City","台聯客運","Estimated routing"
"Taiwan","Pingjhen City","和欣客運","Estimated routing"
"Taiwan","Pingjhen City","國光客運","Estimated routing"
"Taiwan","Pingjhen City","指南客運","Estimated routing"
"Taiwan","Pingjhen City","新竹客運","Estimated routing"
"Taiwan","Pingjhen City","桃園客運","Estimated routing"
"Taiwan","Pingjhen City","統聯客運","Estimated routing"
"Taiwan","Pingjhen City","臺北客運","Estimated routing"
"Taiwan","Pingjhen City","金台通運","Estimated routing"
"Taiwan","Pingtung City","台灣鐵路管理局","Estimated routing"
"Taiwan","Pingtung City","國光客運","Estimated routing"
"Taiwan","Pingtung City","屏東客運","Estimated routing"
"Taiwan","Pingtung City","屏東縣來義鄉公所","Estimated routing"
"Taiwan","Pingtung City","屏東縣霧臺鄉公所","Estimated routing"
"Taiwan","Pingtung City","環球購物中心屏東店","Estimated routing"
"Taiwan","Pingtung City","統聯客運","Estimated routing"
"Taiwan","Pingtung City","高雄客運","Estimated routing"
"Taiwan","Taibao City","台灣高鐵","Estimated routing"
"Taiwan","Taibao City","嘉義客運","Estimated routing"
"Taiwan","Taibao City","嘉義縣公車處","Estimated routing"
"Taiwan","Taibao City","新營客運","Estimated routing"
"Taiwan","Taibao City","漢程客運","Estimated routing"
"Taiwan","Taibao City","統聯客運","Estimated routing"
"Taiwan","Taibao City","阿里山客運嘉義分公司","Estimated routing"
"Taiwan","Tainan City","中華衛星台南車隊","Estimated routing"
"Taiwan","Tainan City","台一大車隊","Estimated routing"
"Taiwan","Tainan City","台灣鐵路管理局","Estimated routing"
"Taiwan","Tainan City","台灣高鐵","Estimated routing"
"Taiwan","Tainan City","和欣客運","Estimated routing"
"Taiwan","Tainan City","嘉義客運","Estimated routing"
"Taiwan","Tainan City","四方電巴","Estimated routing"
"Taiwan","Tainan City","國光客運","Estimated routing"
"Taiwan","Tainan City","府城客運","Estimated routing"
"Taiwan","Tainan City","新營客運","Estimated routing"
"Taiwan","Tainan City","漢程客運","Estimated routing"
"Taiwan","Tainan City","統聯客運","Estimated routing"
"Taiwan","Tainan City","興南客運","Estimated routing"
"Taiwan","Tainan City","阿里山客運嘉義分公司","Estimated routing"
"Taiwan","Tainan City","高雄客運","Estimated routing"
"Taiwan","Taipei City","Miramar美麗華百樂園","Estimated routing"
"Taiwan","Taipei City","三芝區公所","Estimated routing"
"Taiwan","Taipei City","三重客運","Estimated routing"
"Taiwan","Taipei City","中壢客運","Estimated routing"
"Taiwan","Taipei City","中興大業巴士","Estimated routing"
"Taiwan","Taipei City","中興巴士","Estimated routing"
"Taiwan","Taipei City","亞聯客運","Estimated routing"
"Taiwan","Taipei City","亞通客運","Estimated routing"
"Taiwan","Taipei City","京華城","Estimated routing"
"Taiwan","Taipei City","光華巴士","Estimated routing"
"Taiwan","Taipei City","台中客運","Estimated routing"
"Taiwan","Taipei City","台北捷運公司","Estimated routing"
"Taiwan","Taipei City","台北航運","Estimated routing"
"Taiwan","Taipei City","台灣鐵路管理局","Estimated routing"
"Taiwan","Taipei City","台灣高鐵","Estimated routing"
"Taiwan","Taipei City","台聯客運","Estimated routing"
"Taiwan","Taipei City","和欣客運","Estimated routing"
"Taiwan","Taipei City","國光客運","Estimated routing"
"Taiwan","Taipei City","基隆客運","Estimated routing"
"Taiwan","Taipei City","大南汽車","Estimated routing"
"Taiwan","Taipei City","大有巴士","Estimated routing"
"Taiwan","Taipei City","大葉高島屋","Estimated routing"
"Taiwan","Taipei City","大都會客運","Estimated routing"
"Taiwan","Taipei City","指南客運","Estimated routing"
"Taiwan","Taipei City","新北客運","Estimated routing"
"Taiwan","Taipei City","新店客運","Estimated routing"
"Taiwan","Taipei City","新竹客運","Estimated routing"
"Taiwan","Taipei City","日統客運","Estimated routing"
"Taiwan","Taipei City","東南客運","Estimated routing"
"Taiwan","Taipei City","桃園客運","Estimated routing"
"Taiwan","Taipei City","桃園捷運公司","Estimated routing"
"Taiwan","Taipei City","欣欣客運","Estimated routing"
"Taiwan","Taipei City","汎航通運","Estimated routing"
"Taiwan","Taipei City","汐止區公所","Estimated routing"
"Taiwan","Taipei City","泰樂客運","Estimated routing"
"Taiwan","Taipei City","淡水客運","Estimated routing"
"Taiwan","Taipei City","皇家客運","Estimated routing"
"Taiwan","Taipei City","統聯客運","Estimated routing"
"Taiwan","Taipei City","臺北大眾捷運股份有限公司","Estimated routing"
"Taiwan","Taipei City","臺北客運","Estimated routing"
"Taiwan","Taipei City","葛瑪蘭客運","Estimated routing"
"Taiwan","Taipei City","蘆洲區公所","Estimated routing"
"Taiwan","Taipei City","豐原客運","Estimated routing"
"Taiwan","Taipei City","豪泰客運","Estimated routing"
"Taiwan","Taipei City","長弘航業","Estimated routing"
"Taiwan","Taipei City","長榮國際儲運","Estimated routing"
"Taiwan","Taipei City","首都客運","Estimated routing"
"Taiwan","Taitung City","台灣鐵路管理局","Estimated routing"
"Taiwan","Taitung City","普悠瑪客運","Estimated routing"
"Taiwan","Taitung City","鼎東客運","Estimated routing"
"Taiwan","Taoyuan City","三峽區公所","Estimated routing"
"Taiwan","Taoyuan City","三重客運","Estimated routing"
"Taiwan","Taoyuan City","中壢客運","Estimated routing"
"Taiwan","Taoyuan City","中興大業巴士","Estimated routing"
"Taiwan","Taoyuan City","亞盛客運","Estimated routing"
"Taiwan","Taoyuan City","亞聯客運","Estimated routing"
"Taiwan","Taoyuan City","亞通客運","Estimated routing"
"Taiwan","Taoyuan City","八里區公所","Estimated routing"
"Taiwan","Taoyuan City","勁揚客運","Estimated routing"
"Taiwan","Taoyuan City","台中客運","Estimated routing"
"Taiwan","Taoyuan City","台灣鐵路管理局","Estimated routing"
"Taiwan","Taoyuan City","台灣高鐵","Estimated routing"
"Taiwan","Taoyuan City","台聯客運","Estimated routing"
"Taiwan","Taoyuan City","和欣客運","Estimated routing"
"Taiwan","Taoyuan City","國光客運","Estimated routing"
"Taiwan","Taoyuan City","大有巴士","Estimated routing"
"Taiwan","Taoyuan City","大江國際購物中心","Estimated routing"
"Taiwan","Taoyuan City","大都會客運","Estimated routing"
"Taiwan","Taoyuan City","太平洋崇光百貨SOGO中壢店","Estimated routing"
"Taiwan","Taoyuan City","指南客運","Estimated routing"
"Taiwan","Taoyuan City","捷順交通","Estimated routing"
"Taiwan","Taoyuan City","新竹客運","Estimated routing"
"Taiwan","Taoyuan City","新莊區公所","Estimated routing"
"Taiwan","Taoyuan City","日統客運","Estimated routing"
"Taiwan","Taoyuan City","日豪客運","Estimated routing"
"Taiwan","Taoyuan City","桃園客運","Estimated routing"
"Taiwan","Taoyuan City","桃園捷運公司","Estimated routing"
"Taiwan","Taoyuan City","樹林區公所","Estimated routing"
"Taiwan","Taoyuan City","汎航通運","Estimated routing"
"Taiwan","Taoyuan City","泰山區公所","Estimated routing"
"Taiwan","Taoyuan City","統聯客運","Estimated routing"
"Taiwan","Taoyuan City","臺北客運","Estimated routing"
"Taiwan","Taoyuan City","葛瑪蘭客運","Estimated routing"
"Taiwan","Taoyuan City","豐原客運","Estimated routing"
"Taiwan","Taoyuan City","金台通運","Estimated routing"
"Taiwan","Taoyuan City","長榮國際儲運","Estimated routing"
"Taiwan","Taoyuan City","首都客運","Estimated routing"
"Taiwan","Taoyuan City","鶯歌區公所","Estimated routing"
"Taiwan","Yangmei City","三重客運","Estimated routing"
"Taiwan","Yangmei City","中壢客運","Estimated routing"
"Taiwan","Yangmei City","台灣鐵路管理局","Estimated routing"
"Taiwan","Yangmei City","新竹客運","Estimated routing"
"Taiwan","Yangmei City","桃園客運","Estimated routing"
"Taiwan","Yangmei City","統聯客運","Estimated routing"
"Taiwan","Yangmei City","金台通運","Estimated routing"
"Taiwan","Yilan City","台灣鐵路管理局","Estimated routing"
"Taiwan","Yilan City","國光客運","Estimated routing"
"Taiwan","Yilan City","皇冠大車隊","Estimated routing"
"Taiwan","Yilan City","統聯客運","Estimated routing"
"Taiwan","Yilan City","葛瑪蘭客運","Estimated routing"
"Taiwan","Yilan City","首都客運","Estimated routing"
"Taiwan","Yuanlin Township","台灣鐵路管理局","Estimated routing"
"Taiwan","Yuanlin Township","員林客運","Estimated routing"
"Taiwan","Yuanlin Township","國光客運","Estimated routing"
"Taiwan","Yuanlin Township","彰化客運","Estimated routing"
"Taiwan","Yuanlin Township","統聯客運","Estimated routing"
"Taiwan","Zhubei City","中壢客運","Estimated routing"
"Taiwan","Zhubei City","台灣鐵路管理局","Estimated routing"
"Taiwan","Zhubei City","台灣高鐵","Estimated routing"
"Taiwan","Zhubei City","國光客運","Estimated routing"
"Taiwan","Zhubei City","新竹客運","Estimated routing"
"Taiwan","Zhubei City","科技之星交通","Estimated routing"
"Taiwan","Zhubei City","金牌客運","Estimated routing"
"Thailand","Bangkok","Bangkok Mass Transit Authority","Estimated routing"
"Thailand","Bangkok","Chao Phraya Express Boat","Estimated routing"
"Thailand","Bangkok","State Railway of Thailand","Estimated routing"
"Thailand","Bangkok","THAI SMILE BOAT","Estimated routing"
"Thailand","Bangkok","การรถไฟฟ้าขนส่งมวลชนแห่งประเทศไทย","Estimated routing"
"Thailand","Bangkok","การรถไฟแห่งประเทศไทย","Estimated routing"
"Thailand","Bangkok","นครชัยแอร์","Estimated routing"
"Thailand","Bangkok","บริษัท กรุงเทพธนาคมจำกัด จำกัด","Estimated routing"
"Thailand","Bangkok","บริษัท ขนส่ง จำกัด","Estimated routing"
"Thailand","Bangkok","บริษัท ท่าอากาศยานไทย จำกัด (มหาชน)","Estimated routing"
"Thailand","Bangkok","รถไฟฟ้าบีทีเอส","Estimated routing"
"Thailand","Bangkok","รถไฟฟ้าเชื่อมท่าอากาศยานสุวรรณภูมิ","Estimated routing"
"Thailand","Bangkok","สมบัติทัวร์","Estimated routing"
"Thailand","Bangkok","สมาร์ทบัส","Estimated routing"
"Thailand","Bangkok","องค์การขนส่งมวลชนกรุงเทพ","Estimated routing"
"Thailand","Bangkok","เรือโดยสารคลองแสนแสบ","Estimated routing"
"Thailand","Bangkok","เรือไฟฟ้าคลองผดุงกรุงเกษม","Estimated routing"
"Thailand","Bangkok","เรือไฟฟ้าคลองแสนแสบ","Estimated routing"
"Thailand","Bangkok","ไมน์สมาร์ทเฟอร์รี่","Estimated routing"
"Thailand","Nonthaburi","Chao Phraya Express Boat","Estimated routing"
"Thailand","Nonthaburi","THAI SMILE BOAT","Estimated routing"
"Thailand","Nonthaburi","การรถไฟฟ้าขนส่งมวลชนแห่งประเทศไทย","Estimated routing"
"Thailand","Nonthaburi","รถไฟฟ้าบีทีเอส","Estimated routing"
"Thailand","Nonthaburi","สมาร์ทบัส","Estimated routing"
"Thailand","Nonthaburi","องค์การขนส่งมวลชนกรุงเทพ","Estimated routing"
"Thailand","Nonthaburi","ไมน์สมาร์ทเฟอร์รี่","Estimated routing"
"Turkey","Akdeniz","Otobus","Estimated routing"
"Turkey","Altindag","EGO Genel Müdürlüğü","Estimated routing"
"Turkey","Altindag","Havaalanları Yer Hizmetleri A.Ş.","Estimated routing"
"Turkey","Altindag","Otobus Metro Banliyo","Estimated routing"
"Turkey","Aydin","Otobus","Timetable routing"
"Turkey","Baglar","Otobus","Timetable routing"
"Turkey","Balikesir","Otobus","Estimated routing"
"Turkey","Darica","Minibus","Estimated routing"
"Turkey","Darica","Otobus Feribot Tramvay","Estimated routing"
"Turkey","Darica","TCDD","Estimated routing"
"Turkey","Denizli","Otobus","Estimated routing"
"Turkey","Derince","Otobus Feribot Tramvay","Estimated routing"
"Turkey","Gölcük","Otobus Feribot Tramvay","Estimated routing"
"Turkey","Ilkadim","Otobus Tramvay","Timetable routing"
"Turkey","Izmit","Otobus Feribot Tramvay","Estimated routing"
"Turkey","Kahramanmaras","Otobus","Timetable routing"
"Turkey","Karatay","Otobus Tramvay","Timetable routing"
"Turkey","Kayseri","Otobus Tramvay","Estimated routing"
"Turkey","Kepez","Otobus Tramvay","Estimated routing"
"Turkey","Konak","Eshot","Timetable routing"
"Turkey","Konak","Havaalanları Yer Hizmetleri A.Ş.","Estimated routing"
"Turkey","Konak","IZBAN","Timetable routing"
"Turkey","Konak","METRO İZMİR","Timetable routing"
"Turkey","Konak","TRAM İZMİR","Timetable routing"
"Turkey","Konak","İzdeniz","Timetable routing"
"Turkey","Körfez","Otobus Feribot Tramvay","Estimated routing"
"Turkey","Malatya","Otobus","Estimated routing"
"Turkey","Manisa","Otobus","Estimated routing"
"Turkey","Mardin","Otobus","Estimated routing"
"Turkey","Muratpasa","Otobus Tramvay","Estimated routing"
"Turkey","Ordu","Otobus","Estimated routing"
"Turkey","Sahinbey","Gaziulaş","Timetable routing"
"Turkey","Sahinbey","Hayvanat Bahçesi","Timetable routing"
"Turkey","Sahinbey","Vagon(Tramvay)","Timetable routing"
"Turkey","Sahinbey","Özel Halk Otobüsleri (Mavi)","Timetable routing"
"Turkey","Sahinbey","Özel Halk Otobüsleri (Sarı)","Timetable routing"
"Turkey","Sanliurfa","Otobus","Estimated routing"
"Turkey","Seyhan","Otobus Metro","Estimated routing"
"Turkey","Tekirdag","Otobus","Timetable routing"
"Turkey","Tepebasi","Otobus Tramway","Timetable routing"
"Turkey","Trabzon","Otobus","Estimated routing"
"Turkey","Van","Otobus","Estimated routing"
"Turkey","Yakutiye","Otobus","Timetable routing"
"Turkey","Yenisehir","Otobus","Timetable routing"
"Turkey","İstanbul","Dentur Avrasya","Estimated routing"
"Turkey","İstanbul","FlixBus","Timetable routing"
"Turkey","İstanbul","IDO","Estimated routing"
"Turkey","İstanbul","IETT","Estimated routing"
"Turkey","İstanbul","Metro Ýstanbul","Estimated routing"
"Turkey","İstanbul","Minibus","Estimated routing"
"Turkey","İstanbul","Otobus Feribot Tramvay","Estimated routing"
"Turkey","İstanbul","TCDD","Estimated routing"
"Turkey","İstanbul","Taksi Dolmus","Estimated routing"
"Turkey","İstanbul","Turyol","Estimated routing"
"Turkey","İstanbul","Þehirhatlarý A.Þ.","Estimated routing"
"Ukraine","Berdianskyi raion","AUTOLUX","Estimated routing"
"Ukraine","Berdianskyi raion","Transit agency (Zaporozhye)","Estimated routing"
"Ukraine","Berdianskyi raion","ООО Бердянская Автотранспортная Компания","Estimated routing"
"Ukraine","Berdianskyi raion","ООО Бердянская автотранспортная компания","Estimated routing"
"Ukraine","Berdianskyi raion","ФЛП Бойко К.В.","Estimated routing"
"Ukraine","Berdianskyi raion","ФЛП Гриньов В.А.","Estimated routing"
"Ukraine","Berdianskyi raion","ФЛП Иванченко В.И.","Estimated routing"
"Ukraine","Berdianskyi raion","ФЛП Ковалёв Ю.Э.","Estimated routing"
"Ukraine","Berdianskyi raion","ФЛП Коломоец В.А.","Estimated routing"
"Ukraine","Berdianskyi raion","ФЛП Медвицкий С.П.","Estimated routing"
"Ukraine","Berdianskyi raion","ФЛП Сопильняк Ю.В.","Estimated routing"
"Ukraine","Berdianskyi raion","ФОП Бойко К.В.","Estimated routing"
"Ukraine","Berdianskyi raion","ФОП Коломоєць В.А.","Estimated routing"
"Ukraine","Berdianskyi raion","ФОП Медвіцький С.П.","Estimated routing"
"Ukraine","Berdianskyi raion","ФОП Омельчук В.І.","Estimated routing"
"Ukraine","Bilotserkivskyi raion","Transit agency (Bila Tserkva)","Estimated routing"
"Ukraine","Bilotserkivskyi raion","Белоцерковское троллейбусное управление","Estimated routing"
"Ukraine","Bilotserkivskyi raion","ОАО Белоцерковский автобусный парк","Estimated routing"
"Ukraine","Bilotserkivskyi raion","ЧП Валоис","Estimated routing"
"Ukraine","Bilotserkivskyi raion","ЧП Дилижанс","Estimated routing"
"Ukraine","Bilotserkivskyi raion","ЧП К. А. Н.","Estimated routing"
"Ukraine","Cherkasy","ДП Чарз-Авто","Estimated routing"
"Ukraine","Cherkasy","Золотоношское АТП-17112","Estimated routing"
"Ukraine","Cherkasy","Золотоношское АТП-17112 Черкасское АТП-17127 ЧП Элиттранс","Estimated routing"
"Ukraine","Cherkasy","КП ЧЕТС","Estimated routing"
"Ukraine","Cherkasy","КП ЧеркассыЭлектроТранс","Estimated routing"
"Ukraine","Cherkasy","ОАО Черкасыавтотранс","Estimated routing"
"Ukraine","Cherkasy","ООО Авто ТЮЛ","Estimated routing"
"Ukraine","Cherkasy","ООО ЧАТП 17127","Estimated routing"
"Ukraine","Cherkasy","ЧП Билоус А.В.","Estimated routing"
"Ukraine","Cherkasy","ЧП Копиевский Евгений Петрович","Estimated routing"
"Ukraine","Cherkasy","ЧП Медит Сервіс","Estimated routing"
"Ukraine","Cherkasy","ЧП Синельнык Татьяна Ивановна","Estimated routing"
"Ukraine","Cherkasy","ЧП Форостяна Людмила Ивановна","Estimated routing"
"Ukraine","Cherkasy","ЧП Чарз-Авто","Estimated routing"
"Ukraine","Cherkasy","ЧП Элит Транс","Estimated routing"
"Ukraine","Cherkasy","ЧП Ясько Ольга Ивановна","Estimated routing"
"Ukraine","Chernihivi","Avtobus-Tur (Ecolines)","Estimated routing"
"Ukraine","Chernihivi","FlixBus","Timetable routing"
"Ukraine","Chernihivi","Transit agency (Chernihiv)","Estimated routing"
"Ukraine","Chernihivi","АТ Укрзалізниця","Estimated routing"
"Ukraine","Chernihivi","ДП Пассервис","Estimated routing"
"Ukraine","Chernihivi","ДП Пассервіс","Estimated routing"
"Ukraine","Chernihivi","КП ЧТУ","Estimated routing"
"Ukraine","Chernihivi","ООО Сириус","Estimated routing"
"Ukraine","Chernihivi","ПАТ Укрзализнiця","Estimated routing"
"Ukraine","Chernihivi","ПП Автоера","Estimated routing"
"Ukraine","Chernihivi","ПП ЧАК плюс","Estimated routing"
"Ukraine","Chernihivi","ПрАТ Таксосервис","Estimated routing"
"Ukraine","Chernihivi","ПрАТ Таксосервіс","Estimated routing"
"Ukraine","Chernihivi","ТОВ Пассавто-ЛТД","Estimated routing"
"Ukraine","Chernihivi","ТОВ Пассервіс-Люкс","Estimated routing"
"Ukraine","Chernihivi","ТОВ Пассервіс-люкс","Estimated routing"
"Ukraine","Chernihivi","ТОВ ЧАК","Estimated routing"
"Ukraine","Chernihivi","ФОП Козловский П. В.","Estimated routing"
"Ukraine","Chernihivi","ФОП Корень В. В.","Estimated routing"
"Ukraine","Chernihivi","ФОП Кушнир Ю.М.","Estimated routing"
"Ukraine","Chernihivi","ФОП Пинчук","Estimated routing"
"Ukraine","Chernihivi","ФОП Шкабура О. С.","Estimated routing"
"Ukraine","Cherntivtsi","SIA LATLINES","Estimated routing"
"Ukraine","Cherntivtsi","КП Чернівецьке тролейбусне управління","Estimated routing"
"Ukraine","Cherntivtsi","МКП Тарас","Estimated routing"
"Ukraine","Cherntivtsi","ООО Сириус","Estimated routing"
"Ukraine","Cherntivtsi","ПАТ Укрзализнiця","Estimated routing"
"Ukraine","Cherntivtsi","ПП Ілащук Олександр Григорович","Estimated routing"
"Ukraine","Cherntivtsi","ПП Автотранс 2010","Estimated routing"
"Ukraine","Cherntivtsi","ПП Автотранс-2010","Estimated routing"
"Ukraine","Cherntivtsi","ПП Аміхалакіов Михайло Дмитрович","Estimated routing"
"Ukraine","Cherntivtsi","ПП Багіра","Estimated routing"
"Ukraine","Cherntivtsi","ПП Баранюк Василь Маркович","Estimated routing"
"Ukraine","Cherntivtsi","ПП Вигнан Анатолій Миколайович","Estimated routing"
"Ukraine","Cherntivtsi","ПП Кирдей Ілля Іванович","Estimated routing"
"Ukraine","Cherntivtsi","ПП Москалюк Михайло Петрович","Estimated routing"
"Ukraine","Cherntivtsi","ПП Мунтян Микола Георгійович","Estimated routing"
"Ukraine","Cherntivtsi","ПП Огородник Олег Анатолійович","Estimated routing"
"Ukraine","Cherntivtsi","ПП Пуздряк Михайло Михайлович","Estimated routing"
"Ukraine","Cherntivtsi","ПП Сіті Транс АВТО","Estimated routing"
"Ukraine","Cherntivtsi","ПП Юрковський Василь Іванович","Estimated routing"
"Ukraine","Cherntivtsi","ТОВ Буковина Транс Екіпаж","Estimated routing"
"Ukraine","Cherntivtsi","ТОВ Буковина-Транс Екіпаж","Estimated routing"
"Ukraine","Cherntivtsi","ТОВ Денисівка-1","Estimated routing"
"Ukraine","Cherntivtsi","ТОВ Діліжанс","Estimated routing"
"Ukraine","Cherntivtsi","ТОВ ТП Тарас-2002","Estimated routing"
"Ukraine","Cherntivtsi","ТОВ ТП Чернівці","Estimated routing"
"Ukraine","Cherntivtsi","ТОВ Тарас-2001","Estimated routing"
"Ukraine","Cherntivtsi","ТОВ Чернівці 2004","Estimated routing"
"Ukraine","Cherntivtsi","ФОП Галан Ярослав Іванович","Estimated routing"
"Ukraine","Cherntivtsi","ФОП Гнатюк Ірина Василівна","Estimated routing"
"Ukraine","Cherntivtsi","ФОП Огородник Олег Анатолійович","Estimated routing"
"Ukraine","Dniprodzerzhynsk","AUTOLUX","Estimated routing"
"Ukraine","Dniprodzerzhynsk","Transit agency (Dnipro)","Estimated routing"
"Ukraine","Dniprodzerzhynsk","Transit agency (Kamenskoe)","Estimated routing"
"Ukraine","Dniprodzerzhynsk","КП Трамвай","Estimated routing"
"Ukraine","Dniprodzerzhynsk","ОАО Автопроминь","Estimated routing"
"Ukraine","Dniprodzerzhynsk","ООО Динат-С","Estimated routing"
"Ukraine","Dniprodzerzhynsk","ООО Империал","Estimated routing"
"Ukraine","Dniprodzerzhynsk","ООО Интерспецмаркет","Estimated routing"
"Ukraine","Dniprodzerzhynsk","ООО Юник","Estimated routing"
"Ukraine","Dniprodzerzhynsk","ПАО Севертранс","Estimated routing"
"Ukraine","Dniprodzerzhynsk","ПАО Укрзализниця","Estimated routing"
"Ukraine","Dniprodzerzhynsk","ТОВ Автопроминь","Estimated routing"
"Ukraine","Dniprodzerzhynsk","ТОВ ДIНАТ-С","Estimated routing"
"Ukraine","Dniprodzerzhynsk","ТОВ Империал","Estimated routing"
"Ukraine","Dniprodzerzhynsk","ЧП Зигфрид-М","Estimated routing"
"Ukraine","Dniprodzerzhynsk","ЧП Материал-Сервис","Estimated routing"
"Ukraine","Dniprodzerzhynsk","ЧП Материал-сервис","Estimated routing"
"Ukraine","Dniprodzerzhynsk","ЧП Экспресс-2001","Estimated routing"
"Ukraine","Dnipropetrovsk","AUTOLUX","Estimated routing"
"Ukraine","Dnipropetrovsk","FlixBus","Timetable routing"
"Ukraine","Dnipropetrovsk","Transit agency (Dnipro)","Estimated routing"
"Ukraine","Dnipropetrovsk","Transit agency (Zaporozhye)","Estimated routing"
"Ukraine","Dnipropetrovsk","ГКП Днепропетровский электротранспорт","Estimated routing"
"Ukraine","Dnipropetrovsk","ГП Днепропетровский метрополитен","Estimated routing"
"Ukraine","Dnipropetrovsk","КП Днепровский электротранспорт","Estimated routing"
"Ukraine","Dnipropetrovsk","КП Днепропетровский электротранспорт","Estimated routing"
"Ukraine","Dnipropetrovsk","КЦФК Днепр","Estimated routing"
"Ukraine","Dnipropetrovsk","ОАО Автолуч","Estimated routing"
"Ukraine","Dnipropetrovsk","ОАО Автопроминь","Estimated routing"
"Ukraine","Dnipropetrovsk","ООО АТП - 32","Estimated routing"
"Ukraine","Dnipropetrovsk","ООО Авко","Estimated routing"
"Ukraine","Dnipropetrovsk","ООО АвтоТрансСервис","Estimated routing"
"Ukraine","Dnipropetrovsk","ООО Автовиа","Estimated routing"
"Ukraine","Dnipropetrovsk","ООО Автотрансфер","Estimated routing"
"Ukraine","Dnipropetrovsk","ООО Автоэкспресс-Днепр","Estimated routing"
"Ukraine","Dnipropetrovsk","ООО Ваурус","Estimated routing"
"Ukraine","Dnipropetrovsk","ООО ДАТП 11227","Estimated routing"
"Ukraine","Dnipropetrovsk","ООО ДАТП 11231","Estimated routing"
"Ukraine","Dnipropetrovsk","ООО ДАТП 11233","Estimated routing"
"Ukraine","Dnipropetrovsk","ООО Динат-С","Estimated routing"
"Ukraine","Dnipropetrovsk","ООО ДнепрИнтерТранс","Estimated routing"
"Ukraine","Dnipropetrovsk","ООО ЕвроТрансБус","Estimated routing"
"Ukraine","Dnipropetrovsk","ООО Игрек","Estimated routing"
"Ukraine","Dnipropetrovsk","ООО Интерспецмаркет","Estimated routing"
"Ukraine","Dnipropetrovsk","ООО Меркер","Estimated routing"
"Ukraine","Dnipropetrovsk","ООО С.М.И.Т.","Estimated routing"
"Ukraine","Dnipropetrovsk","ООО СІС","Estimated routing"
"Ukraine","Dnipropetrovsk","ООО Технополис","Estimated routing"
"Ukraine","Dnipropetrovsk","ПАО Новомосковское АТП","Estimated routing"
"Ukraine","Dnipropetrovsk","ПАО Севертранс","Estimated routing"
"Ukraine","Dnipropetrovsk","ПАО Укрзализниця","Estimated routing"
"Ukraine","Dnipropetrovsk","ПАТ Північтранс","Estimated routing"
"Ukraine","Dnipropetrovsk","ПВСП СТО Карлссон","Estimated routing"
"Ukraine","Dnipropetrovsk","ПРАТ ДАТП 11255","Estimated routing"
"Ukraine","Dnipropetrovsk","Приднiпровска залiзнiця","Estimated routing"
"Ukraine","Dnipropetrovsk","ТДВ Автопромінь / ДП Таксі-сервіс","Estimated routing"
"Ukraine","Dnipropetrovsk","ТДВ ДАТП 11259","Estimated routing"
"Ukraine","Dnipropetrovsk","ТОВ Автопроминь","Estimated routing"
"Ukraine","Dnipropetrovsk","ТОВ Автотранссервіс","Estimated routing"
"Ukraine","Dnipropetrovsk","ТОВ Автотранссервіс ТДВ Новомосковське АТП","Estimated routing"
"Ukraine","Dnipropetrovsk","ТОВ С.М.І.Т.","Estimated routing"
"Ukraine","Dnipropetrovsk","ТОВ Технополіс","Estimated routing"
"Ukraine","Dnipropetrovsk","Трамвайное депо № 3","Estimated routing"
"Ukraine","Dnipropetrovsk","Троллейбусное депо № 2","Estimated routing"
"Ukraine","Dnipropetrovsk","УкрЗалізниця","Estimated routing"
"Ukraine","Dnipropetrovsk","ЧАО ДАТП 11201","Estimated routing"
"Ukraine","Dnipropetrovsk","ЧАО ДАТП 11203","Estimated routing"
"Ukraine","Dnipropetrovsk","ЧАО ДАТП 11205","Estimated routing"
"Ukraine","Dnipropetrovsk","ЧАО ДАТП 11228","Estimated routing"
"Ukraine","Dnipropetrovsk","ЧАО ДОПАС","Estimated routing"
"Ukraine","Dnipropetrovsk","ЧП Автострада","Estimated routing"
"Ukraine","Dnipropetrovsk","ЧП Зигфрид-М","Estimated routing"
"Ukraine","Dnipropetrovsk","ЧП Пилот сервис","Estimated routing"
"Ukraine","Dnipropetrovsk","ЧП Техноцентр","Estimated routing"
"Ukraine","Donetsk","Transit agency (Donetsk)","Estimated routing"
"Ukraine","Donetsk","Transit agency (Makeyevka)","Estimated routing"
"Ukraine","Donetsk","Гипермаркет СИГМА ЛЕНД","Estimated routing"
"Ukraine","Donetsk","ДГС Донэлектроавтотранс","Estimated routing"
"Ukraine","Donetsk","Донецкая железная дорога","Estimated routing"
"Ukraine","Donetsk","Донэлектроавтотранс","Estimated routing"
"Ukraine","Donetsk","ККП ДГС Донгорпастранс","Estimated routing"
"Ukraine","Donetsk","ККП ДГС Донецкэлектроавтотранс","Estimated routing"
"Ukraine","Donetsk","ККП ДГС Донэлектроавтотранс","Estimated routing"
"Ukraine","Donetsk","ККП ДГС Донэлектроавтотранс трамвайное депо № 3","Estimated routing"
"Ukraine","Donetsk","ККП ДГС Донэлектроавтотранс трамвайное депо № 4","Estimated routing"
"Ukraine","Donetsk","ККП ДГСДонэлектроавтотранс","Estimated routing"
"Ukraine","Donetsk","КП ДонГорЭлектроАвтоТранс","Estimated routing"
"Ukraine","Donetsk","КП ДонЭлектроАвтоТранс","Estimated routing"
"Ukraine","Donetsk","КП Донэлектроавтотранс","Estimated routing"
"Ukraine","Donetsk","КПП ДГС Донэлектроавтотранс","Estimated routing"
"Ukraine","Donetsk","КПП ДГС Донэлектроавтотранс","Estimated routing"
"Ukraine","Donetsk","Малая Донецкая железная дорога имени В. В. Приклонского","Estimated routing"
"Ukraine","Donetsk","ОАО ДАТП-11421","Estimated routing"
"Ukraine","Donetsk","ООО АУКСО ООО ПКЦ Козак ООО Транссервис-плюс ООО Экспресс ООО Элит-Сервис","Estimated routing"
"Ukraine","Donetsk","ООО Авто-Тревел","Estimated routing"
"Ukraine","Donetsk","ООО Авто-Тревел ФЛП Берестовая Ю.А","Estimated routing"
"Ukraine","Donetsk","ООО Авто-тревел","Estimated routing"
"Ukraine","Donetsk","ООО Алькор-Транс","Estimated routing"
"Ukraine","Donetsk","ООО Виктория","Estimated routing"
"Ukraine","Donetsk","ООО Виктория ООО Колир","Estimated routing"
"Ukraine","Donetsk","ООО Восток-Авто 2009","Estimated routing"
"Ukraine","Donetsk","ООО ГОРСВЕТ","Estimated routing"
"Ukraine","Donetsk","ООО Гранд-Авто","Estimated routing"
"Ukraine","Donetsk","ООО ДОНГОРТЕХ","Estimated routing"
"Ukraine","Donetsk","ООО Донбассавтотранс","Estimated routing"
"Ukraine","Donetsk","ООО Донгортех","Estimated routing"
"Ukraine","Donetsk","ООО Донгортех ООО Авто-экспресс","Estimated routing"
"Ukraine","Donetsk","ООО Донгортех ООО Восток-Авто 2009 ООО Транспортный альянс","Estimated routing"
"Ukraine","Donetsk","ООО Донгортех ФЛП Сапелкин С. А.","Estimated routing"
"Ukraine","Donetsk","ООО Донгосресурс","Estimated routing"
"Ukraine","Donetsk","ООО Караван","Estimated routing"
"Ukraine","Donetsk","ООО Ника-Тур","Estimated routing"
"Ukraine","Donetsk","ООО ТК Флагман ООО Фаэтон УШ АТП 10943 ООО Автоэкспресс","Estimated routing"
"Ukraine","Donetsk","ООО Транспортный Альянс","Estimated routing"
"Ukraine","Donetsk","ООО Транспортный альянс","Estimated routing"
"Ukraine","Donetsk","ООО Транспортный альянс ООО Авто-тревел ООО Донгосресурс ООО Донгортех ДП Донавтотех","Estimated routing"
"Ukraine","Donetsk","ООО 《ГОРСВЕТ》","Estimated routing"
"Ukraine","Donetsk","ОООАТП-11429","Estimated routing"
"Ukraine","Donetsk","ОООАвто-тревел","Estimated routing"
"Ukraine","Donetsk","ПШЕКУН ОЛЕГ НИКОЛАЕВИЧ ФЛП","Estimated routing"
"Ukraine","Donetsk","Перевозчик города Донецк","Estimated routing"
"Ukraine","Donetsk","ФЛП Козуб Дмитрий Юльевич","Estimated routing"
"Ukraine","Donetsk","ЧП Автоэкспресс-Снежное КУКСИН РОМАН ВИКТОРОВИЧ ФЛП ЛОСЕВ ВАСИЛИЙ ВАСИЛЬЕВИЧ ФЛП","Estimated routing"
"Ukraine","Donetsk","ЧП Данильченко ЧП Колос ЧП Пашков","Estimated routing"
"Ukraine","Donetsk","ЧП Курносенко Г.М.","Estimated routing"
"Ukraine","Donetsk","ЧП Мамедов","Estimated routing"
"Ukraine","Donetsk","ЧП Николаев","Estimated routing"
"Ukraine","Donetsk","ЧП Селезнева","Estimated routing"
"Ukraine","Donetsk","ЧП Тынянский","Estimated routing"
"Ukraine","Donetsk","ЧП Шихкеримов","Estimated routing"
"Ukraine","Irpin","ООО Ирпенское АТП 13250","Estimated routing"
"Ukraine","Irpin","ООО Транс Групп","Estimated routing"
"Ukraine","Irpin","ПАТ Укрзализнiця","Estimated routing"
"Ukraine","Irpin","ПП А. Т. Н.","Estimated routing"
"Ukraine","Irpin","ПП Авен-Езер","Estimated routing"
"Ukraine","Irpin","ПП Бальзат","Estimated routing"
"Ukraine","Irpin","ППІ Надія-2000","Estimated routing"
"Ukraine","Irpin","ТОВ Ірпінське АТП 13250","Estimated routing"
"Ukraine","Irpin","ТОВ Ірпінське АТП-13250","Estimated routing"
"Ukraine","Irpin","ТОВ Ирпинское АТП 13250 КП Киевпасстранс","Estimated routing"
"Ukraine","Ivano-Frankivsk","FlixBus","Timetable routing"
"Ukraine","Ivano-Frankivsk","SIA LATLINES","Estimated routing"
"Ukraine","Ivano-Frankivsk","АТ Укрзалізниця","Estimated routing"
"Ukraine","Ivano-Frankivsk","КП ЕлектроАвтоТранс","Estimated routing"
"Ukraine","Ivano-Frankivsk","КП Электроавтотранс","Estimated routing"
"Ukraine","Ivano-Frankivsk","ПП Станислав Транс","Estimated routing"
"Ukraine","Ivano-Frankivsk","ТОВ «Корида-Транс»","Estimated routing"
"Ukraine","Ivano-Frankivsk","ТзОВ Захидтехцентр","Estimated routing"
"Ukraine","Ivano-Frankivsk","ТзОВ Корида-транс","Estimated routing"
"Ukraine","Ivano-Frankivsk","ТзОВ Приватавтотранс-сервис","Estimated routing"
"Ukraine","Ivano-Frankivsk","ФОП Аннюк Йосип Васильович","Estimated routing"
"Ukraine","Ivano-Frankivsk","ФОП Олексюк Василь Васильович","Estimated routing"
"Ukraine","Ivano-Frankivsk","ФОП Сохан Олег Володимирович","Estimated routing"
"Ukraine","Ivano-Frankivsk","ФОП Срібняк Михайло Євстахович","Estimated routing"
"Ukraine","Kerch","Transit agency (Kerch)","Estimated routing"
"Ukraine","Kerch","Transit agency (Sevastopol)","Estimated routing"
"Ukraine","Kerch","Transit agency (Simferopol)","Estimated routing"
"Ukraine","Kerch","Transit agency (Sudak )","Estimated routing"
"Ukraine","Kerch","Transit agency (Yalta)","Estimated routing"
"Ukraine","Kerch","Transit agency (Yevpatoria)","Estimated routing"
"Ukraine","Kerch","АО ТК Гранд Сервис Экспресс","Estimated routing"
"Ukraine","Kerch","АО ТК Гранд Сервис Экспресс (Таврия)","Estimated routing"
"Ukraine","Kerch","ГУП РК «Крымтроллейбус»","Estimated routing"
"Ukraine","Kerch","ГУП РК Крымтроллейбус","Estimated routing"
"Ukraine","Kerch","ИП Вислоушкин С.В.","Estimated routing"
"Ukraine","Kerch","ИП Калинин А.Н.","Estimated routing"
"Ukraine","Kerch","МУП КерчьГорТранс","Estimated routing"
"Ukraine","Kerch","МУП Керчьгортранс","Estimated routing"
"Ukraine","Kerch","ООО «Южная пригородная пассажирская компания»","Estimated routing"
"Ukraine","Kerch","ООО Калинин","Estimated routing"
"Ukraine","Kerch","ООО Керченское АТП-14313","Estimated routing"
"Ukraine","Kerch","ООО Керчьтранс","Estimated routing"
"Ukraine","Kerch","ООО Ника-Тур","Estimated routing"
"Ukraine","Kharkiv","AUTOLUX","Estimated routing"
"Ukraine","Kharkiv","Transit agency (Kharkiv)","Estimated routing"
"Ukraine","Kharkiv","АО АТП-16301 ООО АИС-Транс ООО АТП Автотранс","Estimated routing"
"Ukraine","Kharkiv","АО Герц","Estimated routing"
"Ukraine","Kharkiv","АТ Укрзалізниця","Estimated routing"
"Ukraine","Kharkiv","КП «Салтовское трамвайное депо»","Estimated routing"
"Ukraine","Kharkiv","КП Салтовское трамвайное депо","Estimated routing"
"Ukraine","Kharkiv","КП Тролейбусное депо №2","Estimated routing"
"Ukraine","Kharkiv","КП Харьковский метрополитен","Estimated routing"
"Ukraine","Kharkiv","ОАО АТП-16327","Estimated routing"
"Ukraine","Kharkiv","ОАО АТП-16330","Estimated routing"
"Ukraine","Kharkiv","ОАО АТП-16331","Estimated routing"
"Ukraine","Kharkiv","ОАО АТП-16363","Estimated routing"
"Ukraine","Kharkiv","ОАО Точприбор","Estimated routing"
"Ukraine","Kharkiv","ООО АК Автотранс","Estimated routing"
"Ukraine","Kharkiv","ООО АТП - Темп","Estimated routing"
"Ukraine","Kharkiv","ООО АТП Автотранс","Estimated routing"
"Ukraine","Kharkiv","ООО АТП-16356","Estimated routing"
"Ukraine","Kharkiv","ООО Авиника","Estimated routing"
"Ukraine","Kharkiv","ООО Авто-ОВИ","Estimated routing"
"Ukraine","Kharkiv","ООО Автоэкспресс-Днепр","Estimated routing"
"Ukraine","Kharkiv","ООО Али-Автотранс","Estimated routing"
"Ukraine","Kharkiv","ООО Вояжер","Estimated routing"
"Ukraine","Kharkiv","ООО Кавказ Лайн","Estimated routing"
"Ukraine","Kharkiv","ООО Немо ЛТД","Estimated routing"
"Ukraine","Kharkiv","ООО Нэмо ЛТД","Estimated routing"
"Ukraine","Kharkiv","ООО Полиавто","Estimated routing"
"Ukraine","Kharkiv","ООО Реал-МЛ","Estimated routing"
"Ukraine","Kharkiv","ООО Ромстар","Estimated routing"
"Ukraine","Kharkiv","ООО САТП-2001","Estimated routing"
"Ukraine","Kharkiv","ООО Статус-Авто","Estimated routing"
"Ukraine","Kharkiv","ООО ТК Трансавто","Estimated routing"
"Ukraine","Kharkiv","ООО Укравтотранс Плюс","Estimated routing"
"Ukraine","Kharkiv","ООО ФИН","Estimated routing"
"Ukraine","Kharkiv","ООО Фрегат-К","Estimated routing"
"Ukraine","Kharkiv","ООО Шляхи України","Estimated routing"
"Ukraine","Kharkiv","ООО Экспресс","Estimated routing"
"Ukraine","Kharkiv","Октябрьское трамвайное депо","Estimated routing"
"Ukraine","Kharkiv","Октябрьское трамвайное депо Салтовское трамвайное депо","Estimated routing"
"Ukraine","Kharkiv","ПОГ ВСК Юридическая Академия","Estimated routing"
"Ukraine","Kharkiv","Региональный филиал Южная Железная Дорога АО Укрзализныця","Estimated routing"
"Ukraine","Kharkiv","С-Аурум","Estimated routing"
"Ukraine","Kharkiv","СПД ФЛ Бутенко Н. И.","Estimated routing"
"Ukraine","Kharkiv","СПД ФЛ Згуровский В.Н.","Estimated routing"
"Ukraine","Kharkiv","СПД ФЛ Рудяк С.И.","Estimated routing"
"Ukraine","Kharkiv","СПД ФЛ Ситов В.И.","Estimated routing"
"Ukraine","Kharkiv","Салтовское трамвайное депо","Estimated routing"
"Ukraine","Kharkiv","Троллейбусное депо № 2","Estimated routing"
"Ukraine","Kharkiv","Троллейбусное депо № 3","Estimated routing"
"Ukraine","Kharkiv","Троллейбусное депо №2","Estimated routing"
"Ukraine","Kharkiv","Троллейбусное депо №3","Estimated routing"
"Ukraine","Kharkiv","УкрЗалізниця","Estimated routing"
"Ukraine","Kharkiv","ФЛ-П Азатян К.А.","Estimated routing"
"Ukraine","Kharkiv","ФЛ-П Арцибашева Т.В.","Estimated routing"
"Ukraine","Kharkiv","ФЛ-П Говорун И. А.","Estimated routing"
"Ukraine","Kharkiv","ФЛ-П Гузева","Estimated routing"
"Ukraine","Kharkiv","ФЛ-П Павлов Ю.И.","Estimated routing"
"Ukraine","Kharkiv","ФЛП Сапелкин","Estimated routing"
"Ukraine","Kharkiv","ЧМП Транссервис","Estimated routing"
"Ukraine","Kharkiv","ЧП Абушаев Ю.К.","Estimated routing"
"Ukraine","Kharkiv","ЧП Алибаев Р.Р.","Estimated routing"
"Ukraine","Kharkiv","ЧП Билюк Н.И.","Estimated routing"
"Ukraine","Kharkiv","ЧП Бублик В.И.","Estimated routing"
"Ukraine","Kharkiv","ЧП Гончарова","Estimated routing"
"Ukraine","Kharkiv","ЧП Джерела","Estimated routing"
"Ukraine","Kharkiv","ЧП Зима В.И.","Estimated routing"
"Ukraine","Kharkiv","ЧП Кравченко И.А.","Estimated routing"
"Ukraine","Kharkiv","ЧП Куц К.М.","Estimated routing"
"Ukraine","Kharkiv","ЧП Латышев С.И.","Estimated routing"
"Ukraine","Kharkiv","ЧП Ованов С.Г.","Estimated routing"
"Ukraine","Kharkiv","ЧП Руденко","Estimated routing"
"Ukraine","Kharkiv","ЧП С-Аурум","Estimated routing"
"Ukraine","Kharkiv","ЧП Самойлов","Estimated routing"
"Ukraine","Kharkiv","ЧП Собчук П.Д.","Estimated routing"
"Ukraine","Kharkiv","ЧП ТМ ВИРА","Estimated routing"
"Ukraine","Kharkiv","ЧП ТМ-Вера","Estimated routing"
"Ukraine","Kharkiv","ЧП Шеховцов М.В.","Estimated routing"
"Ukraine","Kharkiv","ЧП Юрченко Л.В.","Estimated routing"
"Ukraine","Kharkiv","ЧФ Лоск","Estimated routing"
"Ukraine","Kharkiv","ЧФ Свобода-ТРАНС ООО Шляхи Украины 2010 ООО ФИН","Estimated routing"
"Ukraine","Kharkiv","ооо Трансмейл-2012","Estimated routing"
"Ukraine","Kiev","-","Estimated routing"
"Ukraine","Kiev","AUTOLUX","Estimated routing"
"Ukraine","Kiev","Avtobus-Tur (Ecolines)","Estimated routing"
"Ukraine","Kiev","ECOLINES","Estimated routing"
"Ukraine","Kiev","Eurolines SA","Estimated routing"
"Ukraine","Kiev","FlixBus","Timetable routing"
"Ukraine","Kiev","KП Киевпасстранс | АП-№5","Estimated routing"
"Ukraine","Kiev","KП Київпастранс","Estimated routing"
"Ukraine","Kiev","Magyar Allamvasutak","Timetable routing"
"Ukraine","Kiev","OEBB Personenverkehr AG Kundenservice","Timetable routing"
"Ukraine","Kiev","Transit agency (Kiev)","Estimated routing"
"Ukraine","Kiev","Ukrlines","Estimated routing"
"Ukraine","Kiev","АТ Укрзалiзниця","Estimated routing"
"Ukraine","Kiev","АТ Укрзалізниця","Estimated routing"
"Ukraine","Kiev","ВАТ Димерське АТП","Estimated routing"
"Ukraine","Kiev","Гипермаркет Ашан","Estimated routing"
"Ukraine","Kiev","Гипермаркет Леруа Мерлен","Estimated routing"
"Ukraine","Kiev","Гипермаркет Леруа Мерлен","Estimated routing"
"Ukraine","Kiev","ЗАО Броварсккое АТП 13209","Estimated routing"
"Ukraine","Kiev","КП Киевпасстранс","Estimated routing"
"Ukraine","Kiev","КП Киевпасстранс ( Автобусный парк № 5)","Estimated routing"
"Ukraine","Kiev","КП Киевпасстранс (4 Куренёвское троллейбусное депо)","Estimated routing"
"Ukraine","Kiev","КП Киевпасстранс (8-Автобусный парк)","Estimated routing"
"Ukraine","Kiev","КП Киевпасстранс (8й-Автобусный парк)","Estimated routing"
"Ukraine","Kiev","КП Киевпасстранс (Автобусный парк - 8)","Estimated routing"
"Ukraine","Kiev","КП Киевпасстранс (Автобусный парк № 2)","Estimated routing"
"Ukraine","Kiev","КП Киевпасстранс (Автобусный парк № 6)","Estimated routing"
"Ukraine","Kiev","КП Киевпасстранс (Автобусный парк №2)","Estimated routing"
"Ukraine","Kiev","КП Киевпасстранс (Дарницкое трамвайное депо №4)","Estimated routing"
"Ukraine","Kiev","КП Киевпасстранс (Дарницкое трамвайное депо)","Estimated routing"
"Ukraine","Kiev","КП Киевпасстранс (КТРЭД)","Estimated routing"
"Ukraine","Kiev","КП Киевпасстранс (ТРЭД 3)","Estimated routing"
"Ukraine","Kiev","КП Киевпасстранс | Автобусный парк №2","Estimated routing"
"Ukraine","Kiev","КП Киевпасстранс || ТРЭД 2","Estimated routing"
"Ukraine","Kiev","КП Киевпасстранс ПП Укрзализниця","Estimated routing"
"Ukraine","Kiev","КП Киевпасстранс ПП Укрзализниця","Estimated routing"
"Ukraine","Kiev","КП Киевпасстранс ТРЭД 2","Estimated routing"
"Ukraine","Kiev","КП Киевпасстранс но работает ПП А. Т. Н.","Estimated routing"
"Ukraine","Kiev","КП Киевпастранс (Автобусный парк № 5)","Estimated routing"
"Ukraine","Kiev","КП Киевпастранс | Автобусный парк №5","Estimated routing"
"Ukraine","Kiev","КП Киевпастранс || Автобусный парк №5 8","Estimated routing"
"Ukraine","Kiev","КП Киевпастранс Автобусный парк №5","Estimated routing"
"Ukraine","Kiev","КП Киевпастранс Автобусный парк №5 8","Estimated routing"
"Ukraine","Kiev","КП Киевпастранс ПП Бальзат","Estimated routing"
"Ukraine","Kiev","КП Киевский Метрополитен","Estimated routing"
"Ukraine","Kiev","КП Київпастранс","Estimated routing"
"Ukraine","Kiev","КПКиевПастранс автобусный парк №1","Estimated routing"
"Ukraine","Kiev","КПКиевпастранс автобусный парк №8","Estimated routing"
"Ukraine","Kiev","КПТ Киевпасстранс","Estimated routing"
"Ukraine","Kiev","Киевпасстранс","Estimated routing"
"Ukraine","Kiev","Надия-2000","Estimated routing"
"Ukraine","Kiev","Нелегальный перевозчик","Estimated routing"
"Ukraine","Kiev","ОАО АТАСС Борисполь","Estimated routing"
"Ukraine","Kiev","ОАО Димерське АТП","Estimated routing"
"Ukraine","Kiev","ОАОАтасс - Борисполь","Estimated routing"
"Ukraine","Kiev","ООО А-400","Estimated routing"
"Ukraine","Kiev","ООО АТП-1302","Estimated routing"
"Ukraine","Kiev","ООО Авто-Лайн","Estimated routing"
"Ukraine","Kiev","ООО БроварыАвтоПас","Estimated routing"
"Ukraine","Kiev","ООО Вервит","Estimated routing"
"Ukraine","Kiev","ООО Д-М-Київтранс","Estimated routing"
"Ukraine","Kiev","ООО Дымерское АТП","Estimated routing"
"Ukraine","Kiev","ООО Ирпенское АТП 13250","Estimated routing"
"Ukraine","Kiev","ООО Кавказ Лайн","Estimated routing"
"Ukraine","Kiev","ООО Кийтранс-2005","Estimated routing"
"Ukraine","Kiev","ООО Клайт","Estimated routing"
"Ukraine","Kiev","ООО Обуховтранс","Estimated routing"
"Ukraine","Kiev","ООО ПасБРайТ","Estimated routing"
"Ukraine","Kiev","ООО Политех-авто Б","Estimated routing"
"Ukraine","Kiev","ООО Ригель","Estimated routing"
"Ukraine","Kiev","ООО Сириус","Estimated routing"
"Ukraine","Kiev","ООО Союз-Авто","Estimated routing"
"Ukraine","Kiev","ООО Союз-авто","Estimated routing"
"Ukraine","Kiev","ООО ТК Автосоюз","Estimated routing"
"Ukraine","Kiev","ООО Тк Автосоюз","Estimated routing"
"Ukraine","Kiev","ООО Транс Групп","Estimated routing"
"Ukraine","Kiev","ООО Транс-Групп","Estimated routing"
"Ukraine","Kiev","ООО Транс-Сити","Estimated routing"
"Ukraine","Kiev","ООО Транс-групп","Estimated routing"
"Ukraine","Kiev","ООО Транс-сити","Estimated routing"
"Ukraine","Kiev","ООО Ярославь-Авто","Estimated routing"
"Ukraine","Kiev","ПАТ Броварское АТП 13209","Estimated routing"
"Ukraine","Kiev","ПАТ Броварське АТП 13209","Estimated routing"
"Ukraine","Kiev","ПАТ Укрзализнiця","Estimated routing"
"Ukraine","Kiev","ПП Uber","Estimated routing"
"Ukraine","Kiev","ПП А. Т. Н.","Estimated routing"
"Ukraine","Kiev","ПП Авен-Езер","Estimated routing"
"Ukraine","Kiev","ПП Алекс-транс-плюс","Estimated routing"
"Ukraine","Kiev","ПП Бальзат","Estimated routing"
"Ukraine","Kiev","ПП Бальзат КП Киевпасстранс","Estimated routing"
"Ukraine","Kiev","ПП Книрша Лидия Васильевна","Estimated routing"
"Ukraine","Kiev","ПП Парк","Estimated routing"
"Ukraine","Kiev","ПП Пасбрайт","Estimated routing"
"Ukraine","Kiev","ПП Прилукипасстранс","Estimated routing"
"Ukraine","Kiev","ПП Союз-Авто","Estimated routing"
"Ukraine","Kiev","ПП Тандем","Estimated routing"
"Ukraine","Kiev","ПП Укрзалізниця","Estimated routing"
"Ukraine","Kiev","ПП Универсал-Транс","Estimated routing"
"Ukraine","Kiev","ПП Универсал-транс","Estimated routing"
"Ukraine","Kiev","ППІ Надія-2000","Estimated routing"
"Ukraine","Kiev","Приватный перевозчик","Estimated routing"
"Ukraine","Kiev","Речной вокзал","Estimated routing"
"Ukraine","Kiev","Рынок Троєщина","Estimated routing"
"Ukraine","Kiev","Служба Сервис 15 Сервис-Люкс Сумы Сервис - Транзит 15-56 Авто-лайф 15-01 Экспресс 16-16","Estimated routing"
"Ukraine","Kiev","Союз-Авто","Estimated routing"
"Ukraine","Kiev","ТОВ Ірпінське АТП 13250","Estimated routing"
"Ukraine","Kiev","ТОВ Ірпінське АТП-13250","Estimated routing"
"Ukraine","Kiev","ТОВ А-400","Estimated routing"
"Ukraine","Kiev","ТОВ Авто-Круиз+","Estimated routing"
"Ukraine","Kiev","ТОВ Авто-Лайн","Estimated routing"
"Ukraine","Kiev","ТОВ АвтоСервис","Estimated routing"
"Ukraine","Kiev","ТОВ Автолюкс","Estimated routing"
"Ukraine","Kiev","ТОВ Автосервис","Estimated routing"
"Ukraine","Kiev","ТОВ Вервит","Estimated routing"
"Ukraine","Kiev","ТОВ Д-М-Київтранс","Estimated routing"
"Ukraine","Kiev","ТОВ ДМ-Київтранс","Estimated routing"
"Ukraine","Kiev","ТОВ Ирпинское АТП 13250 КП Киевпасстранс","Estimated routing"
"Ukraine","Kiev","ТОВ Кийтранс-2005","Estimated routing"
"Ukraine","Kiev","ТОВ Клайт","Estimated routing"
"Ukraine","Kiev","ТОВ ПасБРайТ","Estimated routing"
"Ukraine","Kiev","ТОВ Радонь","Estimated routing"
"Ukraine","Kiev","ТОВ Союз-Авто","Estimated routing"
"Ukraine","Kiev","ТОВ ТК Автосоюз","Estimated routing"
"Ukraine","Kiev","ТОВ Транс-Груп","Estimated routing"
"Ukraine","Kiev","ТОВ Транс-Сити","Estimated routing"
"Ukraine","Kiev","ТОВ Троицкая Артиль","Estimated routing"
"Ukraine","Kiev","ТОВ Фоззи фуд","Estimated routing"
"Ukraine","Kiev","ТОВ Ярославь-Авто","Estimated routing"
"Ukraine","Kiev","ТОВ Ярославь-Авто ПП Авен-Езер","Estimated routing"
"Ukraine","Kiev","УкрЗализныця || РПЧ-8 Фастов-Моторвагонный","Estimated routing"
"Ukraine","Kiev","Укрзалізниця","Estimated routing"
"Ukraine","Kiev","ФОП Герасимов С. В.","Estimated routing"
"Ukraine","Kiev","ФОП Метелюк И. В.","Estimated routing"
"Ukraine","Kiev","ФОП Метелюк И.В.","Estimated routing"
"Ukraine","Kiev","ФОП Мохонько В.В.","Estimated routing"
"Ukraine","Kiev","ФОП Пилипчук","Estimated routing"
"Ukraine","Kiev","ФОП Пилипчук В.Г. ФОП Мохонько В.В.","Estimated routing"
"Ukraine","Kiev","ЧП А.Т.Н","Estimated routing"
"Ukraine","Kiev","ЧП Авен-Езер","Estimated routing"
"Ukraine","Kiev","ЧП Авэн-Езэр","Estimated routing"
"Ukraine","Kiev","ЧП Алекс-транс плюс","Estimated routing"
"Ukraine","Kiev","ЧП Базальт","Estimated routing"
"Ukraine","Kiev","ЧП Васильковтранство","Estimated routing"
"Ukraine","Kiev","ЧП Гусак","Estimated routing"
"Ukraine","Kiev","ЧП Дидович А.Я.","Estimated routing"
"Ukraine","Kiev","ЧП Надия-2000","Estimated routing"
"Ukraine","Kiev","ЧП Овчинникова ООО Кийтранс-2005","Estimated routing"
"Ukraine","Kiev","ЧП Парк","Estimated routing"
"Ukraine","Kiev","ЧП Сталкер","Estimated routing"
"Ukraine","Kiev","ЧП Тандем","Estimated routing"
"Ukraine","Kiev","ЧП Универсал-Транс","Estimated routing"
"Ukraine","Kiev","ЧПИ Надия - 2000","Estimated routing"
"Ukraine","Kirovohrad","FlixBus","Timetable routing"
"Ukraine","Kirovohrad","КО Автолегион Варванской Ю. В.","Estimated routing"
"Ukraine","Kirovohrad","КП Электротранс","Estimated routing"
"Ukraine","Kirovohrad","ОАО Автобусный парк 13527","Estimated routing"
"Ukraine","Kirovohrad","ООО Кировоград Евро Транс","Estimated routing"
"Ukraine","Kirovohrad","ЧП Автобаз Кировоград","Estimated routing"
"Ukraine","Kirovohrad","ЧП Кобченко Виталий Владимирович","Estimated routing"
"Ukraine","Kirovohrad","ЧП Оликс","Estimated routing"
"Ukraine","Kirovohrad","ЧП Паритет Сервис","Estimated routing"
"Ukraine","Kirovohrad","ЧП УкрАвтоИнвест","Estimated routing"
"Ukraine","Krasnodonskyi raion","Transit agency (Sorokyne)","Estimated routing"
"Ukraine","Krasnodonskyi raion","КП Краснодонское троллейбусно-автотранспортное управление","Estimated routing"
"Ukraine","Krasnodonskyi raion","ООО Луганская автотранспортная компания 0777","Estimated routing"
"Ukraine","Kremenchuk","AUTOLUX","Estimated routing"
"Ukraine","Kremenchuk","Transit agency (Dnipro)","Estimated routing"
"Ukraine","Kremenchuk","Transit agency (Kamenskoe)","Estimated routing"
"Ukraine","Kremenchuk","Transit agency (Kremenchuk)","Estimated routing"
"Ukraine","Kremenchuk","КП Кременчуцьке тролейбусне управління ім. Л. Я. Левітана","Estimated routing"
"Ukraine","Kremenchuk","Служба Сервис 15 Сервис-Люкс Сумы Сервис - Транзит 15-56 Авто-лайф 15-01 Экспресс 16-16","Estimated routing"
"Ukraine","Kryvyi Rih","Transit agency (Kamenskoe)","Estimated routing"
"Ukraine","Kryvyi Rih","Transit agency (Krivoy Rog)","Estimated routing"
"Ukraine","Kryvyi Rih","КП Городской трамвай","Estimated routing"
"Ukraine","Kryvyi Rih","КП Городской троллейбус","Estimated routing"
"Ukraine","Kryvyi Rih","КП Скоростной трамвай","Estimated routing"
"Ukraine","Kryvyi Rih","Криворожавтотранс","Estimated routing"
"Ukraine","Kryvyi Rih","Криворожское АТП","Estimated routing"
"Ukraine","Kryvyi Rih","ОАО Севертранс","Estimated routing"
"Ukraine","Kryvyi Rih","ООО Приваттранс","Estimated routing"
"Ukraine","Kryvyi Rih","ПАО Севертранс","Estimated routing"
"Ukraine","Kryvyi Rih","ПАО Укрзализниця","Estimated routing"
"Ukraine","Kryvyi Rih","Скоростной трамвай Кривого Рога","Estimated routing"
"Ukraine","Kryvyi Rih","УкрЗалізниця","Estimated routing"
"Ukraine","Kryvyi Rih","ФЛП Чернокур Александр Владимирович","Estimated routing"
"Ukraine","Kryvyi Rih","ЧП Материал-сервис","Estimated routing"
"Ukraine","Kryvyi Rih","ЧП Одиум-Престиж","Estimated routing"
"Ukraine","Lutskyi raion","ECOLINES","Estimated routing"
"Ukraine","Lutskyi raion","FlixBus","Timetable routing"
"Ukraine","Lutskyi raion","SIA LATLINES","Estimated routing"
"Ukraine","Lutskyi raion","Transit agency (Lutsk)","Estimated routing"
"Ukraine","Lutskyi raion","Transit agency (Volodymyr-Volynskyi)","Estimated routing"
"Ukraine","Lutskyi raion","КП Луцкое Предприятие Электротранспорта","Estimated routing"
"Ukraine","Lutskyi raion","КП Луцкое предприятие электротранспорта","Estimated routing"
"Ukraine","Lutskyi raion","ЛЕП","Estimated routing"
"Ukraine","Lutskyi raion","Луцьке АТП","Estimated routing"
"Ukraine","Lutskyi raion","ПП АТП №1","Estimated routing"
"Ukraine","Lutskyi raion","ПП Луцьке АТП","Estimated routing"
"Ukraine","Lutskyi raion","Перевозчик города Луцк","Estimated routing"
"Ukraine","Lutskyi raion","ПрАТ АТП 10701","Estimated routing"
"Ukraine","Lutskyi raion","СПФО Голубович Ігор Анатолійович","Estimated routing"
"Ukraine","Lutskyi raion","ТОВ ВТП Санрайз ЛТД","Estimated routing"
"Ukraine","Lutskyi raion","ЧП Луцьке АТП","Estimated routing"
"Ukraine","Lviv","Eurolines SA","Estimated routing"
"Ukraine","Lviv","FlixBus","Timetable routing"
"Ukraine","Lviv","Magyar Allamvasutak","Timetable routing"
"Ukraine","Lviv","OEBB Personenverkehr AG Kundenservice","Timetable routing"
"Ukraine","Lviv","SIA LATLINES","Estimated routing"
"Ukraine","Lviv","АТ Укрзалізниця","Estimated routing"
"Ukraine","Lviv","АТП-1","Timetable routing"
"Ukraine","Lviv","ВАТ АТП-14630","Estimated routing"
"Ukraine","Lviv","Вест-Авто","Estimated routing"
"Ukraine","Lviv","ИП Зейдан В.М.","Estimated routing"
"Ukraine","Lviv","ЛК АТП №1","Estimated routing"
"Ukraine","Lviv","ЛКП Львівелектротранс","Timetable routing"
"Ukraine","Lviv","Львівське АТП","Estimated routing"
"Ukraine","Lviv","Львівське АТП-14630","Timetable routing"
"Ukraine","Lviv","Міра і К","Timetable routing"
"Ukraine","Lviv","ООО Лідеравтотранс","Estimated routing"
"Ukraine","Lviv","ПП АТП-Завада","Estimated routing"
"Ukraine","Lviv","ПП Гал-Всесвіт","Estimated routing"
"Ukraine","Lviv","ПП Городиська В.О","Estimated routing"
"Ukraine","Lviv","ПП Рудно-Транс","Estimated routing"
"Ukraine","Lviv","ПП Соп-Транс","Estimated routing"
"Ukraine","Lviv","ПП Статус Т","Estimated routing"
"Ukraine","Lviv","ПП Транс-Екіпаж","Estimated routing"
"Ukraine","Lviv","ПП Транс-Спорт","Estimated routing"
"Ukraine","Lviv","ПП Фалкон","Estimated routing"
"Ukraine","Lviv","ПП Шлях-Авто","Estimated routing"
"Ukraine","Lviv","ТОВ Епітранс","Timetable routing"
"Ukraine","Lviv","ТОВ Транссіті","Timetable routing"
"Ukraine","Lviv","ТзОВ Атто","Estimated routing"
"Ukraine","Lviv","ТзОВ Львівське АТП-14631","Estimated routing"
"Ukraine","Lviv","ТзОВ Миколаївське АТП 14627","Estimated routing"
"Ukraine","Lviv","ТзОВ Міра і К","Estimated routing"
"Ukraine","Lviv","ТзОВ Сатурн-Плюс","Estimated routing"
"Ukraine","Lviv","ТзОВ Успіх БМ","Estimated routing"
"Ukraine","Lviv","ТзОВ Фіакр-Львів","Estimated routing"
"Ukraine","Lviv","УкрЗалізниця","Estimated routing"
"Ukraine","Lviv","Успіх БМ","Timetable routing"
"Ukraine","Lviv","Фіакр-Львів","Timetable routing"
"Ukraine","Lviv","ЧП Люн-Транс","Estimated routing"
"Ukraine","Mariupol","Transit agency (Mariupol)","Estimated routing"
"Ukraine","Mariupol","ДП Мариупольское АТП 11402","Estimated routing"
"Ukraine","Mariupol","ЗАТ Мариуполь-Авто","Estimated routing"
"Ukraine","Mariupol","ЗАТ Мариуполь-авто","Estimated routing"
"Ukraine","Mariupol","КП «МТТУ»","Estimated routing"
"Ukraine","Mariupol","КП МТТУ","Estimated routing"
"Ukraine","Mariupol","КП Мариупольское Трамвайно-троллейбусное управление","Estimated routing"
"Ukraine","Mariupol","ООО Марвей Транспорт","Estimated routing"
"Ukraine","Mariupol","ПрАТ Мариуполь-Авто","Estimated routing"
"Ukraine","Mariupol","Приватний перевізник","Estimated routing"
"Ukraine","Mariupol","ТОВ Марвей Транспорт","Estimated routing"
"Ukraine","Mariupol","Частный перевозчик","Estimated routing"
"Ukraine","Melitopolskyi raion","Transit agency (Melitopol)","Estimated routing"
"Ukraine","Melitopolskyi raion","ООО АТП АСА","Estimated routing"
"Ukraine","Melitopolskyi raion","УкрЗалізниця","Estimated routing"
"Ukraine","Melitopolskyi raion","ФЛП Панасенко Валерий Дмитриевич","Estimated routing"
"Ukraine","Mykolaiv","Transit agency (Nikolayev)","Estimated routing"
"Ukraine","Mykolaiv","АТ Укрзалізниця","Estimated routing"
"Ukraine","Mykolaiv","КП Николаевэлектротранс","Estimated routing"
"Ukraine","Mykolaiv","МЧП ТФТ","Estimated routing"
"Ukraine","Mykolaiv","Николаевэлектротранс","Estimated routing"
"Ukraine","Mykolaiv","ОАО Авто Виола плюс","Estimated routing"
"Ukraine","Mykolaiv","ООО Алан-Техно","Estimated routing"
"Ukraine","Mykolaiv","ООО Гуриг-сервис","Estimated routing"
"Ukraine","Mykolaiv","ООО Евротранстехсервис","Estimated routing"
"Ukraine","Mykolaiv","ООО Митап","Estimated routing"
"Ukraine","Mykolaiv","ООО Орион-Авто","Estimated routing"
"Ukraine","Mykolaiv","ООО Орион-авто","Estimated routing"
"Ukraine","Mykolaiv","ООО Приватавтолюкс","Estimated routing"
"Ukraine","Mykolaiv","ООО Укр-транс","Estimated routing"
"Ukraine","Mykolaiv","Орион-Авто","Estimated routing"
"Ukraine","Mykolaiv","ПАТ Укрзализнiця","Estimated routing"
"Ukraine","Mykolaiv","ЧП Ива","Estimated routing"
"Ukraine","Mykolaiv","ЧП МИТАП","Estimated routing"
"Ukraine","Mykolaiv","ЧП МиС","Estimated routing"
"Ukraine","Mykolaiv","ЧП ПиК","Estimated routing"
"Ukraine","Mykolaiv","ЧП ТФТ","Estimated routing"
"Ukraine","Novoaidarskyi raion","Transit agency (Lysychansk )","Estimated routing"
"Ukraine","Novoaidarskyi raion","КП Северодонецкое троллейбусное управление","Estimated routing"
"Ukraine","Novoaidarskyi raion","ОАО Северодонецкое АТП-10920","Estimated routing"
"Ukraine","Novoaidarskyi raion","ООО Северодонецкое АТП-10974","Estimated routing"
"Ukraine","Novoaidarskyi raion","ПП Сєвєродонецьке Комфорт-Авто","Estimated routing"
"Ukraine","Odessa","AUTOLUX","Estimated routing"
"Ukraine","Odessa","FlixBus","Timetable routing"
"Ukraine","Odessa","OOO Віраж","Estimated routing"
"Ukraine","Odessa","Transit agency (Odessa)","Estimated routing"
"Ukraine","Odessa","Ukrlines","Estimated routing"
"Ukraine","Odessa","АТ Укрзалiзниця","Estimated routing"
"Ukraine","Odessa","АТП Киностудии","Estimated routing"
"Ukraine","Odessa","Авторухсервис","Estimated routing"
"Ukraine","Odessa","Автротранс Украина","Estimated routing"
"Ukraine","Odessa","Депо №1 (Вокзал)","Estimated routing"
"Ukraine","Odessa","Депо №2","Estimated routing"
"Ukraine","Odessa","Дэпо №1 Вокзал","Estimated routing"
"Ukraine","Odessa","КП «ОГЭТ»","Estimated routing"
"Ukraine","Odessa","КП Авто-Сервис","Estimated routing"
"Ukraine","Odessa","КП ОГЭТ","Estimated routing"
"Ukraine","Odessa","МП ООО САМ","Estimated routing"
"Ukraine","Odessa","ОАО Пивнич Транс Автотранссервис","Estimated routing"
"Ukraine","Odessa","ОАО Пивнич-Транс","Estimated routing"
"Ukraine","Odessa","ОАО ПивничТранс","Estimated routing"
"Ukraine","Odessa","ООО Авторух-Сервис","Estimated routing"
"Ukraine","Odessa","ООО Автотранс-Украина","Estimated routing"
"Ukraine","Odessa","ООО Вираж","Estimated routing"
"Ukraine","Odessa","ООО Віраж","Estimated routing"
"Ukraine","Odessa","ООО Гленкор-Юг","Estimated routing"
"Ukraine","Odessa","ООО Турист","Estimated routing"
"Ukraine","Odessa","Одесса Экспресс","Estimated routing"
"Ukraine","Odessa","Ооо Турист","Estimated routing"
"Ukraine","Odessa","ПАО Севертранс","Estimated routing"
"Ukraine","Odessa","ПАТ Чорноморська транспортна компанія","Estimated routing"
"Ukraine","Odessa","Перевозчик города Арциз","Estimated routing"
"Ukraine","Odessa","Пивнич Транс","Estimated routing"
"Ukraine","Odessa","Пивнич Транс Автотранссерви Автосервис","Estimated routing"
"Ukraine","Odessa","Північ транс","Estimated routing"
"Ukraine","Odessa","Севертранс","Estimated routing"
"Ukraine","Odessa","Старс транс Одесса эксперсс","Estimated routing"
"Ukraine","Odessa","ТОВ Автолюкс","Estimated routing"
"Ukraine","Odessa","ТОВ Автотранс-Україна","Estimated routing"
"Ukraine","Odessa","ТОВ Турист","Estimated routing"
"Ukraine","Odessa","ЧП АТП Киностудии","Estimated routing"
"Ukraine","Odessa","ЧП Старс-Транс","Estimated routing"
"Ukraine","Odessa","Югтранс","Estimated routing"
"Ukraine","Odessa","Югтранс Старстранс","Estimated routing"
"Ukraine","Oleksandriia","FlixBus","Timetable routing"
"Ukraine","Oleksandriia","ЧП Мищенко О. А.","Estimated routing"
"Ukraine","Oleksandriia","ЧП Моцный С. К.","Estimated routing"
"Ukraine","Oleksandriia","ЧП Проквас А. В.","Estimated routing"
"Ukraine","Oleksandriia","ЧП Сизов С.А.","Estimated routing"
"Ukraine","Oleksandriia","ЧП Юнак К. Ю.","Estimated routing"
"Ukraine","Perevalskyi raion","КП Алчевскпастранс","Estimated routing"
"Ukraine","Perevalskyi raion","ООО Луганскавтотранс","Estimated routing"
"Ukraine","Perevalskyi raion","ПП Восток-Транс-Алчевск","Estimated routing"
"Ukraine","Perevalskyi raion","ЧП Алчевский рейс","Estimated routing"
"Ukraine","Perevalskyi raion","ЧП Восток-Транс-Алчевск","Estimated routing"
"Ukraine","Poltava","AUTOLUX","Estimated routing"
"Ukraine","Poltava","FlixBus","Timetable routing"
"Ukraine","Poltava","Transit agency (Lozova )","Estimated routing"
"Ukraine","Poltava","АТ Укрзалізниця","Estimated routing"
"Ukraine","Poltava","КП Полтаваэлектроавтотранс","Estimated routing"
"Ukraine","Poltava","ООО АВА - Экспрес","Estimated routing"
"Ukraine","Poltava","ООО Евробус Полтава","Estimated routing"
"Ukraine","Poltava","ООО Кавказ Лайн","Estimated routing"
"Ukraine","Poltava","ООО Люкс Полтава 2009","Estimated routing"
"Ukraine","Poltava","ООО ПОЛТАВА-ЭКО","Estimated routing"
"Ukraine","Poltava","ООО Полтаваавтоинвест","Estimated routing"
"Ukraine","Poltava","ООО ШОРТ","Estimated routing"
"Ukraine","Poltava","П Норд-Ост","Estimated routing"
"Ukraine","Poltava","ЧП Автомир","Estimated routing"
"Ukraine","Poltava","ЧП Волынец Леонид Иванович","Estimated routing"
"Ukraine","Poltava","ЧП Зинченко Станислав Павлович","Estimated routing"
"Ukraine","Poltava","ЧП Зозуля Владимир Иванович","Estimated routing"
"Ukraine","Poltava","ЧП Ичанский Григорий Григорьевич","Estimated routing"
"Ukraine","Poltava","ЧП ЛЮГ","Estimated routing"
"Ukraine","Poltava","ЧП Люкстранс","Estimated routing"
"Ukraine","Poltava","ЧП Норд-Ост","Estimated routing"
"Ukraine","Poltava","ЧП Пивоваров Евгений Анатольевич","Estimated routing"
"Ukraine","Poltava","ЧП Полтавагазсервис","Estimated routing"
"Ukraine","Poltava","ЧП Чаплыгин Евгений Евгеньевич","Estimated routing"
"Ukraine","Poltava","ЧП Чижанська Оксана Григорьевна","Estimated routing"
"Ukraine","Poltava","ЧП Шевчук Юрий Петрович","Estimated routing"
"Ukraine","Rivne","ECOLINES","Estimated routing"
"Ukraine","Rivne","Eurolines SA","Estimated routing"
"Ukraine","Rivne","FlixBus","Timetable routing"
"Ukraine","Rivne","Transit agency (Rovno)","Estimated routing"
"Ukraine","Rivne","КП Ровноэлектроавтотранс","Estimated routing"
"Ukraine","Rivne","ОАО Ровнопасвантажтранс","Estimated routing"
"Ukraine","Rivne","ООО Сагайдачный","Estimated routing"
"Ukraine","Rivne","ООО Ференс и К-Ровно","Estimated routing"
"Ukraine","Rivne","ПАТ Укрзализнiця","Estimated routing"
"Ukraine","Rivne","УкрЗалізниця","Estimated routing"
"Ukraine","Rivne","ЧП Ровенское АТП","Estimated routing"
"Ukraine","Rivne","ЧП Ровно Транс","Estimated routing"
"Ukraine","Rivne","ЧП Саланг","Estimated routing"
"Ukraine","Sevastopol","OОО Севтранстрест","Estimated routing"
"Ukraine","Sevastopol","Transit agency (Bakhchysarai)","Estimated routing"
"Ukraine","Sevastopol","Transit agency (Sevastopol)","Estimated routing"
"Ukraine","Sevastopol","Transit agency (Simferopol)","Estimated routing"
"Ukraine","Sevastopol","АО Бахчисарайское АТП-14340","Estimated routing"
"Ukraine","Sevastopol","АО ТК Гранд Сервис Экспресс","Estimated routing"
"Ukraine","Sevastopol","ГУП Севэлектроавтотранс (троллейбусное депо № 1)","Estimated routing"
"Ukraine","Sevastopol","ГУП Севэлектроавтотранс (троллейбусное депо № 2)","Estimated routing"
"Ukraine","Sevastopol","ГУП Севэлектроавтотранс (троллейбусные депо № 1 № 2)","Estimated routing"
"Ukraine","Sevastopol","ГУП Севэлектроавтотранс им. А.С. Круподёрова","Estimated routing"
"Ukraine","Sevastopol","ГУП Севэлектроавтотранс им. А.С. Круподёрова","Estimated routing"
"Ukraine","Sevastopol","ГУП Севэлектроавтотранс им. А.С. Круподёрова ГУП ГС Севастопольский морской порт","Estimated routing"
"Ukraine","Sevastopol","ИП Калинин А.Н.","Estimated routing"
"Ukraine","Sevastopol","ООО «Южная пригородная пассажирская компания»","Estimated routing"
"Ukraine","Sevastopol","ООО Евротранс","Estimated routing"
"Ukraine","Sevastopol","ООО Евротранс ГУП Севэлектроавтотранс","Estimated routing"
"Ukraine","Sevastopol","ООО Зенит-Автотранс","Estimated routing"
"Ukraine","Sevastopol","ООО Калинин","Estimated routing"
"Ukraine","Sevastopol","ООО Магистраль-Юг","Estimated routing"
"Ukraine","Sevastopol","ООО Магистраль-Юг ГУП Севэлектроавтотранс","Estimated routing"
"Ukraine","Sevastopol","ООО Ника-Тур","Estimated routing"
"Ukraine","Sevastopol","ООО Севтранс-Сервис","Estimated routing"
"Ukraine","Sevastopol","ООО Севтранс-Сервис ООО Зенит-Автотранс","Estimated routing"
"Ukraine","Sevastopol","ООО Севтранстрест","Estimated routing"
"Ukraine","Sevastopol","ООО Севтранстрест ГУП Севэлектроавтотранс","Estimated routing"
"Ukraine","Sevastopol","ООО Симферопольская транспортная компания","Estimated routing"
"Ukraine","Sevastopol","ООО Тавртранс","Estimated routing"
"Ukraine","Sevastopol","ООО Фундамент","Estimated routing"
"Ukraine","Sevastopol","ООО ЯТК 14328","Estimated routing"
"Ukraine","Simferopol","Transit agency (Bakhchysarai)","Estimated routing"
"Ukraine","Simferopol","Transit agency (Belogorsk (Krim))","Estimated routing"
"Ukraine","Simferopol","Transit agency (Dzhankoy)","Estimated routing"
"Ukraine","Simferopol","Transit agency (Kerch)","Estimated routing"
"Ukraine","Simferopol","Transit agency (Saky)","Estimated routing"
"Ukraine","Simferopol","Transit agency (Sevastopol)","Estimated routing"
"Ukraine","Simferopol","Transit agency (Simferopol)","Estimated routing"
"Ukraine","Simferopol","Transit agency (Sudak )","Estimated routing"
"Ukraine","Simferopol","Transit agency (Yalta)","Estimated routing"
"Ukraine","Simferopol","Transit agency (Yevpatoria)","Estimated routing"
"Ukraine","Simferopol","АО Бахчисарайское АТП-14340","Estimated routing"
"Ukraine","Simferopol","АО ТК Гранд Сервис Экспресс","Estimated routing"
"Ukraine","Simferopol","АО ТК Гранд Сервис Экспресс (Таврия)","Estimated routing"
"Ukraine","Simferopol","ГУП РК Крымтроллейбус","Estimated routing"
"Ukraine","Simferopol","ИП Абибуллаев А.Ш.","Estimated routing"
"Ukraine","Simferopol","ИП Джемилов Э.И.","Estimated routing"
"Ukraine","Simferopol","ИП Калинин А.Н.","Estimated routing"
"Ukraine","Simferopol","ИП Кочкоров Э.Я.","Estimated routing"
"Ukraine","Simferopol","ИП Литвин А.В.","Estimated routing"
"Ukraine","Simferopol","ИП Османов К.А.","Estimated routing"
"Ukraine","Simferopol","МУП Горавтотранс","Estimated routing"
"Ukraine","Simferopol","ООО «Южная пригородная пассажирская компания»","Estimated routing"
"Ukraine","Simferopol","ООО Автоград ООО Вояж-Крым","Estimated routing"
"Ukraine","Simferopol","ООО Большой мир","Estimated routing"
"Ukraine","Simferopol","ООО Вайт Элефант","Estimated routing"
"Ukraine","Simferopol","ООО Дороги Крыма","Estimated routing"
"Ukraine","Simferopol","ООО Евпатранс","Estimated routing"
"Ukraine","Simferopol","ООО Калинин","Estimated routing"
"Ukraine","Simferopol","ООО КрымАвтоТур","Estimated routing"
"Ukraine","Simferopol","ООО Крымская транспортная компания","Estimated routing"
"Ukraine","Simferopol","ООО Крымские перевозки","Estimated routing"
"Ukraine","Simferopol","ООО Магистраль-Юг","Estimated routing"
"Ukraine","Simferopol","ООО Ника-Тур","Estimated routing"
"Ukraine","Simferopol","ООО ПФ Строймонтаж ООО Крымавтотур","Estimated routing"
"Ukraine","Simferopol","ООО ПФ Строймонтаж ООО СПКП Игрима","Estimated routing"
"Ukraine","Simferopol","ООО Паритет","Estimated routing"
"Ukraine","Simferopol","ООО Пассажирские перевозки","Estimated routing"
"Ukraine","Simferopol","ООО СПКП Игрима","Estimated routing"
"Ukraine","Simferopol","ООО Симтранссервис","Estimated routing"
"Ukraine","Simferopol","ООО Симферопольская транспортная компания","Estimated routing"
"Ukraine","Simferopol","ООО ТК Ирина","Estimated routing"
"Ukraine","Simferopol","ООО Таврида-Сервис-Плюс","Estimated routing"
"Ukraine","Simferopol","ООО Тавридасервис","Estimated routing"
"Ukraine","Simferopol","ООО Тавртранс","Estimated routing"
"Ukraine","Simferopol","ООО Трасса","Estimated routing"
"Ukraine","Simferopol","ООО УСВ Транс","Estimated routing"
"Ukraine","Simferopol","ООО Фундамент","Estimated routing"
"Ukraine","Simferopol","ФЛП Карнишаускайте И.В.","Estimated routing"
"Ukraine","Simferopol","ФЛП Якубов Л.И.","Estimated routing"
"Ukraine","Slovianskyi raion","Transit agency (Druzhkivka)","Estimated routing"
"Ukraine","Slovianskyi raion","КП Славянское троллейбусное управление","Estimated routing"
"Ukraine","Slovianskyi raion","МП Фортуна","Estimated routing"
"Ukraine","Slovianskyi raion","ПП Пассажир","Estimated routing"
"Ukraine","Slovianskyi raion","ПП Слав-Транс","Estimated routing"
"Ukraine","Slovianskyi raion","ФОП Сергієнко О. П.","Estimated routing"
"Ukraine","Slovianskyi raion","ФОП Ситник В. С.","Estimated routing"
"Ukraine","Slovianskyi raion","ФОП Яцура С. В.","Estimated routing"
"Ukraine","Sumy","КП Электроавтотранс","Estimated routing"
"Ukraine","Sumy","ООО АТП 1054","Estimated routing"
"Ukraine","Sumy","ООО Престиж лайн","Estimated routing"
"Ukraine","Sumy","ООО Сумыпастранс","Estimated routing"
"Ukraine","Sumy","ПП Компол","Estimated routing"
"Ukraine","Sumy","ПП Согор","Estimated routing"
"Ukraine","Sumy","ТОВ АТП 1054","Estimated routing"
"Ukraine","Sumy","ФОП Олійник Андрій Григорович","Estimated routing"
"Ukraine","Sumy","ЧП Запорожец","Estimated routing"
"Ukraine","Sumy","ЧП Масюк Т.О.","Estimated routing"
"Ukraine","Sumy","ЧП Олейник А.Г.","Estimated routing"
"Ukraine","Sumy","ЧП Согор","Estimated routing"
"Ukraine","Ternopil","FlixBus","Timetable routing"
"Ukraine","Ternopil","SIA LATLINES","Estimated routing"
"Ukraine","Ternopil","АТ Укрзалізниця","Estimated routing"
"Ukraine","Ternopil","КП Міськавтранс","Estimated routing"
"Ukraine","Ternopil","КП ТернопільЕлектроТранс","Estimated routing"
"Ukraine","Ternopil","ПАТ Тернопільське АТП 16127","Estimated routing"
"Ukraine","Ternopil","ПП Тернвояж","Estimated routing"
"Ukraine","Ternopil","ТОВ АТК Еталон","Estimated routing"
"Ukraine","Ternopil","ТОВ Менс Авто","Estimated routing"
"Ukraine","Ternopil","ТОВ Назар Транс","Estimated routing"
"Ukraine","Ternopil","ФОП Лагіш Юрій Ігорович","Estimated routing"
"Ukraine","Uzhhorodskyi raion","FlixBus","Timetable routing"
"Ukraine","Uzhhorodskyi raion","Transit agency (Uzhgorod)","Estimated routing"
"Ukraine","Uzhhorodskyi raion","ПАТ Ужгородське АТП 12107","Estimated routing"
"Ukraine","Uzhhorodskyi raion","ПАТ Ужгородське АТП-12107","Estimated routing"
"Ukraine","Uzhhorodskyi raion","ПП Дору Михайло Іванович","Estimated routing"
"Ukraine","Uzhhorodskyi raion","ПП Магей Юрій Михайлович","Estimated routing"
"Ukraine","Uzhhorodskyi raion","ПП Фетько Володимир Іванович","Estimated routing"
"Ukraine","Uzhhorodskyi raion","ПП Шік-Транс","Estimated routing"
"Ukraine","Uzhhorodskyi raion","ТОВ Паннонія Авто-Центр","Estimated routing"
"Ukraine","Uzhhorodskyi raion","ТОВ Транс-Уж","Estimated routing"
"Ukraine","Uzhhorodskyi raion","ФОП Симкович Михайло Юрійович","Estimated routing"
"Ukraine","Vinnytsia","FlixBus","Timetable routing"
"Ukraine","Vinnytsia","SIA LATLINES","Estimated routing"
"Ukraine","Vinnytsia","Transit agency (Vinnytsia)","Estimated routing"
"Ukraine","Vinnytsia","АТ Укрзалiзниця","Estimated routing"
"Ukraine","Vinnytsia","АТ Укрзалізниця","Estimated routing"
"Ukraine","Vinnytsia","КП Винницкая транспортная компания","Estimated routing"
"Ukraine","Vinnytsia","КП Винницкое трамвайно-троллейбусное управление","Estimated routing"
"Ukraine","Vinnytsia","ООО Сириус","Estimated routing"
"Ukraine","Vinnytsia","ПАТ Укрзализнiця","Estimated routing"
"Ukraine","Yevpatoriia","Transit agency (Kerch)","Estimated routing"
"Ukraine","Yevpatoriia","Transit agency (Saky)","Estimated routing"
"Ukraine","Yevpatoriia","Transit agency (Sevastopol)","Estimated routing"
"Ukraine","Yevpatoriia","Transit agency (Simferopol)","Estimated routing"
"Ukraine","Yevpatoriia","Transit agency (Yalta)","Estimated routing"
"Ukraine","Yevpatoriia","Transit agency (Yevpatoria)","Estimated routing"
"Ukraine","Yevpatoriia","ИП Джемилов И.Э.","Estimated routing"
"Ukraine","Yevpatoriia","ИП Джемилов Э.И.","Estimated routing"
"Ukraine","Yevpatoriia","МУП Трамвайное управление им. И.А. Пятецкого","Estimated routing"
"Ukraine","Yevpatoriia","ООО «Южная пригородная пассажирская компания»","Estimated routing"
"Ukraine","Yevpatoriia","ООО АТП-2008","Estimated routing"
"Ukraine","Yevpatoriia","ООО Евпатранс","Estimated routing"
"Ukraine","Yevpatoriia","ООО Магистраль-Юг","Estimated routing"
"Ukraine","Yevpatoriia","ООО ТК Ирина","Estimated routing"
"Ukraine","Yevpatoriia","ООО Трасса","Estimated routing"
"Ukraine","Zaporizhia","-","Estimated routing"
"Ukraine","Zaporizhia","AUTOLUX","Estimated routing"
"Ukraine","Zaporizhia","Transit agency (Zaporozhye)","Estimated routing"
"Ukraine","Zaporizhia","АТП 12329","Estimated routing"
"Ukraine","Zaporizhia","ГП Администрация речных портов","Estimated routing"
"Ukraine","Zaporizhia","ЗАО Профтакси","Estimated routing"
"Ukraine","Zaporizhia","КП ЗапорожЭлектроТранс","Estimated routing"
"Ukraine","Zaporizhia","КП Запорожэлектортранс","Estimated routing"
"Ukraine","Zaporizhia","КП Запорожэлектротранс","Estimated routing"
"Ukraine","Zaporizhia","КП СМР ЕлектроАвтоТранс","Estimated routing"
"Ukraine","Zaporizhia","КПГЭТ Запорожэлектротранс","Estimated routing"
"Ukraine","Zaporizhia","ОАО Автопарк","Estimated routing"
"Ukraine","Zaporizhia","ОАО ЗАТП 12329","Estimated routing"
"Ukraine","Zaporizhia","ООО Автопространство Запорожье","Estimated routing"
"Ukraine","Zaporizhia","ООО Автостандарт","Estimated routing"
"Ukraine","Zaporizhia","ООО Автоэкспресс-Днепр","Estimated routing"
"Ukraine","Zaporizhia","ООО Альфа-Транс","Estimated routing"
"Ukraine","Zaporizhia","ООО Альянс-Авто","Estimated routing"
"Ukraine","Zaporizhia","ООО Альянс-авто","Estimated routing"
"Ukraine","Zaporizhia","ООО Запорожградтранс","Estimated routing"
"Ukraine","Zaporizhia","ООО Запорожские автомобильные линии","Estimated routing"
"Ukraine","Zaporizhia","ООО Мотор-класс","Estimated routing"
"Ukraine","Zaporizhia","ООО Правектар","Estimated routing"
"Ukraine","Zaporizhia","ООО Пригородные сообщения","Estimated routing"
"Ukraine","Zaporizhia","ООО Сич Альянс Групп","Estimated routing"
"Ukraine","Zaporizhia","ООО ТК Гранд-Авто ОАО ЗАТП 12329","Estimated routing"
"Ukraine","Zaporizhia","ООО Транспортная компания Спринт Авто","Estimated routing"
"Ukraine","Zaporizhia","ООО Транспортная компания Спринт-Авто","Estimated routing"
"Ukraine","Zaporizhia","ООО Транспортная компанияСпринт-Авто","Estimated routing"
"Ukraine","Zaporizhia","ООО Тревел-Авто","Estimated routing"
"Ukraine","Zaporizhia","ООО Феникс-Авто","Estimated routing"
"Ukraine","Zaporizhia","ООО Юнитранс Авто","Estimated routing"
"Ukraine","Zaporizhia","Перевозчик города Запорожье","Estimated routing"
"Ukraine","Zaporizhia","Приднiпровска залiзнiця","Estimated routing"
"Ukraine","Zaporizhia","УкрЗалізниця","Estimated routing"
"Ukraine","Zaporizhia","ЧП Микитенко Николай Александрович","Estimated routing"
"Ukraine","Zhytomyr","ECOLINES","Estimated routing"
"Ukraine","Zhytomyr","Eurolines SA","Estimated routing"
"Ukraine","Zhytomyr","FlixBus","Timetable routing"
"Ukraine","Zhytomyr","Transit agency (Zhytomyr)","Estimated routing"
"Ukraine","Zhytomyr","КП Житомирское ТТУ","Estimated routing"
"Ukraine","Zhytomyr","КП Житомирское трамвайно-троллейбусное управление (ЖТТУ)","Estimated routing"
"Ukraine","Zhytomyr","ОАО Житомирськое АТП 11827","Estimated routing"
"Ukraine","Zhytomyr","ООО Легион-авто","Estimated routing"
"Ukraine","Zhytomyr","ООО Сириус","Estimated routing"
"Ukraine","Zhytomyr","ПАТ Укрзализнiця","Estimated routing"
"Ukraine","Zhytomyr","Трамвайно-троллейбусное управление","Estimated routing"
"Ukraine","Zhytomyr","ФЛП Бабкин Игорь Викторович","Estimated routing"
"Ukraine","Zhytomyr","ФЛП Бабкин Максим Олегович","Estimated routing"
"Ukraine","Zhytomyr","ФЛП Голота Наталья Борисовна","Estimated routing"
"Ukraine","Zhytomyr","ФЛП Грищук Геннадий Иванович","Estimated routing"
"Ukraine","Zhytomyr","ФЛП Добровинський Олег Викторович","Estimated routing"
"Ukraine","Zhytomyr","ФЛП Крутий Юрий Ярославович","Estimated routing"
"Ukraine","Zhytomyr","ФЛП Куят Василий Гарикович","Estimated routing"
"Ukraine","Zhytomyr","ФЛП Лось Анатолий Владимирович","Estimated routing"
"Ukraine","Zhytomyr","ФЛП Савицкая Алина Аркадьевна","Estimated routing"
"Ukraine","Zhytomyr","ЧП Иваницька Т.В.","Estimated routing"
"Ukraine","Zhytomyr","ЧП ПАТП - 2007","Estimated routing"
"Ukraine","Zhytomyr","ЧП Шерифф","Estimated routing"
"United States","Akron","Cuyahoga Valley Scenic Railroad","Estimated routing"
"United States","Akron","METRO","Realtime routing"
"United States","Akron","Portage Area Regional Transit Authority (PARTA)","Estimated routing"
"United States","Alexandria","Amtrak","Timetable routing"
"United States","Alexandria","DASH","Timetable routing"
"United States","Alexandria","Fairfax Connector","Timetable routing"
"United States","Alexandria","Virginia Railway Express","Timetable routing"
"United States","Alexandria","WMATA","Realtime routing"
"United States","Allentown","LANTA","Timetable routing"
"United States","Allentown","Trans-Bridge Lines","Timetable routing"
"United States","Anaheim","ART","Timetable routing"
"United States","Anaheim","Amtrak","Timetable routing"
"United States","Anaheim","Amtrak Chartered Vehicle","Timetable routing"
"United States","Anaheim","Metro - Los Angeles","Timetable routing"
"United States","Anaheim","Metrolink Trains","Realtime routing"
"United States","Anaheim","Orange County Transportation Authority","Realtime routing"
"United States","Anaheim","Riverside Transit Agency","Timetable routing"
"United States","Ann Arbor","AAATA","Timetable routing"
"United States","Ann Arbor","Amtrak","Timetable routing"
"United States","Ann Arbor","Amtrak Chartered Vehicle","Timetable routing"
"United States","Ann Arbor","Detroit Ann Arbor Express","Timetable routing"
"United States","Ann Arbor","Michigan Flyer","Timetable routing"
"United States","Ann Arbor","University of Michigan Transportation Services","Timetable routing"
"United States","Arlington","Arlington Transit","Realtime routing"
"United States","Arlington","DASH","Timetable routing"
"United States","Arlington","Fairfax Connector","Timetable routing"
"United States","Arlington","Loudoun County Transit","Estimated routing"
"United States","Arlington","OMNIRIDE","Timetable routing"
"United States","Arlington","Trinity Metro","Timetable routing"
"United States","Arlington","Virginia Railway Express","Timetable routing"
"United States","Arlington","WMATA","Realtime routing"
"United States","Asheville","Asheville Rides Transit","Timetable routing"
"United States","Athens","Athens Public Transit","Timetable routing"
"United States","Atlanta","Amtrak","Timetable routing"
"United States","Atlanta","Atlantic Station Shuttle","Estimated routing"
"United States","Atlanta","CobbLinc","Timetable routing"
"United States","Atlanta","Emory's Cliff Shuttles","Estimated routing"
"United States","Atlanta","Metropolitan Atlanta Rapid Transit Authority","Realtime routing"
"United States","Atlanta","Xpress","Timetable routing"
"United States","Aurora","Metra","Realtime routing"
"United States","Aurora","PACE","Timetable routing"
"United States","Aurora","Regional Transportation District","Realtime routing"
"United States","Baltimore","Amtrak","Timetable routing"
"United States","Baltimore","Charm City Circulator (Baltimore City)","Timetable routing"
"United States","Baltimore","Harbor Connector","Timetable routing"
"United States","Baltimore","Harbor Trolley","Timetable routing"
"United States","Baltimore","MARC","Timetable routing"
"United States","Baltimore","Maryland Transit Administration","Realtime routing"
"United States","Baltimore","Peter Pan Bus Lines","Timetable routing"
"United States","Bellevue","Metro Transit","Realtime routing"
"United States","Bellevue","Sound Transit","Realtime routing"
"United States","Berkeley","AC TRANSIT","Realtime routing"
"United States","Berkeley","Amtrak","Timetable routing"
"United States","Berkeley","BART","Realtime routing"
"United States","Berkeley","Capitol Corridor Joint Powers Authority","Timetable routing"
"United States","Berkeley","Emery Go-Round","Timetable routing"
"United States","Berkeley","University of California Berkeley","Estimated routing"
"United States","Billings","City of Billings MET Transit","Realtime routing"
"United States","Billings","Express Arrow","Timetable routing"
"United States","Blacksburg","Blacksburg Transit","Timetable routing"
"United States","Blacksburg","Radford Transit","Timetable routing"
"United States","Blacksburg","Valley Metro Roanoke","Realtime routing"
"United States","Bloomington","Bloomington Transit","Timetable routing"
"United States","Boise","Boise State","Timetable routing"
"United States","Boise","Valley Regional Transit","Realtime routing"
"United States","Boston","Amtrak","Timetable routing"
"United States","Boston","Bay State Cruise Company","Timetable routing"
"United States","Boston","Bloom Bus","Estimated routing"
"United States","Boston","Boston Express","Estimated routing"
"United States","Boston","Boston Harbor Cruises","Estimated routing"
"United States","Boston","Boston Harbor Islands Ferries (operated by Boston's Best Cruises)","Estimated routing"
"United States","Boston","Brockton Area Transit Authority","Timetable routing"
"United States","Boston","C&J","Timetable routing"
"United States","Boston","Cape Cod Regional Transit Authority","Realtime routing"
"United States","Boston","Concord Coach Lines","Timetable routing"
"United States","Boston","DATTCO","Estimated routing"
"United States","Boston","Logan Express","Timetable routing"
"United States","Boston","MBTA","Realtime routing"
"United States","Boston","Massport","Timetable routing"
"United States","Boston","Megabus","Estimated routing"
"United States","Boston","National Park Service","Timetable routing"
"United States","Boston","Peter Pan Bonanza Division","Timetable routing"
"United States","Boston","Peter Pan Bus Lines","Timetable routing"
"United States","Boston","Plymouth & Brockton Street Railway Co.","Timetable routing"
"United States","Boston","Salem Ferry","Estimated routing"
"United States","Boston","Yankee Line","Timetable routing"
"United States","Boulder","Boulder County","Realtime routing"
"United States","Boulder","City of Boulder","Realtime routing"
"United States","Boulder","Regional Transportation District","Realtime routing"
"United States","Boulder","Transfort","Timetable routing"
"United States","Boulder","University of Colorado Boulder","Timetable routing"
"United States","Bradenton","Breeze Transit","Realtime routing"
"United States","Bradenton","Manatee County Area Transit","Timetable routing"
"United States","Buffalo","Amtrak","Timetable routing"
"United States","Buffalo","NFTA","Timetable routing"
"United States","Buffalo","NFTA - Metro","Timetable routing"
"United States","Buffalo","VIA Rail","Timetable routing"
"United States","Burbank","Amtrak","Timetable routing"
"United States","Burbank","Amtrak Chartered Vehicle","Timetable routing"
"United States","Burbank","Burbank Bus","Timetable routing"
"United States","Burbank","Glendale Beeline","Timetable routing"
"United States","Burbank","LADOT","Timetable routing"
"United States","Burbank","Metro - Los Angeles","Timetable routing"
"United States","Burbank","Metrolink Trains","Realtime routing"
"United States","Burbank","Santa Clarita Transit","Realtime routing"
"United States","Butler","Butler Transit Authority","Estimated routing"
"United States","Butler","Myers Coach Lines","Estimated routing"
"United States","Cambridge","128 Business Council","Estimated routing"
"United States","Cambridge","MBTA","Realtime routing"
"United States","Carlsbad","North County Transit District","Realtime routing"
"United States","Carrollton","DALLAS AREA RAPID TRANSIT","Timetable routing"
"United States","Carrollton","Denton County Transportation Authority","Realtime routing"
"United States","Cary","Amtrak","Timetable routing"
"United States","Cary","GoCary","Timetable routing"
"United States","Cary","GoTriangle","Timetable routing"
"United States","Cedar Rapids","Cedar Rapids Transit","Timetable routing"
"United States","Cedar Rapids","CorridorRides","Timetable routing"
"United States","Centennial","Regional Transportation District","Realtime routing"
"United States","Champaign","Amtrak","Timetable routing"
"United States","Champaign","Champaign Urbana Mass Transit District","Timetable routing"
"United States","Champaign","Danville Mass Transit","Timetable routing"
"United States","Charleston","Amtrak","Timetable routing"
"United States","Charleston","Barons I-Ride-79","Estimated routing"
"United States","Charleston","Charleston Area Regional Transportation Authority","Timetable routing"
"United States","Charleston","Kanawha Valley Regional Transportation Authority","Estimated routing"
"United States","Charleston","National Park Service","Timetable routing"
"United States","Charleston","TriCounty Link","Timetable routing"
"United States","Charleston","TriRiver Transit","Estimated routing"
"United States","Charlotte","Amtrak","Timetable routing"
"United States","Charlotte","CATS","Timetable routing"
"United States","Charlotte","Concord Kannapolis Area Transit","Realtime routing"
"United States","Charlottesville","Amtrak","Timetable routing"
"United States","Charlottesville","Amtrak Chartered Vehicle","Timetable routing"
"United States","Charlottesville","Charlottesville Area Transit","Timetable routing"
"United States","Chicago","Amtrak","Timetable routing"
"United States","Chicago","Chicago Airport System","Estimated routing"
"United States","Chicago","Chicago Transit Authority","Timetable routing"
"United States","Chicago","Chicago Water Taxi","Timetable routing"
"United States","Chicago","Metra","Realtime routing"
"United States","Chicago","Northern Indiana Commuter Transportation District","Timetable routing"
"United States","Chicago","PACE","Timetable routing"
"United States","Chicago","Shoreline Sightseeing","Estimated routing"
"United States","Chicago","Valparaiso Transit","Timetable routing"
"United States","Chicago","Van Galder (Coach USA)","Timetable routing"
"United States","Chicago","Wisconsin Coach Lines","Timetable routing"
"United States","Chula Vista","MTS","Realtime routing"
"United States","Cincinnati","Amtrak","Timetable routing"
"United States","Cincinnati","BCRTA","Timetable routing"
"United States","Cincinnati","METRO","Realtime routing"
"United States","Cincinnati","Transit Authority of Northern Kentucky","Realtime routing"
"United States","Clarksville","Clarksville Transit System","Timetable routing"
"United States","Clarksville","WeGo Public Transit","Realtime routing"
"United States","Clearwater","Pinellas Suncoast Transit Authority","Timetable routing"
"United States","Clemson","Amtrak","Timetable routing"
"United States","Clemson","Clemson Area Transit","Estimated routing"
"United States","Cleveland","Amtrak","Timetable routing"
"United States","Cleveland","Greater Cleveland Regional Transit Authority","Realtime routing"
"United States","Cleveland","Laketran","Timetable routing"
"United States","Cleveland","METRO","Realtime routing"
"United States","Cleveland","Portage Area Regional Transit Authority (PARTA)","Estimated routing"
"United States","Columbus","Central Ohio Transit Authority","Realtime routing"
"United States","Columbus","Delaware County Transit","Estimated routing"
"United States","Columbus","METRA","Timetable routing"
"United States","Concord","BART","Realtime routing"
"United States","Concord","County Connection","Realtime routing"
"United States","Concord","SolTrans","Realtime routing"
"United States","Concord","Tri Delta Transit","Realtime routing"
"United States","Coral Springs","Broward County Transit","Realtime routing"
"United States","Costa Mesa","Orange County Transportation Authority","Realtime routing"
"United States","Daly City","BART","Realtime routing"
"United States","Daly City","Commute.org Shuttles","Timetable routing"
"United States","Daly City","SamTrans","Realtime routing"
"United States","Daly City","San Francisco Municipal Transportation Agency","Realtime routing"
"United States","Dayton","Greater Dayton RTA","Timetable routing"
"United States","Des Moines","Des Moines Area Regional Transit Authority","Realtime routing"
"United States","Detroit","Amtrak","Timetable routing"
"United States","Detroit","Amtrak Chartered Vehicle","Timetable routing"
"United States","Detroit","Detroit Ann Arbor Express","Timetable routing"
"United States","Detroit","Detroit Department of Transportation","Timetable routing"
"United States","Detroit","Detroit People Mover","Realtime routing"
"United States","Detroit","Michigan Flyer","Timetable routing"
"United States","Detroit","Qline Detroit","Timetable routing"
"United States","Detroit","SMART","Timetable routing"
"United States","Downey","Long Beach Transit","Realtime routing"
"United States","Downey","Metro - Los Angeles","Timetable routing"
"United States","Durham","Amtrak","Timetable routing"
"United States","Durham","Duke Transit","Timetable routing"
"United States","Durham","GoDurham","Realtime routing"
"United States","Durham","GoTriangle","Timetable routing"
"United States","Eau Claire","Coach Usa","Timetable routing"
"United States","Eau Claire","Eau Claire Transit","Timetable routing"
"United States","El Monte","Foothill Transit","Timetable routing"
"United States","El Monte","Metro - Los Angeles","Timetable routing"
"United States","El Monte","Metrolink Trains","Realtime routing"
"United States","El Monte","Norwalk Transit System","Realtime routing"
"United States","Elgin","Metra","Realtime routing"
"United States","Elgin","PACE","Timetable routing"
"United States","Elizabeth","NJ TRANSIT BUS","Timetable routing"
"United States","Elizabeth","NJ TRANSIT RAIL","Timetable routing"
"United States","Elizabeth","Newark Airport Express","Timetable routing"
"United States","Elizabeth","Port Authority of NY & NJ","Estimated routing"
"United States","Elizabeth","Trans-Bridge Lines","Timetable routing"
"United States","Elk Grove","Amtrak Chartered Vehicle","Timetable routing"
"United States","Elk Grove","SacRT (Elk Grove)","Realtime routing"
"United States","Elk Grove","Sacramento Regional Transit","Realtime routing"
"United States","Elk Grove","South County Transit Link","Timetable routing"
"United States","Elkhart","Amtrak","Timetable routing"
"United States","Elkhart","Interurban Trolley (MACOG)","Timetable routing"
"United States","Escondido","MTS","Realtime routing"
"United States","Escondido","North County Transit District","Realtime routing"
"United States","Eugene","Amtrak","Timetable routing"
"United States","Eugene","Diamond Express","Timetable routing"
"United States","Eugene","LTD","Realtime routing"
"United States","Eugene","Link Lane","Timetable routing"
"United States","Eugene","Oregon POINT","Timetable routing"
"United States","Eugene","Pacific Crest Bus Lines","Timetable routing"
"United States","Eugene","South Lane Wheels","Estimated routing"
"United States","Eureka","Amtrak Chartered Vehicle","Timetable routing"
"United States","Eureka","Eureka Transit System","Timetable routing"
"United States","Eureka","North State Express: 101","Timetable routing"
"United States","Eureka","Redwood Coast Transit","Timetable routing"
"United States","Eureka","Redwood Transit System","Timetable routing"
"United States","Eureka","Southern Humboldt Line","Timetable routing"
"United States","Evansville","METS","Timetable routing"
"United States","Evansville","Ride Solution/WATS","Timetable routing"
"United States","Everett","Amtrak","Realtime routing"
"United States","Everett","Amtrak Chartered Vehicle","Timetable routing"
"United States","Everett","Community Transit","Realtime routing"
"United States","Everett","Everett Transit","Realtime routing"
"United States","Everett","Island Transit","Timetable routing"
"United States","Everett","Skagit Transit","Timetable routing"
"United States","Everett","Sound Transit","Realtime routing"
"United States","Fairbanks","RM_Fairbanks","Estimated routing"
"United States","Fairfield","Amtrak","Timetable routing"
"United States","Fairfield","Capitol Corridor Joint Powers Authority","Timetable routing"
"United States","Fairfield","FAST","Realtime routing"
"United States","Fairfield","Rio Vista Delta Breeze","Timetable routing"
"United States","Fairfield","SolTrans","Realtime routing"
"United States","Fairfield","VINE Transit","Realtime routing"
"United States","Fontana","Metrolink Trains","Realtime routing"
"United States","Fontana","OMNITRANS","Timetable routing"
"United States","Fontana","Riverside Transit Agency","Timetable routing"
"United States","Fontana","Victor Valley Transit Authority","Realtime routing"
"United States","Fort Collins","Colorado Department of Transportation","Realtime routing"
"United States","Fort Collins","Greeley-Evans Transit","Timetable routing"
"United States","Fort Collins","Groome Transportation","Estimated routing"
"United States","Fort Collins","Transfort","Timetable routing"
"United States","Fort Lauderdale","Amtrak","Timetable routing"
"United States","Fort Lauderdale","Brightline","Timetable routing"
"United States","Fort Lauderdale","Broward County Transit","Realtime routing"
"United States","Fort Lauderdale","Tri-Rail","Realtime routing"
"United States","Fort Wayne","Citilink","Timetable routing"
"United States","Fresno","Amtrak Chartered Vehicle","Timetable routing"
"United States","Fresno","Fresno Area Express","Realtime routing"
"United States","Fresno","Fresno County Rural Transit Agency","Timetable routing"
"United States","Fresno","Kings Area Rural Transit","Realtime routing"
"United States","Fresno","VISALIA TRANSIT","Timetable routing"
"United States","Fresno","Yosemite Area Regional Transportation System","Timetable routing"
"United States","Fullerton","Amtrak","Timetable routing"
"United States","Fullerton","Amtrak Chartered Vehicle","Timetable routing"
"United States","Fullerton","Metro - Los Angeles","Timetable routing"
"United States","Fullerton","Metrolink Trains","Realtime routing"
"United States","Fullerton","Orange County Transportation Authority","Realtime routing"
"United States","Garden Grove","ART","Timetable routing"
"United States","Garden Grove","Orange County Transportation Authority","Realtime routing"
"United States","Garland","DALLAS AREA RAPID TRANSIT","Timetable routing"
"United States","Glendale","Amtrak","Timetable routing"
"United States","Glendale","Amtrak Chartered Vehicle","Timetable routing"
"United States","Glendale","Glendale Beeline","Timetable routing"
"United States","Glendale","LADOT","Timetable routing"
"United States","Glendale","Metro - Los Angeles","Timetable routing"
"United States","Glendale","Metrolink Trains","Realtime routing"
"United States","Glendale","Valley Metro","Realtime routing"
"United States","Goshen","Interurban Trolley (MACOG)","Timetable routing"
"United States","Grand Forks","Amtrak","Timetable routing"
"United States","Grand Forks","Cities Area Transit","Realtime routing"
"United States","Grand Rapids","Amtrak","Timetable routing"
"United States","Grand Rapids","The Rapid","Realtime routing"
"United States","Harrisburg","Amtrak","Timetable routing"
"United States","Harrisburg","Capital Area Transit","Timetable routing"
"United States","Harrisburg","Lebanon","Timetable routing"
"United States","Harrisburg","rabbittransit","Timetable routing"
"United States","Hartford","Amtrak","Timetable routing"
"United States","Hartford","CTTransit- Hartford","Realtime routing"
"United States","Hartford","CTtransit","Realtime routing"
"United States","Hartford","Megabus","Estimated routing"
"United States","Hartford","Peter Pan Bus Lines","Timetable routing"
"United States","Hialeah","Miami-Dade Transit","Timetable routing"
"United States","Hialeah","Tri-Rail","Realtime routing"
"United States","High Point","Amtrak","Timetable routing"
"United States","High Point","High Point Transit System","Estimated routing"
"United States","High Point","Piedmont Authority for Regional Transportation","Timetable routing"
"United States","Hollywood","Amtrak","Timetable routing"
"United States","Hollywood","Broward County Transit","Realtime routing"
"United States","Hollywood","Hollywood","Estimated routing"
"United States","Hollywood","Tri-Rail","Realtime routing"
"United States","Huntington Beach","Orange County Transportation Authority","Realtime routing"
"United States","Inglewood","GTrans","Timetable routing"
"United States","Inglewood","I-Line Shuttle","Timetable routing"
"United States","Inglewood","LA Go Bus","Timetable routing"
"United States","Inglewood","Metro - Los Angeles","Timetable routing"
"United States","Inglewood","TORRANCE TRANSIT SYSTEM","Timetable routing"
"United States","Irving","DALLAS AREA RAPID TRANSIT","Timetable routing"
"United States","Jersey City","Academy Bus","Timetable routing"
"United States","Jersey City","NJ TRANSIT BUS","Timetable routing"
"United States","Jersey City","NJ TRANSIT RAIL","Timetable routing"
"United States","Jersey City","NY Waterway","Timetable routing"
"United States","Jersey City","National Park Service","Timetable routing"
"United States","Jersey City","Port Authority Trans-Hudson Corporation","Timetable routing"
"United States","Jersey City","Seastreak","Timetable routing"
"United States","Kalamazoo","Amtrak","Timetable routing"
"United States","Kalamazoo","Kalamazoo","Realtime routing"
"United States","Kent","Metro Transit","Realtime routing"
"United States","Kent","Sound Transit","Realtime routing"
"United States","Knoxville","Knoxville Area Transit","Realtime routing"
"United States","La Crosse","Amtrak","Timetable routing"
"United States","La Crosse","Municipal Transit Utility","Timetable routing"
"United States","Lafayette","Amtrak","Timetable routing"
"United States","Lafayette","CityBus","Timetable routing"
"United States","Lakewood","Bustang Outrider","Timetable routing"
"United States","Lakewood","Colorado Department of Transportation","Realtime routing"
"United States","Lakewood","Regional Transportation District","Realtime routing"
"United States","Lansing","Capital Area Transportation Authority","Timetable routing"
"United States","Lincoln","Amtrak","Timetable routing"
"United States","Lincoln","Express Arrow","Timetable routing"
"United States","Lincoln","StarTran","Timetable routing"
"United States","Little Rock","Amtrak","Timetable routing"
"United States","Little Rock","Central Arkansas Transit Authority","Estimated routing"
"United States","Little Rock","RRMETRO","Timetable routing"
"United States","Long Beach","LADOT","Timetable routing"
"United States","Long Beach","LAX","Estimated routing"
"United States","Long Beach","Long Beach Transit","Realtime routing"
"United States","Long Beach","Metro - Los Angeles","Timetable routing"
"United States","Long Beach","Orange County Transportation Authority","Realtime routing"
"United States","Long Beach","TORRANCE TRANSIT SYSTEM","Timetable routing"
"United States","Los Angeles","AVTA","Timetable routing"
"United States","Los Angeles","Alhambra Community Transit","Timetable routing"
"United States","Los Angeles","Amtrak","Timetable routing"
"United States","Los Angeles","Amtrak Chartered Vehicle","Timetable routing"
"United States","Los Angeles","Beach Cities Transit","Realtime routing"
"United States","Los Angeles","Big Blue Bus","Realtime routing"
"United States","Los Angeles","Burbank Bus","Timetable routing"
"United States","Los Angeles","City Of Commerce Transit","Realtime routing"
"United States","Los Angeles","City of West Hollywood","Timetable routing"
"United States","Los Angeles","Culver CityBus","Timetable routing"
"United States","Los Angeles","Foothill Transit","Timetable routing"
"United States","Los Angeles","GTrans","Timetable routing"
"United States","Los Angeles","LA Go Bus","Timetable routing"
"United States","Los Angeles","LADOT","Timetable routing"
"United States","Los Angeles","LAX","Estimated routing"
"United States","Los Angeles","Long Beach Transit","Realtime routing"
"United States","Los Angeles","Metro - Los Angeles","Timetable routing"
"United States","Los Angeles","Metrolink Trains","Realtime routing"
"United States","Los Angeles","Palos Verdes Peninsula Transit Authority","Timetable routing"
"United States","Los Angeles","Pasadena Transit","Realtime routing"
"United States","Los Angeles","Santa Clarita Transit","Realtime routing"
"United States","Los Angeles","Simi Valley Transit","Realtime routing"
"United States","Los Angeles","Spirit Bus","Timetable routing"
"United States","Los Angeles","TORRANCE TRANSIT SYSTEM","Timetable routing"
"United States","Los Angeles","VCTC Intercity","Realtime routing"
"United States","Lowell","Lowell Regional Transit Authority","Timetable routing"
"United States","Lowell","MBTA","Realtime routing"
"United States","Lowell","Merrimack Valley Transit","Timetable routing"
"United States","Lynchburg","Amtrak","Timetable routing"
"United States","Lynchburg","Greater Lynchburg Transit Co.","Timetable routing"
"United States","Madison","Metro Transit-City of Madison","Realtime routing"
"United States","Madison","Van Galder (Coach USA)","Timetable routing"
"United States","McAllen","Metro McAllen","Timetable routing"
"United States","McAllen","South Texas College","Timetable routing"
"United States","Miami","Brightline","Timetable routing"
"United States","Miami","Broward County Transit","Realtime routing"
"United States","Miami","City of Coral Gables","Estimated routing"
"United States","Miami","City of Miami","Estimated routing"
"United States","Miami","Miami-Dade Transit","Timetable routing"
"United States","Miami","Tri-Rail","Realtime routing"
"United States","Miami Gardens","Broward County Transit","Realtime routing"
"United States","Miami Gardens","Miami-Dade Transit","Timetable routing"
"United States","Milwaukee","Amtrak","Timetable routing"
"United States","Milwaukee","Coach Usa","Timetable routing"
"United States","Milwaukee","Milwaukee County Transit System","Timetable routing"
"United States","Milwaukee","Milwaukee Downtown, BID 21","Estimated routing"
"United States","Milwaukee","The Hop","Timetable routing"
"United States","Milwaukee","Waukesha Metro","Realtime routing"
"United States","Milwaukee","Wisconsin Coach Lines","Timetable routing"
"United States","Minneapolis","MVTA","Realtime routing"
"United States","Minneapolis","Maple Grove","Realtime routing"
"United States","Minneapolis","Met Council","Realtime routing"
"United States","Minneapolis","Metro Transit","Realtime routing"
"United States","Minneapolis","Plymouth","Realtime routing"
"United States","Minneapolis","SouthWest Transit","Realtime routing"
"United States","Minneapolis","University of Minnesota","Realtime routing"
"United States","Missoula","Missoula Urban Transportation District","Timetable routing"
"United States","Missoula","UDASH - University of Montana","Timetable routing"
"United States","Modesto","The S","Realtime routing"
"United States","Modesto","eTrans","Realtime routing"
"United States","Moorhead","FARGO","Timetable routing"
"United States","New Haven","Amtrak","Timetable routing"
"United States","New Haven","CTTransit- New Haven","Realtime routing"
"United States","New Haven","CTtransit","Realtime routing"
"United States","New Haven","MARC","Timetable routing"
"United States","New Haven","Metro-North Railroad","Realtime routing"
"United States","New Haven","Peter Pan Bonanza Division","Timetable routing"
"United States","New Haven","Peter Pan Bus Lines","Timetable routing"
"United States","New Haven","Shore Line East","Timetable routing"
"United States","New York","Academy Bus","Timetable routing"
"United States","New York","Amtrak","Timetable routing"
"United States","New York","Bee-Line Bus","Realtime routing"
"United States","New York","C&J","Timetable routing"
"United States","New York","Community Coach","Timetable routing"
"United States","New York","Downtown Alliance","Timetable routing"
"United States","New York","Lakeland Bus Lines Inc.","Timetable routing"
"United States","New York","Long Island Rail Road","Realtime routing"
"United States","New York","MTA Bus Company","Realtime routing"
"United States","New York","MTA New York City Transit","Realtime routing"
"United States","New York","Megabus","Estimated routing"
"United States","New York","Metro-North Railroad","Realtime routing"
"United States","New York","NJ TRANSIT BUS","Timetable routing"
"United States","New York","NJ TRANSIT RAIL","Timetable routing"
"United States","New York","NY Waterway","Timetable routing"
"United States","New York","Nassau Inter-County Express","Timetable routing"
"United States","New York","National Park Service","Timetable routing"
"United States","New York","New England Fast Ferry","Estimated routing"
"United States","New York","New York City Department of Transportation","Timetable routing"
"United States","New York","New York Water Taxi","Estimated routing"
"United States","New York","Newark Airport Express","Timetable routing"
"United States","New York","Peter Pan Bonanza Division","Timetable routing"
"United States","New York","Peter Pan Bus Lines","Timetable routing"
"United States","New York","Port Authority Trans-Hudson Corporation","Timetable routing"
"United States","New York","Port Authority of NY & NJ","Estimated routing"
"United States","New York","Rockland Coaches","Timetable routing"
"United States","New York","Seastreak","Timetable routing"
"United States","New York","ShortLine Hudson","Timetable routing"
"United States","New York","Suburban Transit","Timetable routing"
"United States","New York","The Roosevelt Island Operating Corporation of the State of New York","Estimated routing"
"United States","New York","Trans-Bridge Lines","Timetable routing"
"United States","New York","VIA Rail","Timetable routing"
"United States","Newark","Amtrak","Timetable routing"
"United States","Newark","NJ TRANSIT BUS","Timetable routing"
"United States","Newark","NJ TRANSIT RAIL","Timetable routing"
"United States","Newark","Newark Airport Express","Timetable routing"
"United States","Newark","Peter Pan Bus Lines","Timetable routing"
"United States","Newark","Port Authority Trans-Hudson Corporation","Timetable routing"
"United States","Newark","Port Authority of NY & NJ","Estimated routing"
"United States","Norwalk","Cerritos on Wheels","Estimated routing"
"United States","Norwalk","Long Beach Transit","Realtime routing"
"United States","Norwalk","Metro - Los Angeles","Timetable routing"
"United States","Norwalk","Metrolink Trains","Realtime routing"
"United States","Norwalk","Norwalk Transit System","Realtime routing"
"United States","Oakland","AC TRANSIT","Realtime routing"
"United States","Oakland","Amtrak","Timetable routing"
"United States","Oakland","Amtrak Chartered Vehicle","Timetable routing"
"United States","Oakland","BART","Realtime routing"
"United States","Oakland","Capitol Corridor Joint Powers Authority","Timetable routing"
"United States","Oakland","Emery Express","Timetable routing"
"United States","Oakland","Emery Go-Round","Timetable routing"
"United States","Oakland","San Francisco Bay Ferry","Realtime routing"
"United States","Oakland","University of California Berkeley","Estimated routing"
"United States","Oceanside","Amtrak","Timetable routing"
"United States","Oceanside","Amtrak Chartered Vehicle","Timetable routing"
"United States","Oceanside","Metrolink Trains","Realtime routing"
"United States","Oceanside","North County Transit District","Realtime routing"
"United States","Oceanside","St George Shuttle","Estimated routing"
"United States","Omaha","Amtrak","Timetable routing"
"United States","Omaha","Express Arrow","Timetable routing"
"United States","Omaha","Omaha Metro Transit","Realtime routing"
"United States","Ontario","Amtrak","Timetable routing"
"United States","Ontario","Amtrak Chartered Vehicle","Timetable routing"
"United States","Ontario","Metrolink Trains","Realtime routing"
"United States","Ontario","OMNITRANS","Timetable routing"
"United States","Ontario","Riverside Transit Agency","Timetable routing"
"United States","Orange","ART","Timetable routing"
"United States","Orange","Metrolink Trains","Realtime routing"
"United States","Orange","Orange County Transportation Authority","Realtime routing"
"United States","Orange","Riverside Transit Agency","Timetable routing"
"United States","Orange","St George Shuttle","Estimated routing"
"United States","Oshkosh","GO Transit (City of Oshkosh)","Timetable routing"
"United States","Oxnard","Alvand Transportation","Timetable routing"
"United States","Oxnard","Amtrak","Timetable routing"
"United States","Oxnard","Gold Coast Transit District","Realtime routing"
"United States","Oxnard","Metrolink Trains","Realtime routing"
"United States","Oxnard","VCTC Intercity","Realtime routing"
"United States","Panama City","Bayway","Timetable routing"
"United States","Pasadena","Amtrak Chartered Vehicle","Timetable routing"
"United States","Pasadena","Foothill Transit","Timetable routing"
"United States","Pasadena","Glendale Beeline","Timetable routing"
"United States","Pasadena","LADOT","Timetable routing"
"United States","Pasadena","Metro - Los Angeles","Timetable routing"
"United States","Pasadena","Pasadena Transit","Realtime routing"
"United States","Paterson","NJ TRANSIT BUS","Timetable routing"
"United States","Paterson","NJ TRANSIT RAIL","Timetable routing"
"United States","Pembroke Pines","Broward County Transit","Realtime routing"
"United States","Philadelphia","Amtrak","Timetable routing"
"United States","Philadelphia","NJ TRANSIT BUS","Timetable routing"
"United States","Philadelphia","NJ TRANSIT RAIL","Timetable routing"
"United States","Philadelphia","Peter Pan Bus Lines","Timetable routing"
"United States","Philadelphia","Port Authority Transit Corporation","Timetable routing"
"United States","Philadelphia","SEPTA","Realtime routing"
"United States","Pittsburgh","Amtrak","Timetable routing"
"United States","Pittsburgh","BCTA","Timetable routing"
"United States","Pittsburgh","Butler Transit Authority","Estimated routing"
"United States","Pittsburgh","Freedom Transit","Timetable routing"
"United States","Pittsburgh","Mid Mon Valley Transit","Timetable routing"
"United States","Pittsburgh","Mountain Line Transit Authority","Timetable routing"
"United States","Pittsburgh","Myers Coach Lines","Estimated routing"
"United States","Pittsburgh","Pittsburgh Regional Transit","Realtime routing"
"United States","Pittsburgh","Westmoreland Transit","Timetable routing"
"United States","Pittsfield","Amtrak","Timetable routing"
"United States","Pittsfield","Berkshire Regional Transit Authority","Timetable routing"
"United States","Pittsfield","Peter Pan Bonanza Division","Timetable routing"
"United States","Plano","DALLAS AREA RAPID TRANSIT","Timetable routing"
"United States","Pocatello","Pocatello Regional Transit","Timetable routing"
"United States","Pomona","Amtrak","Timetable routing"
"United States","Pomona","Foothill Transit","Timetable routing"
"United States","Pomona","Metro - Los Angeles","Timetable routing"
"United States","Pomona","Metrolink Trains","Realtime routing"
"United States","Pomona","OMNITRANS","Timetable routing"
"United States","Pompano Beach","Broward County Transit","Realtime routing"
"United States","Pompano Beach","Tri-Rail","Realtime routing"
"United States","Portland","Amtrak","Timetable routing"
"United States","Portland","C-TRAN","Timetable routing"
"United States","Portland","Central Oregon Breeze","Timetable routing"
"United States","Portland","Columbia Area Transit","Timetable routing"
"United States","Portland","Columbia County Rider","Timetable routing"
"United States","Portland","Groome Transportation","Timetable routing"
"United States","Portland","Multnomah County Transit","Timetable routing"
"United States","Portland","Oregon POINT","Timetable routing"
"United States","Portland","Pacific Crest Bus Lines","Timetable routing"
"United States","Portland","Portland Aerial Tram","Realtime routing"
"United States","Portland","Portland Streetcar","Realtime routing"
"United States","Portland","Tillamook County Transportation District","Timetable routing"
"United States","Portland","TriMet","Realtime routing"
"United States","Portland","Washington Park","Timetable routing"
"United States","Portsmouth","C&J","Timetable routing"
"United States","Portsmouth","Cooperative Alliance for Seacoast Transportation","Timetable routing"
"United States","Portsmouth","Hampton Roads Transit (HRT)","Realtime routing"
"United States","Portsmouth","Wildcat Transit","Timetable routing"
"United States","Providence","Amtrak","Timetable routing"
"United States","Providence","Amtrak Chartered Vehicle","Timetable routing"
"United States","Providence","MBTA","Realtime routing"
"United States","Providence","Peter Pan Bonanza Division","Timetable routing"
"United States","Providence","Rhode Island Public Transit Authority","Realtime routing"
"United States","Providence","Seastreak","Timetable routing"
"United States","Pueblo","Bustang Outrider","Timetable routing"
"United States","Pueblo","Pueblo Transit","Timetable routing"
"United States","Raleigh","Amtrak","Timetable routing"
"United States","Raleigh","GoCary","Timetable routing"
"United States","Raleigh","GoDurham","Realtime routing"
"United States","Raleigh","GoRaleigh","Timetable routing"
"United States","Raleigh","GoTriangle","Timetable routing"
"United States","Raleigh","NC State University","Timetable routing"
"United States","Rancho Cucamonga","Metrolink Trains","Realtime routing"
"United States","Rancho Cucamonga","OMNITRANS","Timetable routing"
"United States","Redwood City","Caltrain","Realtime routing"
"United States","Redwood City","Commute.org Shuttles","Timetable routing"
"United States","Redwood City","SamTrans","Realtime routing"
"United States","Redwood City","Stanford Marguerite Shuttle","Timetable routing"
"United States","Renton","Metro Transit","Realtime routing"
"United States","Renton","Sound Transit","Realtime routing"
"United States","Richardson","DALLAS AREA RAPID TRANSIT","Timetable routing"
"United States","Richmond","AC TRANSIT","Realtime routing"
"United States","Richmond","Amtrak","Timetable routing"
"United States","Richmond","Amtrak Chartered Vehicle","Timetable routing"
"United States","Richmond","BART","Realtime routing"
"United States","Richmond","Capitol Corridor Joint Powers Authority","Timetable routing"
"United States","Richmond","GRTC","Timetable routing"
"United States","Richmond","Golden Gate Transit","Realtime routing"
"United States","Richmond","San Francisco Bay Ferry","Realtime routing"
"United States","Richmond","University of California Berkeley","Estimated routing"
"United States","Richmond","WestCat (Western Contra Costa)","Realtime routing"
"United States","Riverside","Amtrak","Timetable routing"
"United States","Riverside","Amtrak Chartered Vehicle","Timetable routing"
"United States","Riverside","Metrolink Trains","Realtime routing"
"United States","Riverside","OMNITRANS","Timetable routing"
"United States","Riverside","Riverside Transit Agency","Timetable routing"
"United States","Riverside","St George Shuttle","Estimated routing"
"United States","Rochester","Amtrak","Timetable routing"
"United States","Rochester","Regional Transit Service (RTS)","Timetable routing"
"United States","Rochester","VIA Rail","Timetable routing"
"United States","Rock Island","DAVENPORT CITIBUS","Timetable routing"
"United States","Rock Island","MetroLINK","Timetable routing"
"United States","Rockford","Rockford Mass Transit District","Timetable routing"
"United States","Roseville","Amtrak","Timetable routing"
"United States","Roseville","Amtrak Chartered Vehicle","Timetable routing"
"United States","Roseville","Capitol Corridor Joint Powers Authority","Timetable routing"
"United States","Roseville","Placer County Transit","Realtime routing"
"United States","Roseville","Roseville Transit","Timetable routing"
"United States","Roseville","Sacramento Regional Transit","Realtime routing"
"United States","Sacramento","Amtrak","Timetable routing"
"United States","Sacramento","Amtrak Chartered Vehicle","Timetable routing"
"United States","Sacramento","Capitol Corridor Joint Powers Authority","Timetable routing"
"United States","Sacramento","El Dorado Transit","Timetable routing"
"United States","Sacramento","Placer County Transit","Realtime routing"
"United States","Sacramento","Roseville Transit","Timetable routing"
"United States","Sacramento","SacRT (Elk Grove)","Realtime routing"
"United States","Sacramento","Sacramento Regional Transit","Realtime routing"
"United States","Sacramento","San Joaquin Regional Transit District (RTD)","Timetable routing"
"United States","Sacramento","South County Transit Link","Timetable routing"
"United States","Sacramento","Yolo County Transportation District","Timetable routing"
"United States","Sacramento","Yuba-Sutter Transit","Timetable routing"
"United States","Salem","Amtrak","Timetable routing"
"United States","Salem","Cherriots","Timetable routing"
"United States","Salem","Groome Transportation","Timetable routing"
"United States","Salem","Oregon POINT","Timetable routing"
"United States","Salem","Pacific Crest Bus Lines","Timetable routing"
"United States","Salem","SMART","Realtime routing"
"United States","Salem","Yamhill County Transit Area","Realtime routing"
"United States","Salinas","Amtrak","Timetable routing"
"United States","Salinas","Amtrak Chartered Vehicle","Timetable routing"
"United States","Salinas","Monterey-Salinas Transit","Realtime routing"
"United States","San Bernardino","Amtrak","Timetable routing"
"United States","San Bernardino","Amtrak Chartered Vehicle","Timetable routing"
"United States","San Bernardino","Beaumont Transit","Timetable routing"
"United States","San Bernardino","Metrolink Trains","Realtime routing"
"United States","San Bernardino","Mountain Transit","Timetable routing"
"United States","San Bernardino","OMNITRANS","Timetable routing"
"United States","San Bernardino","Riverside Transit Agency","Timetable routing"
"United States","San Bernardino","SunLine Transit Agency","Timetable routing"
"United States","San Bernardino","Victor Valley Transit Authority","Realtime routing"
"United States","San Francisco","AC TRANSIT","Realtime routing"
"United States","San Francisco","Amtrak Chartered Vehicle","Timetable routing"
"United States","San Francisco","BART","Realtime routing"
"United States","San Francisco","Caltrain","Realtime routing"
"United States","San Francisco","Capitol Corridor Joint Powers Authority","Timetable routing"
"United States","San Francisco","Commute.org Shuttles","Timetable routing"
"United States","San Francisco","Golden Gate Ferry","Timetable routing"
"United States","San Francisco","Golden Gate Transit","Realtime routing"
"United States","San Francisco","Mission Bay TMA","Timetable routing"
"United States","San Francisco","Presidio Go","Timetable routing"
"United States","San Francisco","SamTrans","Realtime routing"
"United States","San Francisco","San Francisco Bay Ferry","Realtime routing"
"United States","San Francisco","San Francisco Municipal Transportation Agency","Realtime routing"
"United States","San Francisco","San Francisco Recreation and Parks","Timetable routing"
"United States","San Francisco","SolTrans","Realtime routing"
"United States","San Francisco","Treasure Island Ferry","Timetable routing"
"United States","San Francisco","WestCat (Western Contra Costa)","Realtime routing"
"United States","San Luis Obispo","Amtrak","Timetable routing"
"United States","San Luis Obispo","Amtrak Chartered Vehicle","Timetable routing"
"United States","San Luis Obispo","City of San Luis Obispo Transit","Timetable routing"
"United States","San Luis Obispo","RTA - SCT - Paso","Realtime routing"
"United States","San Mateo","Caltrain","Realtime routing"
"United States","San Mateo","Commute.org Shuttles","Timetable routing"
"United States","San Mateo","SamTrans","Realtime routing"
"United States","Santa Ana","Amtrak","Timetable routing"
"United States","Santa Ana","Amtrak Chartered Vehicle","Timetable routing"
"United States","Santa Ana","Metrolink Trains","Realtime routing"
"United States","Santa Ana","Orange County Transportation Authority","Realtime routing"
"United States","Santa Clara","Altamont Corridor Express","Timetable routing"
"United States","Santa Clara","Amtrak","Timetable routing"
"United States","Santa Clara","Caltrain","Realtime routing"
"United States","Santa Clara","Capitol Corridor Joint Powers Authority","Timetable routing"
"United States","Santa Clara","VTA","Realtime routing"
"United States","Santa Clarita","AVTA","Timetable routing"
"United States","Santa Clarita","Amtrak Chartered Vehicle","Timetable routing"
"United States","Santa Clarita","LA Go Bus","Timetable routing"
"United States","Santa Clarita","Metrolink Trains","Realtime routing"
"United States","Santa Clarita","Santa Clarita Transit","Realtime routing"
"United States","Santa Rosa","Amtrak Chartered Vehicle","Timetable routing"
"United States","Santa Rosa","Golden Gate Transit","Realtime routing"
"United States","Santa Rosa","Mendocino Transit Authority","Timetable routing"
"United States","Santa Rosa","SANTAROSA","Realtime routing"
"United States","Santa Rosa","Sonoma County Transit","Realtime routing"
"United States","Santa Rosa","Sonoma Marin Area Rail Transit","Timetable routing"
"United States","Sarasota","Breeze Transit","Realtime routing"
"United States","Sarasota","Manatee County Area Transit","Timetable routing"
"United States","Seattle","Amtrak","Realtime routing"
"United States","Seattle","Amtrak Chartered Vehicle","Timetable routing"
"United States","Seattle","City of Seattle","Realtime routing"
"United States","Seattle","Community Transit","Realtime routing"
"United States","Seattle","Metro Transit","Realtime routing"
"United States","Seattle","OlympicBuslines","Estimated routing"
"United States","Seattle","Seattle Center Monorail","Timetable routing"
"United States","Seattle","Seattle Children's Hospital","Timetable routing"
"United States","Seattle","Sound Transit","Realtime routing"
"United States","Seattle","Washington State Ferries","Realtime routing"
"United States","South Daytona","Votran","Realtime routing"
"United States","South Gate","Get Around Town Express","Timetable routing"
"United States","South Gate","LA Go Bus","Timetable routing"
"United States","South Gate","Metro - Los Angeles","Timetable routing"
"United States","Spokane","Amtrak","Timetable routing"
"United States","Spokane","Special Mobility Services","Timetable routing"
"United States","Spokane","Spokane Transit Authority","Realtime routing"
"United States","Springfield","Amtrak","Timetable routing"
"United States","Springfield","City Utilities of Springfield","Timetable routing"
"United States","Springfield","Executive Transportation","Timetable routing"
"United States","Springfield","Peter Pan Bonanza Division","Timetable routing"
"United States","Springfield","Peter Pan Bus Lines","Timetable routing"
"United States","Springfield","Pioneer Valley Transit Authority","Timetable routing"
"United States","Springfield","SMTD","Timetable routing"
"United States","St. Louis","Amtrak","Timetable routing"
"United States","St. Louis","Executive Transportation","Timetable routing"
"United States","St. Louis","MADISONCOUNTY","Timetable routing"
"United States","St. Louis","Metro St. Louis","Realtime routing"
"United States","St. Paul","Amtrak","Timetable routing"
"United States","St. Paul","Coach Usa","Timetable routing"
"United States","St. Paul","MVTA","Realtime routing"
"United States","St. Paul","Met Council","Realtime routing"
"United States","St. Paul","Metro Transit","Realtime routing"
"United States","St. Paul","University of Minnesota","Realtime routing"
"United States","State College","CATA","Realtime routing"
"United States","Sterling Heights","SMART","Timetable routing"
"United States","Stockton","Altamont Corridor Express","Timetable routing"
"United States","Stockton","Amtrak Chartered Vehicle","Timetable routing"
"United States","Stockton","San Joaquin Regional Transit District (RTD)","Timetable routing"
"United States","Stockton","The S","Realtime routing"
"United States","Sunnyvale","Caltrain","Realtime routing"
"United States","Sunnyvale","VTA","Realtime routing"
"United States","Syracuse","Amtrak","Timetable routing"
"United States","Syracuse","Centro","Timetable routing"
"United States","Syracuse","VIA Rail","Timetable routing"
"United States","Tacoma","Amtrak","Timetable routing"
"United States","Tacoma","Metro Transit","Realtime routing"
"United States","Tacoma","Pierce Transit","Realtime routing"
"United States","Tacoma","Sound Transit","Realtime routing"
"United States","Tacoma","Washington State Ferries","Realtime routing"
"United States","Tempe","Stagecoach Express","Timetable routing"
"United States","Tempe","Valley Metro","Realtime routing"
"United States","Terre Haute","Terre Haute Transit","Timetable routing"
"United States","Toledo","Amtrak","Timetable routing"
"United States","Toledo","Amtrak Chartered Vehicle","Timetable routing"
"United States","Toledo","Toledo Area Regional Transit Authority","Timetable routing"
"United States","Topeka","Amtrak","Timetable routing"
"United States","Topeka","Topeka Metro","Estimated routing"
"United States","Torrance","Beach Cities Transit","Realtime routing"
"United States","Torrance","GTrans","Timetable routing"
"United States","Torrance","LADOT","Timetable routing"
"United States","Torrance","Metro - Los Angeles","Timetable routing"
"United States","Torrance","Palos Verdes Peninsula Transit Authority","Timetable routing"
"United States","Torrance","TORRANCE TRANSIT SYSTEM","Timetable routing"
"United States","Vallejo","Amtrak Chartered Vehicle","Timetable routing"
"United States","Vallejo","San Francisco Bay Ferry","Realtime routing"
"United States","Vallejo","SolTrans","Realtime routing"
"United States","Vallejo","VINE Transit","Realtime routing"
"United States","Vancouver","Amtrak","Timetable routing"
"United States","Vancouver","C-TRAN","Timetable routing"
"United States","Vancouver","Skamania County Transit","Timetable routing"
"United States","Ventura","Alvand Transportation","Timetable routing"
"United States","Ventura","Amtrak","Timetable routing"
"United States","Ventura","Gold Coast Transit District","Realtime routing"
"United States","Ventura","Metrolink Trains","Realtime routing"
"United States","Ventura","VCTC Intercity","Realtime routing"
"United States","Victorville","Amtrak","Timetable routing"
"United States","Victorville","St George Shuttle","Estimated routing"
"United States","Victorville","Victor Valley Transit Authority","Realtime routing"
"United States","Visalia","Kings Area Rural Transit","Realtime routing"
"United States","Visalia","National Park Service","Timetable routing"
"United States","Visalia","Tulare County Regional Transit Agency","Timetable routing"
"United States","Visalia","VISALIA TRANSIT","Timetable routing"
"United States","Visalia","Visalia Transit","Realtime routing"
"United States","Warren","Detroit Department of Transportation","Timetable routing"
"United States","Warren","SMART","Timetable routing"
"United States","Washington, D.C.","Amtrak","Timetable routing"
"United States","Washington, D.C.","Fairfax Connector","Timetable routing"
"United States","Washington, D.C.","Loudoun County Transit","Estimated routing"
"United States","Washington, D.C.","MARC","Timetable routing"
"United States","Washington, D.C.","Maryland Transit Administration","Realtime routing"
"United States","Washington, D.C.","Montgomery County MD Ride On","Timetable routing"
"United States","Washington, D.C.","OMNIRIDE","Timetable routing"
"United States","Washington, D.C.","Peter Pan Bus Lines","Timetable routing"
"United States","Washington, D.C.","TheBus","Timetable routing"
"United States","Washington, D.C.","Virginia Railway Express","Timetable routing"
"United States","Washington, D.C.","WMATA","Realtime routing"
"United States","Waterbury","CTTransit - New Britain","Realtime routing"
"United States","Waterbury","CTTransit - Waterbury","Realtime routing"
"United States","Waterbury","CTTransit- Hartford","Realtime routing"
"United States","Waterbury","CTTransit- New Haven","Realtime routing"
"United States","Waterbury","CTtransit","Realtime routing"
"United States","Waterbury","Metro-North Railroad","Realtime routing"
"United States","Wenatchee","Amtrak","Timetable routing"
"United States","Wenatchee","LINK","Timetable routing"
"United States","Wenatchee","People for People","Timetable routing"
"United States","West Covina","Foothill Transit","Timetable routing"
"United States","West Covina","LA Go Bus","Timetable routing"
"United States","West Valley City","Utah Transit Authority","Timetable routing"
"United States","Worcester","Amtrak","Timetable routing"
"United States","Worcester","Amtrak Chartered Vehicle","Timetable routing"
"United States","Worcester","MBTA","Realtime routing"
"United States","Worcester","Montachusett Regional Transit Authority","Timetable routing"
"United States","Worcester","Peter Pan Bonanza Division","Timetable routing"
"United States","Worcester","Peter Pan Bus Lines","Timetable routing"
"United States","Worcester","Pioneer Valley Transit Authority","Timetable routing"
"United States","Worcester","WRTA","Timetable routing"
"United States","Yakima","People for People","Timetable routing"
"United States","Yakima","Selah Transit","Timetable routing"
"United States","Yakima","Yakima Transit","Timetable routing"
"United States","Yonkers","Amtrak","Timetable routing"
"United States","Yonkers","Bee-Line Bus","Realtime routing"
"United States","Yonkers","MTA Bus Company","Realtime routing"
"United States","Yonkers","Metro-North Railroad","Realtime routing"
"United States","Yonkers","NY Waterway","Timetable routing"
"United States","Yonkers","VIA Rail","Timetable routing"
"Uzbekistan","Tashkent","2-Автопарк","Estimated routing"
"Uzbekistan","Tashkent","Adbumalik Trans Servis","Estimated routing"
"Uzbekistan","Tashkent","OOO 18-avtobus saroyi","Estimated routing"
"Uzbekistan","Tashkent","Toshshahartransxizmat","Estimated routing"
"Uzbekistan","Tashkent","Transit agency (Tashkent)","Estimated routing"
"Uzbekistan","Tashkent","www.tshtx.uz","Estimated routing"
"Uzbekistan","Tashkent","АО Toshshahartransxizmat","Estimated routing"
"Uzbekistan","Tashkent","АО Узжелдорпасс","Estimated routing"
"Uzbekistan","Tashkent","Автобусный парк №2","Estimated routing"
"Uzbekistan","Tashkent","Автобусный парк №7","Estimated routing"
"Uzbekistan","Tashkent","Автопарк 5","Estimated routing"
"Uzbekistan","Tashkent","Автопарк 8","Estimated routing"
"Uzbekistan","Tashkent","Автопарк № 1","Estimated routing"
"Uzbekistan","Tashkent","Автопарк № 18","Estimated routing"
"Uzbekistan","Tashkent","Автопарк № 2","Estimated routing"
"Uzbekistan","Tashkent","Автопарк № 7","Estimated routing"
"Uzbekistan","Tashkent","Автопарк №1","Estimated routing"
"Uzbekistan","Tashkent","Автопарк №10","Estimated routing"
"Uzbekistan","Tashkent","Автопарк №12","Estimated routing"
"Uzbekistan","Tashkent","Автопарк №18","Estimated routing"
"Uzbekistan","Tashkent","Автопарк №2","Estimated routing"
"Uzbekistan","Tashkent","Автопарк №3","Estimated routing"
"Uzbekistan","Tashkent","Автопарк №4","Estimated routing"
"Uzbekistan","Tashkent","Автопарк №5","Estimated routing"
"Uzbekistan","Tashkent","Автопарк №7","Estimated routing"
"Uzbekistan","Tashkent","Автопарк №8","Estimated routing"
"Uzbekistan","Tashkent","Автопарк-2","Estimated routing"
"Uzbekistan","Tashkent","ГАЖК Узбекистон Темир Йуллари","Estimated routing"
"Uzbekistan","Tashkent","ООО 8-avtobus saroyi","Estimated routing"
"Uzbekistan","Tashkent","ООО O ninchi avtosaroy","Estimated routing"
"Uzbekistan","Tashkent","ООО Автобусный парк №18","Estimated routing"
"Uzbekistan","Tashkent","Перевозчик города Ташкент","Estimated routing"
"Uzbekistan","Tashkent","РАФ","Estimated routing"
"Uzbekistan","Tashkent","Ташкентский метрополитен","Estimated routing"
"Uzbekistan","Tashkent","Таштранс","Estimated routing"
"Uzbekistan","Tashkent","Частные перевозки","Estimated routing"
"Uzbekistan","Tashkent","Чукурсай Транс Сервис","Estimated routing"
"Wales","Cardiff","Adventure Travel","Realtime routing"
"Wales","Cardiff","Cardiff Bus","Realtime routing"
"Wales","Cardiff","Connect2","Realtime routing"
"Wales","Cardiff","CrossCountry","Realtime routing"
"Wales","Cardiff","Edwards Coaches","Realtime routing"
"Wales","Cardiff","First South & West Wales","Realtime routing"
"Wales","Cardiff","FlixBus","Realtime routing"
"Wales","Cardiff","GWR","Realtime routing"
"Wales","Cardiff","Mid Wales Travel","Realtime routing"
"Wales","Cardiff","National Express","Realtime routing"
"Wales","Cardiff","Newport Bus","Realtime routing"
"Wales","Cardiff","Stagecoach South Wales","Realtime routing"
"Wales","Cardiff","Transport for Wales","Realtime routing"
"Wales","Newport","Adventure Travel","Realtime routing"
"Wales","Newport","Cardiff Bus","Realtime routing"
"Wales","Newport","Connect2","Realtime routing"
"Wales","Newport","CrossCountry","Realtime routing"
"Wales","Newport","First Bristol, Bath & the West","Realtime routing"
"Wales","Newport","FlixBus","Realtime routing"
"Wales","Newport","GWR","Realtime routing"
"Wales","Newport","Harris Coaches","Realtime routing"
"Wales","Newport","National Express","Realtime routing"
"Wales","Newport","Newport Bus","Realtime routing"
"Wales","Newport","Phil Anslow Travel","Realtime routing"
"Wales","Newport","Stagecoach South Wales","Realtime routing"
"Wales","Newport","Transport for Wales","Realtime routing"
"Wales","Swansea","Adventure Travel","Realtime routing"
"Wales","Swansea","DANSA","Realtime routing"
"Wales","Swansea","First South & West Wales","Realtime routing"
"Wales","Swansea","FlixBus","Realtime routing"
"Wales","Swansea","GWR","Realtime routing"
"Wales","Swansea","National Express","Realtime routing"
"Wales","Swansea","South Wales Transport","Realtime routing"
"Wales","Swansea","Transport for Wales","Realtime routing"
